epoch,eval/knn_probe_accuracy,eval/linear_probe_top1_epoch,eval/linear_probe_top1_step,eval/linear_probe_top5_epoch,eval/linear_probe_top5_step,fit/inv_loss_epoch,fit/inv_loss_step,fit/loss_epoch,fit/loss_step,fit/reg_loss_epoch,fit/reg_loss_step,step,train/linear_probe_loss_epoch,train/linear_probe_loss_step
0,,,,,,,0.23101846873760223,,3.6823582649230957,,69.25,49,,4.605995178222656
0,,,,,,,0.3088797926902771,,2.91843581199646,,52.5,99,,4.497047424316406
0,,,,,,,0.40009456872940063,,2.16719913482666,,35.75,149,,4.427217483520508
,,,0.03594470024108887,,0.16846561431884766,,,,,,,0,,
,,,0.0260416679084301,,0.10507246106863022,,,,,,,1,,
,,,0.035300206393003464,,0.15880952775478363,,,,,,,2,,
,,,0.06158234179019928,,0.15985308587551117,,,,,,,3,,
,,,0.04095744714140892,,0.2154255211353302,,,,,,,4,,
,,,0.011648745276033878,,0.15992510318756104,,,,,,,5,,
,,,0.06736842542886734,,0.17315790057182312,,,,,,,6,,
,,,0.046315792948007584,,0.20105263590812683,,,,,,,7,,
,,,0.031578950583934784,,0.1840425431728363,,,,,,,8,,
,,,0.07336956262588501,,0.19706961512565613,,,,,,,9,,
,,,0.05638297647237778,,0.19308510422706604,,,,,,,10,,
,,,0.04336917772889137,,0.19347825646400452,,,,,,,11,,
,,,0.0668671727180481,,0.15486541390419006,,,,,,,12,,
,,,0.06304347515106201,,0.1698502004146576,,,,,,,13,,
,,,0.0442105270922184,,0.16720429062843323,,,,,,,14,,
,,,0.060996562242507935,,0.19243985414505005,,,,,,,15,,
,,,0.02812499925494194,,0.1596774160861969,,,,,,,16,,
,,,0.062056735157966614,,0.2086288332939148,,,,,,,17,,
,,,0.028260869905352592,,0.2003663182258606,,,,,,,18,,
,,,0.04226803779602051,,0.1785714328289032,,,,,,,19,,
,,,0.039855070412158966,,0.16745129227638245,,,,,,,20,,
,,,0.03977663069963455,,0.17163120210170746,,,,,,,21,,
,,,0.04027777910232544,,0.15698924660682678,,,,,,,22,,
,,,0.04625850170850754,,0.18605440855026245,,,,,,,23,,
,,,0.054385967552661896,,0.2178947478532791,,,,,,,24,,
,,,0.027835050597786903,,0.19017544388771057,,,,,,,25,,
,,,0.04635416716337204,,0.15263158082962036,,,,,,,26,,
,,,0.0833333358168602,,0.19551971554756165,,,,,,,27,,
,,,0.04999999701976776,,0.17554347217082977,,,,,,,28,,
,,,0.06197916716337204,,0.17413194477558136,,,,,,,29,,
,,,0.03506944328546524,,0.17010869085788727,,,,,,,30,,
,,,0.04265233129262924,,0.19304031133651733,,,,,,,31,,
,,,0.04273049533367157,,0.1533181369304657,,,,,,,32,,
,,,0.044329896569252014,,0.15057043731212616,,,,,,,33,,
,,,0.04574467986822128,,0.20000000298023224,,,,,,,34,,
,,,0.0556737557053566,,0.17518115043640137,,,,,,,35,,
,,,0.04202127456665039,,0.20923912525177002,,,,,,,36,,
,,,0.058245617896318436,,0.21084094047546387,,,,,,,37,,
,,,0.03526315838098526,,0.15124113857746124,,,,,,,38,,
,,,0.0,,0.2666666805744171,,,,,,,39,,
0,0.05739999935030937,0.0471000000834465,,0.17949999868869781,,,,,,,,194,,
0,,,,,,0.3348363935947418,,2.981353282928467,,53.265384674072266,,194,4.5302910804748535,
1,,,,,,,0.483770489692688,,1.756456971168518,,25.9375,199,,4.36640739440918
1,,,,,,,0.5540812015533447,,1.5390725135803223,,20.25,249,,4.324289321899414
1,,,,,,,0.5702877640724182,,1.4060311317443848,,17.28125,299,,4.368825912475586
1,,,,,,,0.595791220664978,,1.2871930599212646,,14.421875,349,,4.226285934448242
,,,0.0796099305152893,,0.24727512896060944,,,,,,,40,,
,,,0.07164948433637619,,0.1973084956407547,,,,,,,41,,
,,,0.07717391848564148,,0.2435714304447174,,,,,,,42,,
,,,0.0605158731341362,,0.22383485734462738,,,,,,,43,,
,,,0.05931713432073593,,0.24840426445007324,,,,,,,44,,
,,,0.07105263322591782,,0.24054308235645294,,,,,,,45,,
,,,0.07903779298067093,,0.2582706809043884,,,,,,,46,,
,,,0.08900343626737595,,0.25543859601020813,,,,,,,47,,
,,,0.052577316761016846,,0.21276596188545227,,,,,,,48,,
,,,0.07340425252914429,,0.23836997151374817,,,,,,,49,,
,,,0.07982203364372253,,0.21664133667945862,,,,,,,50,,
,,,0.0503472238779068,,0.2246376872062683,,,,,,,51,,
,,,0.06627393513917923,,0.2610248327255249,,,,,,,52,,
,,,0.06868132203817368,,0.26760298013687134,,,,,,,53,,
,,,0.07951389253139496,,0.2680235505104065,,,,,,,54,,
,,,0.060374148190021515,,0.27749139070510864,,,,,,,55,,
,,,0.05657830461859703,,0.2091141939163208,,,,,,,56,,
,,,0.0709049254655838,,0.1905437409877777,,,,,,,57,,
,,,0.07222222536802292,,0.22271063923835754,,,,,,,58,,
,,,0.068204365670681,,0.25136056542396545,,,,,,,59,,
,,,0.0662963017821312,,0.25294914841651917,,,,,,,60,,
,,,0.07456597685813904,,0.20852330327033997,,,,,,,61,,
,,,0.0824652761220932,,0.23673835396766663,,,,,,,62,,
,,,0.09208753705024719,,0.24516521394252777,,,,,,,63,,
,,,0.09769345074892044,,0.2723308205604553,,,,,,,64,,
,,,0.06185566633939743,,0.24561405181884766,,,,,,,65,,
,,,0.042006805539131165,,0.24263158440589905,,,,,,,66,,
,,,0.06122449412941933,,0.2200716733932495,,,,,,,67,,
,,,0.07748226821422577,,0.2583591938018799,,,,,,,68,,
,,,0.06958762556314468,,0.19253474473953247,,,,,,,69,,
,,,0.03453608602285385,,0.23568841814994812,,,,,,,70,,
,,,0.04237588495016098,,0.204304039478302,,,,,,,71,,
,,,0.02568027190864086,,0.2041793316602707,,,,,,,72,,
,,,0.04783549904823303,,0.23601190745830536,,,,,,,73,,
,,,0.051595740020275116,,0.23207885026931763,,,,,,,74,,
,,,0.06284722685813904,,0.20000000298023224,,,,,,,75,,
,,,0.06921768933534622,,0.19930124282836914,,,,,,,76,,
,,,0.07789473980665207,,0.26218339800834656,,,,,,,77,,
,,,0.06319444626569748,,0.21781913936138153,,,,,,,78,,
,,,0.0416666679084301,,0.2666666805744171,,,,,,,79,,
1,0.05559999495744705,0.06949999928474426,,0.23600000143051147,,,,,,,,389,,
1,,,,,,0.5875150561332703,,1.4772827625274658,,18.38285255432129,,389,4.338830471038818,
2,,,,,,,0.6050654649734497,,1.2335035800933838,,13.171875,399,,4.220212936401367
2,,,,,,,0.7109349966049194,,1.233981966972351,,11.171875,449,,4.207653045654297
2,,,,,,,0.678236186504364,,1.1799688339233398,,10.7109375,499,,4.1858673095703125
2,,,,,,,0.6567777395248413,,1.091468095779419,,9.3515625,549,,4.096893310546875
,,,0.12681704759597778,,0.28026455640792847,,,,,,,80,,
,,,0.09329445660114288,,0.2573499083518982,,,,,,,81,,
,,,0.11350487172603607,,0.29260581731796265,,,,,,,82,,
,,,0.0692194402217865,,0.2801165282726288,,,,,,,83,,
,,,0.08888889849185944,,0.26873522996902466,,,,,,,84,,
,,,0.08469387888908386,,0.2756554186344147,,,,,,,85,,
,,,0.0766322985291481,,0.2523057758808136,,,,,,,86,,
,,,0.09513889253139496,,0.2952631711959839,,,,,,,87,,
,,,0.07795138657093048,,0.24893617630004883,,,,,,,88,,
,,,0.08528368175029755,,0.30897438526153564,,,,,,,89,,
,,,0.06933917105197906,,0.24546605348587036,,,,,,,90,,
,,,0.07048611342906952,,0.25797104835510254,,,,,,,91,,
,,,0.0721726194024086,,0.3281314969062805,,,,,,,92,,
,,,0.06899641454219818,,0.2756554186344147,,,,,,,93,,
,,,0.07220602035522461,,0.33174604177474976,,,,,,,94,,
,,,0.09536083042621613,,0.28006869554519653,,,,,,,95,,
,,,0.08641605079174042,,0.2948284447193146,,,,,,,96,,
,,,0.10537824779748917,,0.26938533782958984,,,,,,,97,,
,,,0.06875000149011612,,0.25238096714019775,,,,,,,98,,
,,,0.0829613134264946,,0.3274725377559662,,,,,,,99,,
,,,0.06961806118488312,,0.27728626132011414,,,,,,,100,,
,,,0.11388888955116272,,0.3020516633987427,,,,,,,101,,
,,,0.07319587469100952,,0.24462366104125977,,,,,,,102,,
,,,0.08030302822589874,,0.2970602512359619,,,,,,,103,,
,,,0.11401571333408356,,0.29759401082992554,,,,,,,104,,
,,,0.09536083042621613,,0.2570175528526306,,,,,,,105,,
,,,0.0962962955236435,,0.3043859899044037,,,,,,,106,,
,,,0.08900463581085205,,0.28864991664886475,,,,,,,107,,
,,,0.0771929919719696,,0.27637162804603577,,,,,,,108,,
,,,0.11219930648803711,,0.24427086114883423,,,,,,,109,,
,,,0.08090278506278992,,0.23035714030265808,,,,,,,110,,
,,,0.0589473694562912,,0.23362115025520325,,,,,,,111,,
,,,0.09192439913749695,,0.282396137714386,,,,,,,112,,
,,,0.07978620380163193,,0.3109623193740845,,,,,,,113,,
,,,0.07044673711061478,,0.28387096524238586,,,,,,,114,,
,,,0.078125,,0.2719202935695648,,,,,,,115,,
,,,0.04853670671582222,,0.25988614559173584,,,,,,,116,,
,,,0.08578869700431824,,0.3035207688808441,,,,,,,117,,
,,,0.08161512017250061,,0.2923758924007416,,,,,,,118,,
,,,0.03999999910593033,,0.2666666805744171,,,,,,,119,,
2,0.06909999996423721,0.0893000066280365,,0.2791000008583069,,,,,,,,584,,
2,,,,,,0.6463592648506165,,1.1534967422485352,,10.789022445678711,,584,4.219003200531006,
3,,,,,,,0.7079421281814575,,1.1229844093322754,,9.0078125,599,,4.2006683349609375
3,,,,,,,0.6516573429107666,,1.0553537607192993,,8.7265625,649,,4.250102996826172
3,,,,,,,0.6505067944526672,,1.0293583869934082,,8.2265625,699,,4.1319732666015625
3,,,,,,,0.6216533780097961,,0.9792425632476807,,7.7734375,749,,4.086980819702148
,,,0.09095238149166107,,0.3117460310459137,,,,,,,120,,
,,,0.09839650243520737,,0.3023033142089844,,,,,,,121,,
,,,0.144937202334404,,0.28429895639419556,,,,,,,122,,
,,,0.11818850785493851,,0.30347010493278503,,,,,,,123,,
,,,0.11162656545639038,,0.32494091987609863,,,,,,,124,,
,,,0.0850694477558136,,0.309831440448761,,,,,,,125,,
,,,0.07896415889263153,,0.3014536499977112,,,,,,,126,,
,,,0.11736111342906952,,0.32087719440460205,,,,,,,127,,
,,,0.09829932451248169,,0.3267730474472046,,,,,,,128,,
,,,0.08210526406764984,,0.37445056438446045,,,,,,,129,,
,,,0.08680952340364456,,0.3056737780570984,,,,,,,130,,
,,,0.09878472983837128,,0.29981884360313416,,,,,,,131,,
,,,0.09194894134998322,,0.32787269353866577,,,,,,,132,,
,,,0.0835106372833252,,0.30449438095092773,,,,,,,133,,
,,,0.10971817374229431,,0.3605222702026367,,,,,,,134,,
,,,0.09764309227466583,,0.3479381203651428,,,,,,,135,,
,,,0.13621032238006592,,0.3479006886482239,,,,,,,136,,
,,,0.08465062826871872,,0.31105199456214905,,,,,,,137,,
,,,0.13776595890522003,,0.3421245813369751,,,,,,,138,,
,,,0.11531664431095123,,0.32195186614990234,,,,,,,139,,
,,,0.08176691830158234,,0.24510280787944794,,,,,,,140,,
,,,0.1159793883562088,,0.317920446395874,,,,,,,141,,
,,,0.118055559694767,,0.291218638420105,,,,,,,142,,
,,,0.12073111534118652,,0.3516520857810974,,,,,,,143,,
,,,0.14253473281860352,,0.334674209356308,,,,,,,144,,
,,,0.10799320042133331,,0.2778947353363037,,,,,,,145,,
,,,0.08148148655891418,,0.3154385983943939,,,,,,,146,,
,,,0.0891752541065216,,0.3458184003829956,,,,,,,147,,
,,,0.12145337462425232,,0.3120082914829254,,,,,,,148,,
,,,0.12329931557178497,,0.3020833432674408,,,,,,,149,,
,,,0.09184028208255768,,0.28822463750839233,,,,,,,150,,
,,,0.09774305671453476,,0.29794609546661377,,,,,,,151,,
,,,0.08623512089252472,,0.3339918851852417,,,,,,,152,,
,,,0.12309768795967102,,0.34414684772491455,,,,,,,153,,
,,,0.12315789610147476,,0.3385304808616638,,,,,,,154,,
,,,0.1101374551653862,,0.3125905990600586,,,,,,,155,,
,,,0.0774914026260376,,0.3166666626930237,,,,,,,156,,
,,,0.1242559552192688,,0.3572695255279541,,,,,,,157,,
,,,0.06969697028398514,,0.2946808338165283,,,,,,,158,,
,,,0.09090909361839294,,0.30000001192092896,,,,,,,159,,
3,0.09059999883174896,0.1096000075340271,,0.3180999755859375,,,,,,,,779,,
3,,,,,,0.6498596668243408,,1.0215976238250732,,8.084575653076172,,779,4.104991436004639,
4,,,,,,,0.6525593996047974,,0.9795505404472351,,7.19140625,799,,3.9350719451904297
4,,,,,,,0.627842903137207,,0.9553374648094177,,7.1796875,849,,4.024174690246582
4,,,,,,,0.7023331522941589,,1.0104782581329346,,6.86328125,899,,3.955094337463379
4,,,,,,,0.6577351093292236,,0.9788522720336914,,7.08203125,949,,4.068080902099609
,,,0.12531328201293945,,0.3466402292251587,,,,,,,160,,
,,,0.1239795982837677,,0.31260353326797485,,,,,,,161,,
,,,0.09402255713939667,,0.25186508893966675,,,,,,,162,,
,,,0.09584548324346542,,0.31248733401298523,,,,,,,163,,
,,,0.10750286281108856,,0.33209219574928284,,,,,,,164,,
,,,0.0902777761220932,,0.35964420437812805,,,,,,,165,,
,,,0.09218373894691467,,0.29528823494911194,,,,,,,166,,
,,,0.1270408183336258,,0.33350878953933716,,,,,,,167,,
,,,0.10000000894069672,,0.3090425431728363,,,,,,,168,,
,,,0.11205673217773438,,0.3836996555328369,,,,,,,169,,
,,,0.1025238111615181,,0.30582571029663086,,,,,,,170,,
,,,0.10606060922145844,,0.3659420311450958,,,,,,,171,,
,,,0.09720176458358765,,0.3334886431694031,,,,,,,172,,
,,,0.08385416865348816,,0.33164793252944946,,,,,,,173,,
,,,0.09418261796236038,,0.37503841519355774,,,,,,,174,,
,,,0.11598639190196991,,0.31477659940719604,,,,,,,175,,
,,,0.14873512089252472,,0.375268816947937,,,,,,,176,,
,,,0.14719358086585999,,0.32186758518218994,,,,,,,177,,
,,,0.10225695371627808,,0.3369353413581848,,,,,,,178,,
,,,0.13278770446777344,,0.32370489835739136,,,,,,,179,,
,,,0.10773183405399323,,0.2535443603992462,,,,,,,180,,
,,,0.1070699691772461,,0.3223530948162079,,,,,,,181,,
,,,0.11354166269302368,,0.3094981908798218,,,,,,,182,,
,,,0.11043771356344223,,0.3361515998840332,,,,,,,183,,
,,,0.11941579729318619,,0.3287844955921173,,,,,,,184,,
,,,0.09006734192371368,,0.30298247933387756,,,,,,,185,,
,,,0.11783333122730255,,0.3612280786037445,,,,,,,186,,
,,,0.11564625799655914,,0.3567503094673157,,,,,,,187,,
,,,0.08811953663825989,,0.32820913195610046,,,,,,,188,,
,,,0.09217686951160431,,0.2897569537162781,,,,,,,189,,
,,,0.08905724436044693,,0.29032090306282043,,,,,,,190,,
,,,0.0954861119389534,,0.32399266958236694,,,,,,,191,,
,,,0.12191948294639587,,0.3152988851070404,,,,,,,192,,
,,,0.11226551234722137,,0.3579612970352173,,,,,,,193,,
,,,0.13245615363121033,,0.3534049987792969,,,,,,,194,,
,,,0.09098639339208603,,0.30680641531944275,,,,,,,195,,
,,,0.1072164922952652,,0.35336440801620483,,,,,,,196,,
,,,0.14097222685813904,,0.3514944314956665,,,,,,,197,,
,,,0.12057823687791824,,0.346808522939682,,,,,,,198,,
,,,0.03703703731298447,,0.2666666805744171,,,,,,,199,,
4,0.09149999916553497,0.11720000207424164,,0.3296000063419342,,,,,,,,974,,
4,,,,,,0.6423994898796082,,0.9642559289932251,,7.079367160797119,,974,4.018631458282471,
5,,,,,,,0.627507746219635,,0.9122944474220276,,6.32421875,999,,3.964578151702881
5,,,,,,,0.5806995630264282,,0.8724653720855713,,6.4140625,1049,,3.8565673828125
5,,,,,,,0.5696697235107422,,0.8527096509933472,,6.23046875,1099,,4.0078935623168945
5,,,,,,,0.6463216543197632,,0.9514079093933105,,6.75,1149,,3.971491813659668
,,,0.11502209305763245,,0.3678571581840515,,,,,,,200,,
,,,0.09948979318141937,,0.38071948289871216,,,,,,,201,,
,,,0.0896240621805191,,0.35226190090179443,,,,,,,202,,
,,,0.10783013701438904,,0.4208206534385681,,,,,,,203,,
,,,0.12800687551498413,,0.354137122631073,,,,,,,204,,
,,,0.11840278655290604,,0.38576778769493103,,,,,,,205,,
,,,0.10687284916639328,,0.3846867084503174,,,,,,,206,,
,,,0.12457044422626495,,0.40421056747436523,,,,,,,207,,
,,,0.10868056118488312,,0.37510132789611816,,,,,,,208,,
,,,0.13675439357757568,,0.41611725091934204,,,,,,,209,,
,,,0.12457142770290375,,0.33209219574928284,,,,,,,210,,
,,,0.1093750074505806,,0.4001811742782593,,,,,,,211,,
,,,0.11789396405220032,,0.36946171522140503,,,,,,,212,,
,,,0.10035841912031174,,0.3207865059375763,,,,,,,213,,
,,,0.12433332204818726,,0.39651817083358765,,,,,,,214,,
,,,0.12457912415266037,,0.34999996423721313,,,,,,,215,,
,,,0.15666666626930237,,0.41205838322639465,,,,,,,216,,
,,,0.1170068010687828,,0.34810876846313477,,,,,,,217,,
,,,0.09863946586847305,,0.3660562038421631,,,,,,,218,,
,,,0.10807560384273529,,0.3470434546470642,,,,,,,219,,
,,,0.1321687400341034,,0.3202110528945923,,,,,,,220,,
,,,0.1278739869594574,,0.38573959469795227,,,,,,,221,,
,,,0.12250858545303345,,0.3397849202156067,,,,,,,222,,
,,,0.13469047844409943,,0.37888723611831665,,,,,,,223,,
,,,0.1732940524816513,,0.3912782371044159,,,,,,,224,,
,,,0.14914965629577637,,0.34877192974090576,,,,,,,225,,
,,,0.14149659872055054,,0.4038596749305725,,,,,,,226,,
,,,0.1301346719264984,,0.40424132347106934,,,,,,,227,,
,,,0.1154148206114769,,0.38574016094207764,,,,,,,228,,
,,,0.10986395180225372,,0.28697919845581055,,,,,,,229,,
,,,0.09879724681377411,,0.337525874376297,,,,,,,230,,
,,,0.07363945990800858,,0.33857929706573486,,,,,,,231,,
,,,0.14810995757579803,,0.3554458022117615,,,,,,,232,,
,,,0.15133625268936157,,0.4267609119415283,,,,,,,233,,
,,,0.13767361640930176,,0.37365591526031494,,,,,,,234,,
,,,0.10697279125452042,,0.32166147232055664,,,,,,,235,,
,,,0.11481481790542603,,0.3511905074119568,,,,,,,236,,
,,,0.13058418035507202,,0.418059766292572,,,,,,,237,,
,,,0.12363946437835693,,0.3715425431728363,,,,,,,238,,
,,,0.1041666716337204,,0.36666667461395264,,,,,,,239,,
5,0.10160000622272491,0.12950000166893005,,0.3714999854564667,,,,,,,,1169,,
5,,,,,,0.6182528138160706,,0.9143218398094177,,6.5396833419799805,,1169,3.9394731521606445,
6,,,,,,,0.6591655015945435,,0.9452990293502808,,6.3828125,1199,,3.9264636039733887
6,,,,,,,0.6447601318359375,,0.9318580627441406,,6.38671875,1249,,3.927720785140991
6,,,,,,,0.6338639259338379,,0.9122292995452881,,6.203125,1299,,3.9142651557922363
6,,,,,,,0.5869839787483215,,0.8508476614952087,,5.86328125,1349,,3.853241205215454
,,,0.14496241509914398,,0.39896827936172485,,,,,,,240,,
,,,0.18831613659858704,,0.4056677222251892,,,,,,,241,,
,,,0.1389656960964203,,0.34604495763778687,,,,,,,242,,
,,,0.11671526730060577,,0.33794325590133667,,,,,,,243,,
,,,0.09982992708683014,,0.35218676924705505,,,,,,,244,,
,,,0.1675257682800293,,0.3514981269836426,,,,,,,245,,
,,,0.12896016240119934,,0.40200501680374146,,,,,,,246,,
,,,0.17457044124603271,,0.4091228246688843,,,,,,,247,,
,,,0.13506944477558136,,0.3564842939376831,,,,,,,248,,
,,,0.1514756977558136,,0.452014684677124,,,,,,,249,,
,,,0.13359788060188293,,0.33895641565322876,,,,,,,250,,
,,,0.11580755561590195,,0.333695650100708,,,,,,,251,,
,,,0.1521845906972885,,0.41519150137901306,,,,,,,252,,
,,,0.10124112665653229,,0.3606741428375244,,,,,,,253,,
,,,0.18369776010513306,,0.4388376772403717,,,,,,,254,,
,,,0.1437074989080429,,0.41683846712112427,,,,,,,255,,
,,,0.1617364138364792,,0.41850996017456055,,,,,,,256,,
,,,0.1316959112882614,,0.35212767124176025,,,,,,,257,,
,,,0.09553264081478119,,0.3888278603553772,,,,,,,258,,
,,,0.12031407654285431,,0.33953431248664856,,,,,,,259,,
,,,0.11126565933227539,,0.3256223201751709,,,,,,,260,,
,,,0.12067541480064392,,0.3901469111442566,,,,,,,261,,
,,,0.12942177057266235,,0.3335125148296356,,,,,,,262,,
,,,0.10992857068777084,,0.39579689502716064,,,,,,,263,,
,,,0.17406725883483887,,0.38260653614997864,,,,,,,264,,
,,,0.1540403962135315,,0.33263158798217773,,,,,,,265,,
,,,0.16785714030265808,,0.42807018756866455,,,,,,,266,,
,,,0.16388888657093048,,0.42903226613998413,,,,,,,267,,
,,,0.11737123131752014,,0.3951604664325714,,,,,,,268,,
,,,0.16632302105426788,,0.31718751788139343,,,,,,,269,,
,,,0.1230158805847168,,0.3362577557563782,,,,,,,270,,
,,,0.12319587916135788,,0.3866562247276306,,,,,,,271,,
,,,0.12777778506278992,,0.38958966732025146,,,,,,,272,,
,,,0.17130708694458008,,0.4075397253036499,,,,,,,273,,
,,,0.1224561482667923,,0.3629032373428345,,,,,,,274,,
,,,0.1424398571252823,,0.37807971239089966,,,,,,,275,,
,,,0.12138047814369202,,0.4031832218170166,,,,,,,276,,
,,,0.16843396425247192,,0.4405268430709839,,,,,,,277,,
,,,0.1318027228116989,,0.39060282707214355,,,,,,,278,,
,,,0.07999999821186066,,0.20000001788139343,,,,,,,279,,
6,0.094200000166893,0.14520001411437988,,0.3790999948978424,,,,,,,,1364,,
6,,,,,,0.6023271083831787,,0.8848949670791626,,6.253625869750977,,1364,3.8704166412353516,
7,,,,,,,0.5784788131713867,,0.8574162125587463,,6.15625,1399,,3.7634687423706055
7,,,,,,,0.6094036102294922,,0.8811795115470886,,6.04296875,1449,,3.6958165168762207
7,,,,,,,0.5338914394378662,,0.824335515499115,,6.34375,1499,,3.8330068588256836
7,,,,,,,0.5899055004119873,,0.85533207654953,,5.8984375,1549,,3.7488536834716797
,,,0.14022818207740784,,0.40507936477661133,,,,,,,280,,
,,,0.16701389849185944,,0.3984472155570984,,,,,,,281,,
,,,0.16346725821495056,,0.3766137957572937,,,,,,,282,,
,,,0.11086006462574005,,0.35248225927352905,,,,,,,283,,
,,,0.14727890491485596,,0.3791370987892151,,,,,,,284,,
,,,0.15979380905628204,,0.41151684522628784,,,,,,,285,,
,,,0.13475698232650757,,0.3987719416618347,,,,,,,286,,
,,,0.15544217824935913,,0.4429824650287628,,,,,,,287,,
,,,0.15437710285186768,,0.3525075912475586,,,,,,,288,,
,,,0.12925347685813904,,0.4641025960445404,,,,,,,289,,
,,,0.11947618424892426,,0.34521275758743286,,,,,,,290,,
,,,0.1289007067680359,,0.385326087474823,,,,,,,291,,
,,,0.14555394649505615,,0.417934775352478,,,,,,,292,,
,,,0.130952388048172,,0.35168540477752686,,,,,,,293,,
,,,0.1994898021221161,,0.4394265413284302,,,,,,,294,,
,,,0.14393939077854156,,0.37336766719818115,,,,,,,295,,
,,,0.160466268658638,,0.4662826657295227,,,,,,,296,,
,,,0.15140292048454285,,0.43605202436447144,,,,,,,297,,
,,,0.1488095223903656,,0.4007326364517212,,,,,,,298,,
,,,0.13448621332645416,,0.3380690813064575,,,,,,,299,,
,,,0.12441103160381317,,0.345968633890152,,,,,,,300,,
,,,0.15093538165092468,,0.4028495252132416,,,,,,,301,,
,,,0.15136054158210754,,0.36953404545783997,,,,,,,302,,
,,,0.16046175360679626,,0.43668609857559204,,,,,,,303,,
,,,0.12929552793502808,,0.41151630878448486,,,,,,,304,,
,,,0.13720539212226868,,0.3580701947212219,,,,,,,305,,
,,,0.14659863710403442,,0.4180701971054077,,,,,,,306,,
,,,0.1336805522441864,,0.3983273506164551,,,,,,,307,,
,,,0.13811953365802765,,0.3725155293941498,,,,,,,308,,
,,,0.13518518209457397,,0.3263888955116272,,,,,,,309,,
,,,0.13638393580913544,,0.37983953952789307,,,,,,,310,,
,,,0.11579861491918564,,0.35631871223449707,,,,,,,311,,
,,,0.15799319744110107,,0.4276595711708069,,,,,,,312,,
,,,0.10873015969991684,,0.39878472685813904,,,,,,,313,,
,,,0.13298246264457703,,0.4025089740753174,,,,,,,314,,
,,,0.13298611342906952,,0.40380436182022095,,,,,,,315,,
,,,0.13044217228889465,,0.42481884360313416,,,,,,,316,,
,,,0.15913107991218567,,0.4678318202495575,,,,,,,317,,
,,,0.13783332705497742,,0.41196808218955994,,,,,,,318,,
,,,0.10869565606117249,,0.36666667461395264,,,,,,,319,,
7,0.10750000178813934,0.15059998631477356,,0.39580002427101135,,,,,,,,1559,,
7,,,,,,0.5849235653877258,,0.8553181290626526,,5.992928504943848,,1559,3.794832944869995,
8,,,,,,,0.6145825982093811,,0.8682773113250732,,5.6875,1599,,3.8563432693481445
8,,,,,,,0.6135296821594238,,0.8643473386764526,,5.62890625,1649,,3.8154706954956055
8,,,,,,,0.5594527721405029,,0.8056500554084778,,5.484375,1699,,3.7289836406707764
8,,,,,,,0.5269396305084229,,0.7791571021080017,,5.5703125,1749,,3.639514923095703
,,,0.16777123510837555,,0.46841269731521606,,,,,,,320,,
,,,0.1832604557275772,,0.44091615080833435,,,,,,,321,,
,,,0.15548115968704224,,0.4295767545700073,,,,,,,322,,
,,,0.12978620827198029,,0.4315602779388428,,,,,,,323,,
,,,0.1756235808134079,,0.4416075348854065,,,,,,,324,,
,,,0.17766322195529938,,0.4279026389122009,,,,,,,325,,
,,,0.12495140731334686,,0.4211779832839966,,,,,,,326,,
,,,0.15309277176856995,,0.46315789222717285,,,,,,,327,,
,,,0.1514430046081543,,0.4104103446006775,,,,,,,328,,
,,,0.18496562540531158,,0.5249084830284119,,,,,,,329,,
,,,0.1395382434129715,,0.4276595711708069,,,,,,,330,,
,,,0.165798619389534,,0.4121376872062683,,,,,,,331,,
,,,0.2209821492433548,,0.5012681484222412,,,,,,,332,,
,,,0.14543861150741577,,0.4059925079345703,,,,,,,333,,
,,,0.150680273771286,,0.49285709857940674,,,,,,,334,,
,,,0.14562289416790009,,0.4288659691810608,,,,,,,335,,
,,,0.2041170597076416,,0.4761136770248413,,,,,,,336,,
,,,0.14809203147888184,,0.41211581230163574,,,,,,,337,,
,,,0.14914089441299438,,0.398779034614563,,,,,,,338,,
,,,0.16499027609825134,,0.40107277035713196,,,,,,,339,,
,,,0.14097744226455688,,0.420021653175354,,,,,,,340,,
,,,0.18299320340156555,,0.45331811904907227,,,,,,,341,,
,,,0.17517361044883728,,0.4331541061401367,,,,,,,342,,
,,,0.20800864696502686,,0.4886540174484253,,,,,,,343,,
,,,0.1550655961036682,,0.44006267189979553,,,,,,,344,,
,,,0.21391752362251282,,0.43403512239456177,,,,,,,345,,
,,,0.21094274520874023,,0.4619298577308655,,,,,,,346,,
,,,0.17840135097503662,,0.43853044509887695,,,,,,,347,,
,,,0.13831846415996552,,0.4539596140384674,,,,,,,348,,
,,,0.12772108614444733,,0.39565974473953247,,,,,,,349,,
,,,0.14992710947990417,,0.44376295804977417,,,,,,,350,,
,,,0.1415807604789734,,0.4375458359718323,,,,,,,351,,
,,,0.1774177849292755,,0.4583839774131775,,,,,,,352,,
,,,0.18236151337623596,,0.4754960536956787,,,,,,,353,,
,,,0.18524307012557983,,0.44157707691192627,,,,,,,354,,
,,,0.16397306323051453,,0.38108178973197937,,,,,,,355,,
,,,0.16440972685813904,,0.4640786647796631,,,,,,,356,,
,,,0.19951409101486206,,0.5090678930282593,,,,,,,357,,
,,,0.12676768004894257,,0.4058510661125183,,,,,,,358,,
,,,0.2142857313156128,,0.5,,,,,,,359,,
8,0.12170000374317169,0.1753000020980835,,0.4405999779701233,,,,,,,,1754,,
8,,,,,,0.5673850178718567,,0.8305251002311707,,5.830128192901611,,1754,3.725670099258423,
9,,,,,,,0.5099965929985046,,0.7779537439346313,,5.8671875,1799,,3.567870616912842
9,,,,,,,0.5615254640579224,,0.8249530792236328,,5.828125,1849,,3.566437244415283
9,,,,,,,0.6144239902496338,,0.859581708908081,,5.51953125,1899,,3.571610927581787
9,,,,,,,0.5814269781112671,,0.8267697095870972,,5.48828125,1949,,3.7858152389526367
,,,0.18866568803787231,,0.4416402280330658,,,,,,,360,,
,,,0.1748650074005127,,0.4409679174423218,,,,,,,361,,
,,,0.132192462682724,,0.39640212059020996,,,,,,,362,,
,,,0.13227513432502747,,0.41428568959236145,,,,,,,363,,
,,,0.1893990933895111,,0.396572083234787,,,,,,,364,,
,,,0.19381442666053772,,0.44887638092041016,,,,,,,365,,
,,,0.16552478075027466,,0.42834585905075073,,,,,,,366,,
,,,0.20051546394824982,,0.4517543911933899,,,,,,,367,,
,,,0.15485909581184387,,0.4319402277469635,,,,,,,368,,
,,,0.19557291269302368,,0.5025641322135925,,,,,,,369,,
,,,0.1546904742717743,,0.40298885107040405,,,,,,,370,,
,,,0.13728521764278412,,0.417934775352478,,,,,,,371,,
,,,0.17765377461910248,,0.44164079427719116,,,,,,,372,,
,,,0.15893471240997314,,0.376217246055603,,,,,,,373,,
,,,0.19652573764324188,,0.5036354064941406,,,,,,,374,,
,,,0.17817869782447815,,0.4733676612377167,,,,,,,375,,
,,,0.2062196433544159,,0.45104965567588806,,,,,,,376,,
,,,0.15787982940673828,,0.40177303552627563,,,,,,,377,,
,,,0.14455783367156982,,0.42014652490615845,,,,,,,378,,
,,,0.18689222633838654,,0.3918367624282837,,,,,,,379,,
,,,0.12333333492279053,,0.43886634707450867,,,,,,,380,,
,,,0.17465278506278992,,0.43086370825767517,,,,,,,381,,
,,,0.14357639849185944,,0.37329748272895813,,,,,,,382,,
,,,0.1837662309408188,,0.47864431142807007,,,,,,,383,,
,,,0.1636054366827011,,0.4755639433860779,,,,,,,384,,
,,,0.1437074840068817,,0.40561404824256897,,,,,,,385,,
,,,0.21510416269302368,,0.4924561679363251,,,,,,,386,,
,,,0.13969072699546814,,0.43022698163986206,,,,,,,387,,
,,,0.16339585185050964,,0.42619046568870544,,,,,,,388,,
,,,0.18299320340156555,,0.39201390743255615,,,,,,,389,,
,,,0.1448773443698883,,0.4292701780796051,,,,,,,390,,
,,,0.18758681416511536,,0.4097200632095337,,,,,,,391,,
,,,0.23056364059448242,,0.4633738398551941,,,,,,,392,,
,,,0.12907648086547852,,0.45865577459335327,,,,,,,393,,
,,,0.17343750596046448,,0.4283154308795929,,,,,,,394,,
,,,0.17585033178329468,,0.44057971239089966,,,,,,,395,,
,,,0.1886054426431656,,0.44420289993286133,,,,,,,396,,
,,,0.20490917563438416,,0.5352583527565002,,,,,,,397,,
,,,0.1767006814479828,,0.42544326186180115,,,,,,,398,,
,,,0.07999999821186066,,0.366666704416275,,,,,,,399,,
9,0.13130000233650208,0.17840000987052917,,0.43540000915527344,,,,,,,,1949,,
9,,,,,,0.5488549470901489,,0.80680251121521,,5.707912445068359,,1949,3.6526081562042236,
10,,,,,,,0.4770880341529846,,0.7391222715377808,,5.71875,1999,,3.6075189113616943
10,,,,,,,0.5732824206352234,,0.8283097147941589,,5.67578125,2049,,3.5327486991882324
10,,,,,,,0.500006914138794,,0.7508854866027832,,5.515625,2099,,3.6701982021331787
,,,0.16981646418571472,,0.4538624584674835,,,,,,,400,,
,,,0.18119783699512482,,0.5067028999328613,,,,,,,401,,
,,,0.1607142984867096,,0.4508465528488159,,,,,,,402,,
,,,0.21790573000907898,,0.46659067273139954,,,,,,,403,,
,,,0.22894737124443054,,0.4199763536453247,,,,,,,404,,
,,,0.22207903861999512,,0.4763108789920807,,,,,,,405,,
,,,0.13121962547302246,,0.4072180390357971,,,,,,,406,,
,,,0.20408162474632263,,0.4822807312011719,,,,,,,407,,
,,,0.1742267906665802,,0.4016970694065094,,,,,,,408,,
,,,0.1693333238363266,,0.48369964957237244,,,,,,,409,,
,,,0.19607143104076385,,0.4276595711708069,,,,,,,410,,
,,,0.16683673858642578,,0.5032608509063721,,,,,,,411,,
,,,0.2391979992389679,,0.49927541613578796,,,,,,,412,,
,,,0.17656251788139343,,0.4316479563713074,,,,,,,413,,
,,,0.21466666460037231,,0.5134920477867126,,,,,,,414,,
,,,0.16397306323051453,,0.4773195683956146,,,,,,,415,,
,,,0.19747476279735565,,0.5066820383071899,,,,,,,416,,
,,,0.16422903537750244,,0.43611112236976624,,,,,,,417,,
,,,0.1584175080060959,,0.386874258518219,,,,,,,418,,
,,,0.17135491967201233,,0.4314756691455841,,,,,,,419,,
,,,0.1708754301071167,,0.4705086350440979,,,,,,,420,,
,,,0.20689991116523743,,0.4545592665672302,,,,,,,421,,
,,,0.18571428954601288,,0.4535841941833496,,,,,,,422,,
,,,0.20280951261520386,,0.5309038162231445,,,,,,,423,,
,,,0.19041606783866882,,0.5038220882415771,,,,,,,424,,
,,,0.1734006702899933,,0.4263157844543457,,,,,,,425,,
,,,0.22676768898963928,,0.49561405181884766,,,,,,,426,,
,,,0.1906111091375351,,0.48195940256118774,,,,,,,427,,
,,,0.12761904299259186,,0.45439958572387695,,,,,,,428,,
,,,0.16258502006530762,,0.4359375238418579,,,,,,,429,,
,,,0.13989309966564178,,0.4403468072414398,,,,,,,430,,
,,,0.16195286810398102,,0.45001310110092163,,,,,,,431,,
,,,0.20760446786880493,,0.48221883177757263,,,,,,,432,,
,,,0.2147473245859146,,0.4853422939777374,,,,,,,433,,
,,,0.2054421752691269,,0.4559139609336853,,,,,,,434,,
,,,0.15340134501457214,,0.4200440049171448,,,,,,,435,,
,,,0.19879725575447083,,0.45978260040283203,,,,,,,436,,
,,,0.21327562630176544,,0.5416666269302368,,,,,,,437,,
,,,0.216156467795372,,0.40159574151039124,,,,,,,438,,
,,,0.17391304671764374,,0.4333333671092987,,,,,,,439,,
10,0.13859999179840088,0.19679999351501465,,0.46389999985694885,,,,,,,,2144,,
10,,,,,,0.5337327718734741,,0.7861387729644775,,5.581891059875488,,2144,3.5718631744384766,
11,,,,,,,0.547248899936676,,0.7967419028282166,,5.53515625,2149,,3.4603796005249023
11,,,,,,,0.48787713050842285,,0.7286199927330017,,5.3046875,2199,,3.4025774002075195
11,,,,,,,0.5077260136604309,,0.7504061460494995,,5.359375,2249,,3.7171308994293213
11,,,,,,,0.47762736678123474,,0.72376549243927,,5.3984375,2299,,3.48783540725708
,,,0.16763848066329956,,0.49174606800079346,,,,,,,440,,
,,,0.15628375113010406,,0.5128623247146606,,,,,,,441,,
,,,0.20139309763908386,,0.4881349503993988,,,,,,,442,,
,,,0.16327932476997375,,0.43875378370285034,,,,,,,443,,
,,,0.1806987226009369,,0.4085697531700134,,,,,,,444,,
,,,0.17446808516979218,,0.4645130932331085,,,,,,,445,,
,,,0.1858600676059723,,0.41814538836479187,,,,,,,446,,
,,,0.18809524178504944,,0.4987719655036926,,,,,,,447,,
,,,0.18789474666118622,,0.4049898386001587,,,,,,,448,,
,,,0.20738831162452698,,0.5440475940704346,,,,,,,449,,
,,,0.17211584746837616,,0.43411850929260254,,,,,,,450,,
,,,0.1477891206741333,,0.4594203233718872,,,,,,,451,,
,,,0.211467444896698,,0.49818843603134155,,,,,,,452,,
,,,0.18070176243782043,,0.4610486924648285,,,,,,,453,,
,,,0.22596955299377441,,0.5356118679046631,,,,,,,454,,
,,,0.2284511774778366,,0.4601374566555023,,,,,,,455,,
,,,0.2006734013557434,,0.4665130376815796,,,,,,,456,,
,,,0.16930125653743744,,0.42878246307373047,,,,,,,457,,
,,,0.14914965629577637,,0.4114774465560913,,,,,,,458,,
,,,0.21000970900058746,,0.4373626410961151,,,,,,,459,,
,,,0.20148810744285583,,0.452732652425766,,,,,,,460,,
,,,0.18426871299743652,,0.4701367914676666,,,,,,,461,,
,,,0.17636054754257202,,0.458781361579895,,,,,,,462,,
,,,0.2012142837047577,,0.5273323059082031,,,,,,,463,,
,,,0.20555555820465088,,0.4660150408744812,,,,,,,464,,
,,,0.18401360511779785,,0.4385964870452881,,,,,,,465,,
,,,0.22070708870887756,,0.4970175623893738,,,,,,,466,,
,,,0.16892361640930176,,0.42771804332733154,,,,,,,467,,
,,,0.17182539403438568,,0.4303053617477417,,,,,,,468,,
,,,0.15816327929496765,,0.4177083373069763,,,,,,,469,,
,,,0.19271136820316315,,0.4714285731315613,,,,,,,470,,
,,,0.18628473579883575,,0.42435896396636963,,,,,,,471,,
,,,0.21147185564041138,,0.46851569414138794,,,,,,,472,,
,,,0.1645529568195343,,0.4879216253757477,,,,,,,473,,
,,,0.20210526883602142,,0.49408602714538574,,,,,,,474,,
,,,0.17457044124603271,,0.4382246434688568,,,,,,,475,,
,,,0.16016864776611328,,0.4819875955581665,,,,,,,476,,
,,,0.2107628732919693,,0.5183130502700806,,,,,,,477,,
,,,0.21649658679962158,,0.4373227059841156,,,,,,,478,,
,,,0.09090909361839294,,0.5,,,,,,,479,,
11,0.1459999978542328,0.19660000503063202,,0.461899995803833,,,,,,,,2339,,
11,,,,,,0.5092793107032776,,0.7518178820610046,,5.360015869140625,,2339,3.474419355392456,
12,,,,,,,0.5170246958732605,,0.7738882899284363,,5.65625,2349,,3.5132293701171875
12,,,,,,,0.45822882652282715,,0.6963037252426147,,5.21875,2399,,3.393345355987549
12,,,,,,,0.5472897291183472,,0.7853060960769653,,5.30859375,2449,,3.423757314682007
12,,,,,,,0.5024204254150391,,0.7287642359733582,,5.02734375,2499,,3.5182607173919678
,,,0.19641655683517456,,0.5186508297920227,,,,,,,480,,
,,,0.18877911567687988,,0.5198498964309692,,,,,,,481,,
,,,0.1975822150707245,,0.466957688331604,,,,,,,482,,
,,,0.191715270280838,,0.4548885226249695,,,,,,,483,,
,,,0.21305841207504272,,0.5244680643081665,,,,,,,484,,
,,,0.171440988779068,,0.4457865059375763,,,,,,,485,,
,,,0.21313130855560303,,0.4795990288257599,,,,,,,486,,
,,,0.21360544860363007,,0.5445614457130432,,,,,,,487,,
,,,0.2269759476184845,,0.477760910987854,,,,,,,488,,
,,,0.2239583432674408,,0.47866302728652954,,,,,,,489,,
,,,0.16970360279083252,,0.46550148725509644,,,,,,,490,,
,,,0.18854168057441711,,0.46177536249160767,,,,,,,491,,
,,,0.22196048498153687,,0.4934006333351135,,,,,,,492,,
,,,0.18492907285690308,,0.4681648015975952,,,,,,,493,,
,,,0.2567010223865509,,0.5239375233650208,,,,,,,494,,
,,,0.17916667461395264,,0.4774914085865021,,,,,,,495,,
,,,0.203951895236969,,0.5134152173995972,,,,,,,496,,
,,,0.17936506867408752,,0.46761229634284973,,,,,,,497,,
,,,0.1787615716457367,,0.45799756050109863,,,,,,,498,,
,,,0.19379960000514984,,0.4334118366241455,,,,,,,499,,
,,,0.16737589240074158,,0.518777072429657,,,,,,,500,,
,,,0.18393471837043762,,0.4984169006347656,,,,,,,501,,
,,,0.2114035189151764,,0.5107526779174805,,,,,,,502,,
,,,0.2626904845237732,,0.5515549182891846,,,,,,,503,,
,,,0.1861666589975357,,0.5353133082389832,,,,,,,504,,
,,,0.19192439317703247,,0.45192986726760864,,,,,,,505,,
,,,0.22087542712688446,,0.5671930313110352,,,,,,,506,,
,,,0.1796875,,0.4532855451107025,,,,,,,507,,
,,,0.16676586866378784,,0.5172619223594666,,,,,,,508,,
,,,0.20017006993293762,,0.4772569537162781,,,,,,,509,,
,,,0.19504570960998535,,0.4165113866329193,,,,,,,510,,
,,,0.20068025588989258,,0.4523286521434784,,,,,,,511,,
,,,0.22402818500995636,,0.5347263813018799,,,,,,,512,,
,,,0.16797862946987152,,0.5373511910438538,,,,,,,513,,
,,,0.17964912950992584,,0.4745519757270813,,,,,,,514,,
,,,0.2050687074661255,,0.5080616474151611,,,,,,,515,,
,,,0.17182129621505737,,0.4604296088218689,,,,,,,516,,
,,,0.2357393503189087,,0.5258358120918274,,,,,,,517,,
,,,0.18291246891021729,,0.4546985626220703,,,,,,,518,,
,,,0.15909090638160706,,0.4333333671092987,,,,,,,519,,
12,0.15160000324249268,0.2062000036239624,,0.48890000581741333,,,,,,,,2534,,
12,,,,,,0.49729710817337036,,0.733177900314331,,5.214943885803223,,2534,3.402252435684204,
13,,,,,,,0.4888113737106323,,0.7260895371437073,,5.234375,2549,,3.3819477558135986
13,,,,,,,0.4662035405635834,,0.698020339012146,,5.1015625,2599,,3.3432576656341553
13,,,,,,,0.4834839701652527,,0.7007648348808289,,4.828125,2649,,3.384915590286255
13,,,,,,,0.46696439385414124,,0.6989872455596924,,5.10546875,2699,,3.4180402755737305
,,,0.1858879029750824,,0.43820106983184814,,,,,,,520,,
,,,0.22609128057956696,,0.5166925191879272,,,,,,,521,,
,,,0.20162451267242432,,0.45298945903778076,,,,,,,522,,
,,,0.15490767359733582,,0.466312050819397,,,,,,,523,,
,,,0.20289352536201477,,0.46063828468322754,,,,,,,524,,
,,,0.17431271076202393,,0.4758427143096924,,,,,,,525,,
,,,0.19791360199451447,,0.47631579637527466,,,,,,,526,,
,,,0.22517360746860504,,0.5212280750274658,,,,,,,527,,
,,,0.17604319751262665,,0.46474164724349976,,,,,,,528,,
,,,0.20210528373718262,,0.5152015089988708,,,,,,,529,,
,,,0.16106301546096802,,0.45468592643737793,,,,,,,530,,
,,,0.16529209911823273,,0.5045289993286133,,,,,,,531,,
,,,0.19386351108551025,,0.5173913240432739,,,,,,,532,,
,,,0.17964912950992584,,0.45636704564094543,,,,,,,533,,
,,,0.1816498339176178,,0.4516640901565552,,,,,,,534,,
,,,0.19983166456222534,,0.45962199568748474,,,,,,,535,,
,,,0.17916053533554077,,0.45778289437294006,,,,,,,536,,
,,,0.17027491331100464,,0.534692645072937,,,,,,,537,,
,,,0.16513605415821075,,0.40421247482299805,,,,,,,538,,
,,,0.1972137689590454,,0.43605443835258484,,,,,,,539,,
,,,0.2133231908082962,,0.5039231777191162,,,,,,,540,,
,,,0.17205387353897095,,0.48920971155166626,,,,,,,541,,
,,,0.2231292575597763,,0.486559122800827,,,,,,,542,,
,,,0.25942856073379517,,0.521744430065155,,,,,,,543,,
,,,0.2083333283662796,,0.5281955003738403,,,,,,,544,,
,,,0.2001718133687973,,0.4598245620727539,,,,,,,545,,
,,,0.22397959232330322,,0.4761403799057007,,,,,,,546,,
,,,0.19020618498325348,,0.47359615564346313,,,,,,,547,,
,,,0.1719990074634552,,0.44570392370224,,,,,,,548,,
,,,0.1617347002029419,,0.42847225069999695,,,,,,,549,,
,,,0.18121962249279022,,0.444487601518631,,,,,,,550,,
,,,0.19776631891727448,,0.4317111670970917,,,,,,,551,,
,,,0.22378548979759216,,0.4886271357536316,,,,,,,552,,
,,,0.20634110271930695,,0.5178571343421936,,,,,,,553,,
,,,0.22649124264717102,,0.5159498453140259,,,,,,,554,,
,,,0.2102040797472,,0.451384574174881,,,,,,,555,,
,,,0.1933673471212387,,0.4607919156551361,,,,,,,556,,
,,,0.22425594925880432,,0.5149189233779907,,,,,,,557,,
,,,0.18888890743255615,,0.4411347508430481,,,,,,,558,,
,,,0.043478261679410934,,0.4333333373069763,,,,,,,559,,
13,0.1493000090122223,0.2044999897480011,,0.47769999504089355,,,,,,,,2729,,
13,,,,,,0.4818522036075592,,0.7115628123283386,,5.075981616973877,,2729,3.340076208114624,
14,,,,,,,0.4784138798713684,,0.7059580087661743,,5.02734375,2749,,3.396906852722168
14,,,,,,,0.4532647430896759,,0.6741317510604858,,4.87109375,2799,,3.2557179927825928
14,,,,,,,0.46973198652267456,,0.6952688097953796,,4.98046875,2849,,3.1902313232421875
14,,,,,,,0.4807085394859314,,0.7059407234191895,,4.984375,2899,,3.1935200691223145
,,,0.20307540893554688,,0.5499736070632935,,,,,,,560,,
,,,0.24175439774990082,,0.560326099395752,,,,,,,561,,
,,,0.19188988208770752,,0.4671561121940613,,,,,,,562,,
,,,0.18802309036254883,,0.5174772143363953,,,,,,,563,,
,,,0.24650628864765167,,0.45313236117362976,,,,,,,564,,
,,,0.26087722182273865,,0.49035581946372986,,,,,,,565,,
,,,0.21718212962150574,,0.5304511785507202,,,,,,,566,,
,,,0.26180556416511536,,0.5543859601020813,,,,,,,567,,
,,,0.1954590082168579,,0.5246707201004028,,,,,,,568,,
,,,0.23000001907348633,,0.5834249258041382,,,,,,,569,,
,,,0.18405483663082123,,0.507168173789978,,,,,,,570,,
,,,0.22152778506278992,,0.5530797243118286,,,,,,,571,,
,,,0.23435020446777344,,0.5348602533340454,,,,,,,572,,
,,,0.22508591413497925,,0.4812734127044678,,,,,,,573,,
,,,0.2311224639415741,,0.5477982759475708,,,,,,,574,,
,,,0.2045000046491623,,0.5298968553543091,,,,,,,575,,
,,,0.20510204136371613,,0.49288272857666016,,,,,,,576,,
,,,0.23180273175239563,,0.49503543972969055,,,,,,,577,,
,,,0.18378226459026337,,0.46147745847702026,,,,,,,578,,
,,,0.21344396471977234,,0.4791994094848633,,,,,,,579,,
,,,0.20378446578979492,,0.5572510957717896,,,,,,,580,,
,,,0.23069727420806885,,0.56617271900177,,,,,,,581,,
,,,0.2118556797504425,,0.5267025232315063,,,,,,,582,,
,,,0.2395043671131134,,0.588969886302948,,,,,,,583,,
,,,0.24305349588394165,,0.5573058128356934,,,,,,,584,,
,,,0.2411564588546753,,0.5133333206176758,,,,,,,585,,
,,,0.2588435411453247,,0.5107017755508423,,,,,,,586,,
,,,0.2051546424627304,,0.5477897524833679,,,,,,,587,,
,,,0.19774052500724792,,0.48612838983535767,,,,,,,588,,
,,,0.19608843326568604,,0.48142361640930176,,,,,,,589,,
,,,0.17837902903556824,,0.46469980478286743,,,,,,,590,,
,,,0.23333333432674408,,0.4788854420185089,,,,,,,591,,
,,,0.2571428418159485,,0.5840678811073303,,,,,,,592,,
,,,0.2073858082294464,,0.5465525388717651,,,,,,,593,,
,,,0.22982457280158997,,0.5541218519210815,,,,,,,594,,
,,,0.23231291770935059,,0.5096402764320374,,,,,,,595,,
,,,0.22040817141532898,,0.48623189330101013,,,,,,,596,,
,,,0.24980157613754272,,0.5458713173866272,,,,,,,597,,
,,,0.22325000166893005,,0.4796985983848572,,,,,,,598,,
,,,0.13636364042758942,,0.6000000238418579,,,,,,,599,,
14,0.17339998483657837,0.23309999704360962,,0.5224000215530396,,,,,,,,2924,,
14,,,,,,0.4703710973262787,,0.694091796875,,4.944931983947754,,2924,3.272672414779663,
15,,,,,,,0.4609408974647522,,0.6833772659301758,,4.91015625,2949,,3.292264938354492
15,,,,,,,0.4557567834854126,,0.6669777631759644,,4.6796875,2999,,3.018214225769043
15,,,,,,,0.444715291261673,,0.663690447807312,,4.82421875,3049,,3.0011932849884033
15,,,,,,,0.4590836465358734,,0.6722134351730347,,4.72265625,3099,,3.3137683868408203
,,,0.24376533925533295,,0.6042327880859375,,,,,,,600,,
,,,0.24698737263679504,,0.555874764919281,,,,,,,601,,
,,,0.2017492800951004,,0.47484126687049866,,,,,,,602,,
,,,0.21740303933620453,,0.5628419518470764,,,,,,,603,,
,,,0.23361968994140625,,0.5536643266677856,,,,,,,604,,
,,,0.24251700937747955,,0.5391385555267334,,,,,,,605,,
,,,0.21245791018009186,,0.5383709669113159,,,,,,,606,,
,,,0.31464648246765137,,0.6096491813659668,,,,,,,607,,
,,,0.20513392984867096,,0.5173251628875732,,,,,,,608,,
,,,0.2602631449699402,,0.5876374244689941,,,,,,,609,,
,,,0.22004762291908264,,0.5567375421524048,,,,,,,610,,
,,,0.23894739151000977,,0.5721014738082886,,,,,,,611,,
,,,0.22223860025405884,,0.5489130020141602,,,,,,,612,,
,,,0.2374570369720459,,0.5222846269607544,,,,,,,613,,
,,,0.2499999850988388,,0.5710957050323486,,,,,,,614,,
,,,0.24444445967674255,,0.5304123163223267,,,,,,,615,,
,,,0.23799704015254974,,0.5672042965888977,,,,,,,616,,
,,,0.20323128998279572,,0.5316784381866455,,,,,,,617,,
,,,0.2001718133687973,,0.457997590303421,,,,,,,618,,
,,,0.24918997287750244,,0.4987964630126953,,,,,,,619,,
,,,0.2509118318557739,,0.5985389947891235,,,,,,,620,,
,,,0.2555118799209595,,0.50734543800354,,,,,,,621,,
,,,0.240136057138443,,0.5471326112747192,,,,,,,622,,
,,,0.2762385904788971,,0.5872935056686401,,,,,,,623,,
,,,0.27648502588272095,,0.6083959937095642,,,,,,,624,,
,,,0.27020204067230225,,0.5292983055114746,,,,,,,625,,
,,,0.26582491397857666,,0.5668421387672424,,,,,,,626,,
,,,0.19747474789619446,,0.5370967984199524,,,,,,,627,,
,,,0.24145802855491638,,0.5714544653892517,,,,,,,628,,
,,,0.24259258806705475,,0.5314236283302307,,,,,,,629,,
,,,0.2030952423810959,,0.5129916667938232,,,,,,,630,,
,,,0.26288658380508423,,0.5007457137107849,,,,,,,631,,
,,,0.3200194537639618,,0.5971378087997437,,,,,,,632,,
,,,0.24523809552192688,,0.6021825075149536,,,,,,,633,,
,,,0.2712121307849884,,0.5811827778816223,,,,,,,634,,
,,,0.24553263187408447,,0.5405150055885315,,,,,,,635,,
,,,0.2181972712278366,,0.556728720664978,,,,,,,636,,
,,,0.26530611515045166,,0.5755826234817505,,,,,,,637,,
,,,0.2529762089252472,,0.5230496525764465,,,,,,,638,,
,,,0.1666666716337204,,0.6000000238418579,,,,,,,639,,
15,0.19409999251365662,0.25429999828338623,,0.5500999689102173,,,,,,,,3119,,
15,,,,,,0.4626273512840271,,0.6833728551864624,,4.877503871917725,,3119,3.22039794921875,
16,,,,,,,0.47082722187042236,,0.6842243671417236,,4.73828125,3149,,3.3182365894317627
16,,,,,,,0.515389621257782,,0.7236288785934448,,4.6796875,3199,,3.153975486755371
16,,,,,,,0.44942718744277954,,0.6668239831924438,,4.796875,3249,,3.204569101333618
16,,,,,,,0.44157323241233826,,0.6643676161766052,,4.8984375,3299,,3.158684253692627
,,,0.23644110560417175,,0.5360846519470215,,,,,,,640,,
,,,0.23739351332187653,,0.5714285373687744,,,,,,,641,,
,,,0.2049645483493805,,0.48695769906044006,,,,,,,642,,
,,,0.2308296412229538,,0.4790779948234558,,,,,,,643,,
,,,0.22392290830612183,,0.48380616307258606,,,,,,,644,,
,,,0.2436170130968094,,0.484363317489624,,,,,,,645,,
,,,0.2147618979215622,,0.48215538263320923,,,,,,,646,,
,,,0.21296295523643494,,0.5635088086128235,,,,,,,647,,
,,,0.18474702537059784,,0.47165653109550476,,,,,,,648,,
,,,0.26357388496398926,,0.5677655935287476,,,,,,,649,,
,,,0.22920310497283936,,0.4758865237236023,,,,,,,650,,
,,,0.1989690661430359,,0.49148550629615784,,,,,,,651,,
,,,0.21017979085445404,,0.5389492511749268,,,,,,,652,,
,,,0.23614037036895752,,0.5181648135185242,,,,,,,653,,
,,,0.22415676712989807,,0.5215566158294678,,,,,,,654,,
,,,0.24982991814613342,,0.5048110485076904,,,,,,,655,,
,,,0.22449681162834167,,0.5666922330856323,,,,,,,656,,
,,,0.2084467113018036,,0.5305555462837219,,,,,,,657,,
,,,0.20799319446086884,,0.4431624412536621,,,,,,,658,,
,,,0.23471179604530334,,0.5170068740844727,,,,,,,659,,
,,,0.265540212392807,,0.5192099809646606,,,,,,,660,,
,,,0.2514756917953491,,0.5470238327980042,,,,,,,661,,
,,,0.22962962090969086,,0.5514336824417114,,,,,,,662,,
,,,0.24449998140335083,,0.5729835033416748,,,,,,,663,,
,,,0.2194526195526123,,0.55760657787323,,,,,,,664,,
,,,0.21283333003520966,,0.5012280941009521,,,,,,,665,,
,,,0.2651515007019043,,0.5473684072494507,,,,,,,666,,
,,,0.20578230917453766,,0.5360214710235596,,,,,,,667,,
,,,0.214533731341362,,0.5307711958885193,,,,,,,668,,
,,,0.21599328517913818,,0.47013890743255615,,,,,,,669,,
,,,0.203730970621109,,0.5069358348846436,,,,,,,670,,
,,,0.19887152314186096,,0.5058215856552124,,,,,,,671,,
,,,0.26890474557876587,,0.5468845367431641,,,,,,,672,,
,,,0.24290525913238525,,0.5246527791023254,,,,,,,673,,
,,,0.2738596498966217,,0.5163082480430603,,,,,,,674,,
,,,0.20454545319080353,,0.5244565010070801,,,,,,,675,,
,,,0.27065974473953247,,0.5276397466659546,,,,,,,676,,
,,,0.25233185291290283,,0.5777355432510376,,,,,,,677,,
,,,0.2370370328426361,,0.4899822473526001,,,,,,,678,,
,,,0.2380952537059784,,0.5,,,,,,,679,,
16,0.18950000405311584,0.2425999939441681,,0.5214999914169312,,,,,,,,3314,,
16,,,,,,0.45730718970298767,,0.673458456993103,,4.78026819229126,,3314,3.1702373027801514,
17,,,,,,,0.4325938820838928,,0.6564475893974304,,4.91015625,3349,,3.149364471435547
17,,,,,,,0.46837806701660156,,0.6773810386657715,,4.6484375,3399,,3.223834276199341
17,,,,,,,0.4432155191898346,,0.6542090177536011,,4.6640625,3449,,3.1704812049865723
17,,,,,,,0.4160328209400177,,0.6244792342185974,,4.5859375,3499,,3.0690720081329346
,,,0.2188512682914734,,0.559603214263916,,,,,,,680,,
,,,0.23928570747375488,,0.5734213590621948,,,,,,,681,,
,,,0.21629847586154938,,0.5297354459762573,,,,,,,682,,
,,,0.2550099492073059,,0.5515197515487671,,,,,,,683,,
,,,0.20953983068466187,,0.5743498802185059,,,,,,,684,,
,,,0.2389175295829773,,0.5370786190032959,,,,,,,685,,
,,,0.23852816224098206,,0.5055639743804932,,,,,,,686,,
,,,0.29037800431251526,,0.6161403656005859,,,,,,,687,,
,,,0.2323908805847168,,0.5614741444587708,,,,,,,688,,
,,,0.23694156110286713,,0.6035714745521545,,,,,,,689,,
,,,0.22545237839221954,,0.5073454976081848,,,,,,,690,,
,,,0.21371528506278992,,0.5492753386497498,,,,,,,691,,
,,,0.24494653940200806,,0.5611542463302612,,,,,,,692,,
,,,0.24148936569690704,,0.4949438273906708,,,,,,,693,,
,,,0.2368686944246292,,0.5831029415130615,,,,,,,694,,
,,,0.24696969985961914,,0.5292096138000488,,,,,,,695,,
,,,0.23888888955116272,,0.5782641768455505,,,,,,,696,,
,,,0.21479591727256775,,0.5685579180717468,,,,,,,697,,
,,,0.20263159275054932,,0.5065934658050537,,,,,,,698,,
,,,0.23980656266212463,,0.5289115905761719,,,,,,,699,,
,,,0.23140351474285126,,0.5582792162895203,,,,,,,700,,
,,,0.24612794816493988,,0.5791160464286804,,,,,,,701,,
,,,0.2790377736091614,,0.5750895738601685,,,,,,,702,,
,,,0.3517315983772278,,0.5698493719100952,,,,,,,703,,
,,,0.24884523451328278,,0.5539724826812744,,,,,,,704,,
,,,0.22268040478229523,,0.5291228294372559,,,,,,,705,,
,,,0.2934707999229431,,0.5977193713188171,,,,,,,706,,
,,,0.26323023438453674,,0.5816606283187866,,,,,,,707,,
,,,0.2464037835597992,,0.568581759929657,,,,,,,708,,
,,,0.23877552151679993,,0.5362846851348877,,,,,,,709,,
,,,0.2026018649339676,,0.5268374681472778,,,,,,,710,,
,,,0.26091066002845764,,0.5043694972991943,,,,,,,711,,
,,,0.302785724401474,,0.5890577435493469,,,,,,,712,,
,,,0.27847522497177124,,0.5609623193740845,,,,,,,713,,
,,,0.2748299241065979,,0.5507168769836426,,,,,,,714,,
,,,0.217096209526062,,0.5533643960952759,,,,,,,715,,
,,,0.23711340129375458,,0.5135093331336975,,,,,,,716,,
,,,0.28161510825157166,,0.5950101613998413,,,,,,,717,,
,,,0.24183501303195953,,0.514982283115387,,,,,,,718,,
,,,0.11999999731779099,,0.6333333253860474,,,,,,,719,,
17,0.18540000915527344,0.25999999046325684,,0.5519999861717224,,,,,,,,3509,,
17,,,,,,0.4498937726020813,,0.6627712845802307,,4.707451820373535,,3509,3.132875680923462,
18,,,,,,,0.4525896906852722,,0.6621379256248474,,4.64453125,3549,,3.1542344093322754
18,,,,,,,0.44084641337394714,,0.6512259244918823,,4.6484375,3599,,3.0536255836486816
18,,,,,,,0.4305427670478821,,0.6443672180175781,,4.70703125,3649,,3.0121397972106934
18,,,,,,,0.3827285170555115,,0.5907649397850037,,4.54296875,3699,,3.036801815032959
,,,0.2276725023984909,,0.6007936596870422,,,,,,,720,,
,,,0.27713292837142944,,0.613586962223053,,,,,,,721,,
,,,0.24790728092193604,,0.5302116870880127,,,,,,,722,,
,,,0.23663751780986786,,0.584321141242981,,,,,,,723,,
,,,0.2589569091796875,,0.5834515690803528,,,,,,,724,,
,,,0.27898937463760376,,0.6200374364852905,,,,,,,725,,
,,,0.24901816248893738,,0.5608270764350891,,,,,,,726,,
,,,0.28973063826560974,,0.6291228532791138,,,,,,,727,,
,,,0.2511175870895386,,0.5883232355117798,,,,,,,728,,
,,,0.2719618082046509,,0.639011025428772,,,,,,,729,,
,,,0.24455782771110535,,0.5687943696975708,,,,,,,730,,
,,,0.2819444537162781,,0.574456512928009,,,,,,,731,,
,,,0.2644314765930176,,0.605434775352478,,,,,,,732,,
,,,0.2705673575401306,,0.5228464603424072,,,,,,,733,,
,,,0.24244409799575806,,0.618049144744873,,,,,,,734,,
,,,0.2841666638851166,,0.5962198972702026,,,,,,,735,,
,,,0.25704365968704224,,0.5852022171020508,,,,,,,736,,
,,,0.2682291865348816,,0.6010047197341919,,,,,,,737,,
,,,0.2213243693113327,,0.5018925666809082,,,,,,,738,,
,,,0.2806878387928009,,0.5286499857902527,,,,,,,739,,
,,,0.23612351715564728,,0.6075352430343628,,,,,,,740,,
,,,0.2686868906021118,,0.6138044595718384,,,,,,,741,,
,,,0.269727885723114,,0.5910394191741943,,,,,,,742,,
,,,0.29911017417907715,,0.6513605117797852,,,,,,,743,,
,,,0.28063973784446716,,0.6334335803985596,,,,,,,744,,
,,,0.25544220209121704,,0.5861403346061707,,,,,,,745,,
,,,0.2734006643295288,,0.6089473962783813,,,,,,,746,,
,,,0.253472238779068,,0.570250928401947,,,,,,,747,,
,,,0.25981834530830383,,0.5664855241775513,,,,,,,748,,
,,,0.2983333468437195,,0.5519097447395325,,,,,,,749,,
,,,0.2260431945323944,,0.5358178615570068,,,,,,,750,,
,,,0.2721649408340454,,0.502106249332428,,,,,,,751,,
,,,0.31378570199012756,,0.6531409025192261,,,,,,,752,,
,,,0.28534984588623047,,0.6017609238624573,,,,,,,753,,
,,,0.27903780341148376,,0.6240143775939941,,,,,,,754,,
,,,0.28018707036972046,,0.5711179971694946,,,,,,,755,,
,,,0.27989688515663147,,0.5760869979858398,,,,,,,756,,
,,,0.30570435523986816,,0.661220908164978,,,,,,,757,,
,,,0.23240742087364197,,0.5674644708633423,,,,,,,758,,
,,,0.17391304671764374,,0.6666666865348816,,,,,,,759,,
18,0.20190000534057617,0.2760999798774719,,0.5857999920845032,,,,,,,,3704,,
18,,,,,,0.4423321783542633,,0.6516404747962952,,4.628525733947754,,3704,3.0918357372283936,
19,,,,,,,0.4919900894165039,,0.7029862403869629,,4.7109375,3749,,3.215876817703247
19,,,,,,,0.4206491708755493,,0.6322827339172363,,4.65234375,3799,,3.1039083003997803
19,,,,,,,0.49338096380233765,,0.7024765610694885,,4.67578125,3849,,3.3494293689727783
19,,,,,,,0.43149489164352417,,0.6425861716270447,,4.65234375,3899,,3.035165786743164
,,,0.28175413608551025,,0.6173809766769409,,,,,,,760,,
,,,0.268105149269104,,0.6209627389907837,,,,,,,761,,
,,,0.2555263340473175,,0.5274603366851807,,,,,,,762,,
,,,0.2978399395942688,,0.5818135738372803,,,,,,,763,,
,,,0.30756014585494995,,0.604728102684021,,,,,,,764,,
,,,0.27712583541870117,,0.5779962539672852,,,,,,,765,,
,,,0.26623377203941345,,0.559147834777832,,,,,,,766,,
,,,0.34713804721832275,,0.6303508877754211,,,,,,,767,,
,,,0.2861359119415283,,0.6133231520652771,,,,,,,768,,
,,,0.30306121706962585,,0.6398352384567261,,,,,,,769,,
,,,0.24280855059623718,,0.5528368949890137,,,,,,,770,,
,,,0.26818183064460754,,0.6161231994628906,,,,,,,771,,
,,,0.25365734100341797,,0.6188405752182007,,,,,,,772,,
,,,0.26912280917167664,,0.5794007182121277,,,,,,,773,,
,,,0.3075072765350342,,0.6479007005691528,,,,,,,774,,
,,,0.28566664457321167,,0.6257731914520264,,,,,,,775,,
,,,0.29901814460754395,,0.6059139966964722,,,,,,,776,,
,,,0.2794784605503082,,0.6104609966278076,,,,,,,777,,
,,,0.22704081237316132,,0.502075731754303,,,,,,,778,,
,,,0.2727294862270355,,0.563448429107666,,,,,,,779,,
,,,0.28984373807907104,,0.6447510719299316,,,,,,,780,,
,,,0.29617348313331604,,0.6224924325942993,,,,,,,781,,
,,,0.26547619700431824,,0.6043010950088501,,,,,,,782,,
,,,0.29571428894996643,,0.6240038871765137,,,,,,,783,,
,,,0.28731364011764526,,0.6232205629348755,,,,,,,784,,
,,,0.2698333263397217,,0.5796492099761963,,,,,,,785,,
,,,0.27424243092536926,,0.645087718963623,,,,,,,786,,
,,,0.25641465187072754,,0.5777777433395386,,,,,,,787,,
,,,0.25629961490631104,,0.564570426940918,,,,,,,788,,
,,,0.24965986609458923,,0.6357638835906982,,,,,,,789,,
,,,0.20971818268299103,,0.594513475894928,,,,,,,790,,
,,,0.29176586866378784,,0.5700811147689819,,,,,,,791,,
,,,0.3128809332847595,,0.6324467658996582,,,,,,,792,,
,,,0.3041606545448303,,0.590997040271759,,,,,,,793,,
,,,0.30391156673431396,,0.5743727684020996,,,,,,,794,,
,,,0.2847643196582794,,0.6019927263259888,,,,,,,795,,
,,,0.3033333420753479,,0.5464803576469421,,,,,,,796,,
,,,0.2864260971546173,,0.6163627505302429,,,,,,,797,,
,,,0.26783332228660583,,0.5671985745429993,,,,,,,798,,
,,,0.1666666716337204,,0.5666667222976685,,,,,,,799,,
19,0.2150000035762787,0.29330000281333923,,0.5981999635696411,,,,,,,,3899,,
19,,,,,,0.4395672082901001,,0.6466323733329773,,4.580789089202881,,3899,3.0546376705169678,
20,,,,,,,0.46068498492240906,,0.673978865146637,,4.7265625,3949,,3.050628185272217
20,,,,,,,0.40445607900619507,,0.6198289394378662,,4.7109375,3999,,2.791884183883667
20,,,,,,,0.4510754346847534,,0.6587462425231934,,4.60546875,4049,,3.054042339324951
,,,0.2496841549873352,,0.5730159282684326,,,,,,,800,,
,,,0.24737104773521423,,0.6429089307785034,,,,,,,801,,
,,,0.2546514570713043,,0.5081878900527954,,,,,,,802,,
,,,0.27555227279663086,,0.5786221027374268,,,,,,,803,,
,,,0.28441041707992554,,0.589066207408905,,,,,,,804,,
,,,0.2519965171813965,,0.5592696666717529,,,,,,,805,,
,,,0.24978134036064148,,0.581253170967102,,,,,,,806,,
,,,0.32027488946914673,,0.6336842775344849,,,,,,,807,,
,,,0.2655004858970642,,0.5889817476272583,,,,,,,808,,
,,,0.2846220135688782,,0.6684982180595398,,,,,,,809,,
,,,0.24604761600494385,,0.538095235824585,,,,,,,810,,
,,,0.20799320936203003,,0.5599637627601624,,,,,,,811,,
,,,0.24776479601860046,,0.566149115562439,,,,,,,812,,
,,,0.2880434989929199,,0.5910112857818604,,,,,,,813,,
,,,0.2721649408340454,,0.6115207672119141,,,,,,,814,,
,,,0.25101011991500854,,0.5599656105041504,,,,,,,815,,
,,,0.2958829402923584,,0.5853046178817749,,,,,,,816,,
,,,0.2788548767566681,,0.5833923816680908,,,,,,,817,,
,,,0.200340136885643,,0.47954824566841125,,,,,,,818,,
,,,0.2830261290073395,,0.5158294439315796,,,,,,,819,,
,,,0.2744295597076416,,0.5989313125610352,,,,,,,820,,
,,,0.2601190507411957,,0.6030014753341675,,,,,,,821,,
,,,0.2719387710094452,,0.5707885026931763,,,,,,,822,,
,,,0.30492857098579407,,0.634402334690094,,,,,,,823,,
,,,0.28307825326919556,,0.6424185633659363,,,,,,,824,,
,,,0.2312925159931183,,0.5478947758674622,,,,,,,825,,
,,,0.30714285373687744,,0.5991228222846985,,,,,,,826,,
,,,0.2191867083311081,,0.5491039752960205,,,,,,,827,,
,,,0.22007854282855988,,0.5885093212127686,,,,,,,828,,
,,,0.25353536009788513,,0.5588542222976685,,,,,,,829,,
,,,0.2335296869277954,,0.5540114045143127,,,,,,,830,,
,,,0.2386597841978073,,0.5496729612350464,,,,,,,831,,
,,,0.31661808490753174,,0.6171731948852539,,,,,,,832,,
,,,0.24494655430316925,,0.5936260223388672,,,,,,,833,,
,,,0.2659863829612732,,0.5955197215080261,,,,,,,834,,
,,,0.22760944068431854,,0.584510862827301,,,,,,,835,,
,,,0.24398624897003174,,0.5740941762924194,,,,,,,836,,
,,,0.3208640217781067,,0.6105116605758667,,,,,,,837,,
,,,0.24430271983146667,,0.5391843914985657,,,,,,,838,,
,,,0.17391304671764374,,0.5,,,,,,,839,,
20,0.2020999938249588,0.27230000495910645,,0.5807000398635864,,,,,,,,4094,,
20,,,,,,0.43831712007522583,,0.64260333776474,,4.523958206176758,,4094,3.027139902114868,
21,,,,,,,0.42454445362091064,,0.6152312755584717,,4.23828125,4099,,3.0083045959472656
21,,,,,,,0.43149349093437195,,0.6328191757202148,,4.45703125,4149,,3.130260944366455
21,,,,,,,0.42031916975975037,,0.6167104244232178,,4.34765625,4199,,2.992846727371216
21,,,,,,,0.4407710134983063,,0.6435859799385071,,4.49609375,4249,,3.073007345199585
,,,0.26763850450515747,,0.621164083480835,,,,,,,840,,
,,,0.24671681225299835,,0.6093167662620544,,,,,,,841,,
,,,0.21662983298301697,,0.5267724990844727,,,,,,,842,,
,,,0.2955267131328583,,0.5812056660652161,,,,,,,843,,
,,,0.2146620750427246,,0.5955082178115845,,,,,,,844,,
,,,0.2882091999053955,,0.5908240079879761,,,,,,,845,,
,,,0.23348060250282288,,0.5478196144104004,,,,,,,846,,
,,,0.3371134102344513,,0.6440351009368896,,,,,,,847,,
,,,0.2575644850730896,,0.587360680103302,,,,,,,848,,
,,,0.29693877696990967,,0.6282967329025269,,,,,,,849,,
,,,0.25959596037864685,,0.5699341297149658,,,,,,,850,,
,,,0.2828231453895569,,0.6173912882804871,,,,,,,851,,
,,,0.2594752311706543,,0.5520962476730347,,,,,,,852,,
,,,0.24456140398979187,,0.5584269762039185,,,,,,,853,,
,,,0.30799320340156555,,0.6188428401947021,,,,,,,854,,
,,,0.2549999952316284,,0.5692439079284668,,,,,,,855,,
,,,0.24923115968704224,,0.5643113255500793,,,,,,,856,,
,,,0.2567340135574341,,0.5728132128715515,,,,,,,857,,
,,,0.21219930052757263,,0.5286935567855835,,,,,,,858,,
,,,0.2587301731109619,,0.5632652640342712,,,,,,,859,,
,,,0.2467919886112213,,0.6222403049468994,,,,,,,860,,
,,,0.2658809423446655,,0.5927938222885132,,,,,,,861,,
,,,0.2821305990219116,,0.5808243751525879,,,,,,,862,,
,,,0.3199523687362671,,0.6326287984848022,,,,,,,863,,
,,,0.29687803983688354,,0.624599039554596,,,,,,,864,,
,,,0.31769758462905884,,0.5989474058151245,,,,,,,865,,
,,,0.31305843591690063,,0.5992982387542725,,,,,,,866,,
,,,0.2691919207572937,,0.5787932872772217,,,,,,,867,,
,,,0.26087385416030884,,0.6115165948867798,,,,,,,868,,
,,,0.2735394835472107,,0.6081597805023193,,,,,,,869,,
,,,0.22972582280635834,,0.5524844527244568,,,,,,,870,,
,,,0.2897569537162781,,0.5648614168167114,,,,,,,871,,
,,,0.3182857036590576,,0.6521783471107483,,,,,,,872,,
,,,0.29373177886009216,,0.6032242178916931,,,,,,,873,,
,,,0.2888316214084625,,0.6080645322799683,,,,,,,874,,
,,,0.26641157269477844,,0.5787396430969238,,,,,,,875,,
,,,0.26818180084228516,,0.6253622770309448,,,,,,,876,,
,,,0.32837504148483276,,0.6470364332199097,,,,,,,877,,
,,,0.28443875908851624,,0.5444148778915405,,,,,,,878,,
,,,0.2380952537059784,,0.6666666865348816,,,,,,,879,,
21,0.20659999549388885,0.28519999980926514,,0.5928000211715698,,,,,,,,4289,,
21,,,,,,0.42729488015174866,,0.6288071870803833,,4.457571983337402,,4289,2.9861676692962646,
22,,,,,,,0.44590115547180176,,0.6482154726982117,,4.4921875,4299,,2.8855481147766113
22,,,,,,,0.424758642911911,,0.6138478517532349,,4.20703125,4349,,2.766693353652954
22,,,,,,,0.4309433102607727,,0.6310758590698242,,4.43359375,4399,,2.889913320541382
22,,,,,,,0.40697145462036133,,0.6037859916687012,,4.34375,4449,,3.039632558822632
,,,0.3343254029750824,,0.6565344333648682,,,,,,,880,,
,,,0.3075558841228485,,0.6354296207427979,,,,,,,881,,
,,,0.2792929410934448,,0.5771825313568115,,,,,,,882,,
,,,0.3241286277770996,,0.6219857931137085,,,,,,,883,,
,,,0.2894500494003296,,0.6622340083122253,,,,,,,884,,
,,,0.3504295349121094,,0.6329587697982788,,,,,,,885,,
,,,0.3104470372200012,,0.6050376296043396,,,,,,,886,,
,,,0.3721649646759033,,0.6671930551528931,,,,,,,887,,
,,,0.2822306156158447,,0.6242401003837585,,,,,,,888,,
,,,0.3177720904350281,,0.6809524297714233,,,,,,,889,,
,,,0.3050534427165985,,0.6185157299041748,,,,,,,890,,
,,,0.2914089262485504,,0.626086950302124,,,,,,,891,,
,,,0.29555392265319824,,0.6337991952896118,,,,,,,892,,
,,,0.2757894992828369,,0.5955055952072144,,,,,,,893,,
,,,0.32074129581451416,,0.6878648400306702,,,,,,,894,,
,,,0.2695286273956299,,0.6386597156524658,,,,,,,895,,
,,,0.33165696263313293,,0.667025089263916,,,,,,,896,,
,,,0.3054421842098236,,0.6643025875091553,,,,,,,897,,
,,,0.22885489463806152,,0.5548229813575745,,,,,,,898,,
,,,0.3015539050102234,,0.5860806107521057,,,,,,,899,,
,,,0.2553814649581909,,0.652543306350708,,,,,,,900,,
,,,0.3118683099746704,,0.6364108324050903,,,,,,,901,,
,,,0.29404759407043457,,0.6405017971992493,,,,,,,902,,
,,,0.32388097047805786,,0.6848639845848083,,,,,,,903,,
,,,0.3383503258228302,,0.6579949855804443,,,,,,,904,,
,,,0.2977891266345978,,0.646140456199646,,,,,,,905,,
,,,0.34047621488571167,,0.6603509187698364,,,,,,,906,,
,,,0.28552186489105225,,0.6225806474685669,,,,,,,907,,
,,,0.28070691227912903,,0.6652950644493103,,,,,,,908,,
,,,0.2823024094104767,,0.6458333730697632,,,,,,,909,,
,,,0.27135568857192993,,0.5556676983833313,,,,,,,910,,
,,,0.28121012449264526,,0.6163526773452759,,,,,,,911,,
,,,0.3494468331336975,,0.6858662366867065,,,,,,,912,,
,,,0.2911255359649658,,0.6444692611694336,,,,,,,913,,
,,,0.3228956162929535,,0.6365591287612915,,,,,,,914,,
,,,0.3114067018032074,,0.6094461679458618,,,,,,,915,,
,,,0.3309027850627899,,0.6460145115852356,,,,,,,916,,
,,,0.3382192552089691,,0.6861448884010315,,,,,,,917,,
,,,0.2671666443347931,,0.606560230255127,,,,,,,918,,
,,,0.260869562625885,,0.7000000476837158,,,,,,,919,,
22,0.22859999537467957,0.3199999928474426,,0.6359000205993652,,,,,,,,4484,,
22,,,,,,0.42609554529190063,,0.6246786713600159,,4.397796630859375,,4484,2.9651973247528076,
23,,,,,,,0.3706597089767456,,0.5708767175674438,,4.375,4499,,2.645524263381958
23,,,,,,,0.40251076221466064,,0.60052490234375,,4.36328125,4549,,2.892564058303833
23,,,,,,,0.39988693594932556,,0.5904638767242432,,4.2109375,4599,,2.880915403366089
23,,,,,,,0.43822425603866577,,0.6323775053024292,,4.3203125,4649,,2.966628074645996
,,,0.29393714666366577,,0.5883069038391113,,,,,,,920,,
,,,0.3020337224006653,,0.6603519916534424,,,,,,,921,,
,,,0.24298115074634552,,0.6055952310562134,,,,,,,922,,
,,,0.29115647077560425,,0.6219857931137085,,,,,,,923,,
,,,0.32227951288223267,,0.6462174654006958,,,,,,,924,,
,,,0.3413158059120178,,0.6256554126739502,,,,,,,925,,
,,,0.30194807052612305,,0.6160902380943298,,,,,,,926,,
,,,0.38041234016418457,,0.6971930265426636,,,,,,,927,,
,,,0.2547138035297394,,0.6090679168701172,,,,,,,928,,
,,,0.31365978717803955,,0.6358975172042847,,,,,,,929,,
,,,0.25480952858924866,,0.5699341297149658,,,,,,,930,,
,,,0.2814626097679138,,0.6358696222305298,,,,,,,931,,
,,,0.2803751826286316,,0.6224896907806396,,,,,,,932,,
,,,0.3080645203590393,,0.6082397103309631,,,,,,,933,,
,,,0.3073333203792572,,0.6532770395278931,,,,,,,934,,
,,,0.284343421459198,,0.6261168718338013,,,,,,,935,,
,,,0.3062439262866974,,0.6265233159065247,,,,,,,936,,
,,,0.30990833044052124,,0.6307328343391418,,,,,,,937,,
,,,0.25538548827171326,,0.517277181148529,,,,,,,938,,
,,,0.30706846714019775,,0.5920984148979187,,,,,,,939,,
,,,0.33914637565612793,,0.6738501191139221,,,,,,,940,,
,,,0.2996031641960144,,0.6002659797668457,,,,,,,941,,
,,,0.3229166865348816,,0.6655913591384888,,,,,,,942,,
,,,0.33660411834716797,,0.6611273288726807,,,,,,,943,,
,,,0.32913661003112793,,0.640914797782898,,,,,,,944,,
,,,0.3438144326210022,,0.6047369241714478,,,,,,,945,,
,,,0.31966668367385864,,0.6473684310913086,,,,,,,946,,
,,,0.28063973784446716,,0.6107527017593384,,,,,,,947,,
,,,0.287822425365448,,0.6309006214141846,,,,,,,948,,
,,,0.3080808222293854,,0.5750000476837158,,,,,,,949,,
,,,0.26810967922210693,,0.5682194828987122,,,,,,,950,,
,,,0.28316497802734375,,0.5910387635231018,,,,,,,951,,
,,,0.3194805085659027,,0.6761144995689392,,,,,,,952,,
,,,0.3273080587387085,,0.5985615253448486,,,,,,,953,,
,,,0.27673614025115967,,0.6634408831596375,,,,,,,954,,
,,,0.32312923669815063,,0.6367106437683105,,,,,,,955,,
,,,0.2880471348762512,,0.596195638179779,,,,,,,956,,
,,,0.3461805582046509,,0.6672492623329163,,,,,,,957,,
,,,0.273333340883255,,0.574999988079071,,,,,,,958,,
,,,0.1666666716337204,,0.6333333253860474,,,,,,,959,,
23,0.22380000352859497,0.31630000472068787,,0.6244999766349792,,,,,,,,4679,,
23,,,,,,0.421233594417572,,0.6178151965141296,,4.352864742279053,,4679,2.934074878692627,
24,,,,,,,0.3996399939060211,,0.6013376712799072,,4.43359375,4699,,2.9528112411499023
24,,,,,,,0.4405709207057953,,0.6392455101013184,,4.4140625,4749,,2.875532627105713
24,,,,,,,0.38367143273353577,,0.578599214553833,,4.28125,4799,,2.8078246116638184
24,,,,,,,0.37019434571266174,,0.5672608017921448,,4.3125,4849,,2.897163152694702
,,,0.29985421895980835,,0.6207143068313599,,,,,,,960,,
,,,0.2681547701358795,,0.6012939810752869,,,,,,,961,,
,,,0.2950769066810608,,0.6004233360290527,,,,,,,962,,
,,,0.3114674389362335,,0.6221884489059448,,,,,,,963,,
,,,0.2850729823112488,,0.610579252243042,,,,,,,964,,
,,,0.2964409589767456,,0.598689079284668,,,,,,,965,,
,,,0.2726791799068451,,0.6042356491088867,,,,,,,966,,
,,,0.3109999895095825,,0.6456140279769897,,,,,,,967,,
,,,0.2706676423549652,,0.5920718908309937,,,,,,,968,,
,,,0.3363715410232544,,0.6319597959518433,,,,,,,969,,
,,,0.2902332544326782,,0.5941995978355408,,,,,,,970,,
,,,0.26701030135154724,,0.5916666984558105,,,,,,,971,,
,,,0.257792204618454,,0.6128882169723511,,,,,,,972,,
,,,0.26487454771995544,,0.594194769859314,,,,,,,973,,
,,,0.3098639249801636,,0.678878664970398,,,,,,,974,,
,,,0.27516666054725647,,0.6000000238418579,,,,,,,975,,
,,,0.29490143060684204,,0.6216845512390137,,,,,,,976,,
,,,0.28905895352363586,,0.5984042882919312,,,,,,,977,,
,,,0.21598640084266663,,0.5326007604598999,,,,,,,978,,
,,,0.288561075925827,,0.5481685400009155,,,,,,,979,,
,,,0.28943610191345215,,0.6271645426750183,,,,,,,980,,
,,,0.36161020398139954,,0.6064462661743164,,,,,,,981,,
,,,0.3178694248199463,,0.6012544631958008,,,,,,,982,,
,,,0.3218095302581787,,0.6510204076766968,,,,,,,983,,
,,,0.29874879121780396,,0.6086591482162476,,,,,,,984,,
,,,0.32210883498191833,,0.6105263233184814,,,,,,,985,,
,,,0.3286941647529602,,0.6571930646896362,,,,,,,986,,
,,,0.2896258533000946,,0.5771803855895996,,,,,,,987,,
,,,0.25629961490631104,,0.6235507726669312,,,,,,,988,,
,,,0.2760942578315735,,0.5965277552604675,,,,,,,989,,
,,,0.28790283203125,,0.5728519558906555,,,,,,,990,,
,,,0.2480563521385193,,0.5644034743309021,,,,,,,991,,
,,,0.33949434757232666,,0.6335866451263428,,,,,,,992,,
,,,0.32453837990760803,,0.5906994342803955,,,,,,,993,,
,,,0.30622896552085876,,0.5962365865707397,,,,,,,994,,
,,,0.2904040515422821,,0.6041666269302368,,,,,,,995,,
,,,0.3051418364048004,,0.6252070665359497,,,,,,,996,,
,,,0.3361806273460388,,0.6487335562705994,,,,,,,997,,
,,,0.2897959351539612,,0.6208333373069763,,,,,,,998,,
,,,0.25,,0.7333333492279053,,,,,,,999,,
24,0.22209998965263367,0.3091999888420105,,0.6101999878883362,,,,,,,,4874,,
24,,,,,,0.42016249895095825,,0.614844024181366,,4.313782215118408,,4874,2.9110536575317383,
25,,,,,,,0.39784109592437744,,0.5974314212799072,,4.390625,4899,,2.7567591667175293
25,,,,,,,0.4300581216812134,,0.6240093111991882,,4.30859375,4949,,2.871455192565918
25,,,,,,,0.3937285542488098,,0.5879093408584595,,4.27734375,4999,,2.7532265186309814
25,,,,,,,0.4319288730621338,,0.632744550704956,,4.44921875,5049,,3.082098960876465
,,,0.3269268274307251,,0.6276454925537109,,,,,,,1000,,
,,,0.3236151337623596,,0.6172618865966797,,,,,,,1001,,
,,,0.25944942235946655,,0.5936508178710938,,,,,,,1002,,
,,,0.3021354675292969,,0.6944275498390198,,,,,,,1003,,
,,,0.31921297311782837,,0.6277777552604675,,,,,,,1004,,
,,,0.3188368082046509,,0.632022500038147,,,,,,,1005,,
,,,0.2935444116592407,,0.603208065032959,,,,,,,1006,,
,,,0.367006778717041,,0.6685965061187744,,,,,,,1007,,
,,,0.31170839071273804,,0.6555217504501343,,,,,,,1008,,
,,,0.29522570967674255,,0.6501832008361816,,,,,,,1009,,
,,,0.2619999945163727,,0.6250759959220886,,,,,,,1010,,
,,,0.2551020383834839,,0.6581522226333618,,,,,,,1011,,
,,,0.27939745783805847,,0.6423913240432739,,,,,,,1012,,
,,,0.2728070318698883,,0.5784643888473511,,,,,,,1013,,
,,,0.28378570079803467,,0.6401945948600769,,,,,,,1014,,
,,,0.3214285671710968,,0.5945017337799072,,,,,,,1015,,
,,,0.2784985303878784,,0.6388888359069824,,,,,,,1016,,
,,,0.28327664732933044,,0.6174941062927246,,,,,,,1017,,
,,,0.2251700758934021,,0.5645298957824707,,,,,,,1018,,
,,,0.301353394985199,,0.5981423854827881,,,,,,,1019,,
,,,0.32125312089920044,,0.670616865158081,,,,,,,1020,,
,,,0.3529154658317566,,0.6481890082359314,,,,,,,1021,,
,,,0.33888888359069824,,0.6191756129264832,,,,,,,1022,,
,,,0.3386964797973633,,0.6683187484741211,,,,,,,1023,,
,,,0.3344275951385498,,0.6425188183784485,,,,,,,1024,,
,,,0.35711807012557983,,0.5998245477676392,,,,,,,1025,,
,,,0.31292515993118286,,0.6801754236221313,,,,,,,1026,,
,,,0.2794959843158722,,0.6166069507598877,,,,,,,1027,,
,,,0.2515714168548584,,0.6352484226226807,,,,,,,1028,,
,,,0.3011784553527832,,0.6682292222976685,,,,,,,1029,,
,,,0.2885664701461792,,0.5949792861938477,,,,,,,1030,,
,,,0.32032310962677,,0.5681711435317993,,,,,,,1031,,
,,,0.3177970051765442,,0.706610918045044,,,,,,,1032,,
,,,0.30405735969543457,,0.6597470641136169,,,,,,,1033,,
,,,0.3257731795310974,,0.6272401809692383,,,,,,,1034,,
,,,0.2689747214317322,,0.6003881692886353,,,,,,,1035,,
,,,0.2939862310886383,,0.5954192876815796,,,,,,,1036,,
,,,0.319692462682724,,0.6823201179504395,,,,,,,1037,,
,,,0.28724998235702515,,0.6154255270957947,,,,,,,1038,,
,,,0.1666666716337204,,0.7000000476837158,,,,,,,1039,,
25,0.22169999778270721,0.31610000133514404,,0.6292000412940979,,,,,,,,5069,,
25,,,,,,0.4157882630825043,,0.6093222498893738,,4.286498546600342,,5069,2.8878777027130127,
26,,,,,,,0.3958810269832611,,0.597156286239624,,4.421875,5099,,2.777700901031494
26,,,,,,,0.4419825077056885,,0.6339946985244751,,4.28125,5149,,3.0425667762756348
26,,,,,,,0.47508180141448975,,0.6570161581039429,,4.11328125,5199,,2.829422950744629
26,,,,,,,0.39145156741142273,,0.568900465965271,,3.94140625,5249,,2.8362693786621094
,,,0.3677113652229309,,0.687936544418335,,,,,,,1040,,
,,,0.32740575075149536,,0.6656056046485901,,,,,,,1041,,
,,,0.25439369678497314,,0.5902381539344788,,,,,,,1042,,
,,,0.30680614709854126,,0.6329786777496338,,,,,,,1043,,
,,,0.37839508056640625,,0.6630614399909973,,,,,,,1044,,
,,,0.3491319417953491,,0.6623595952987671,,,,,,,1045,,
,,,0.31265032291412354,,0.6185213327407837,,,,,,,1046,,
,,,0.3579931855201721,,0.736842155456543,,,,,,,1047,,
,,,0.3060019612312317,,0.6495947241783142,,,,,,,1048,,
,,,0.336309552192688,,0.6718864440917969,,,,,,,1049,,
,,,0.3550986051559448,,0.6192249059677124,,,,,,,1050,,
,,,0.2874149680137634,,0.623369574546814,,,,,,,1051,,
,,,0.3142366409301758,,0.6849120259284973,,,,,,,1052,,
,,,0.2925170063972473,,0.6217228174209595,,,,,,,1053,,
,,,0.3522337079048157,,0.6909114122390747,,,,,,,1054,,
,,,0.3244999647140503,,0.6565291881561279,,,,,,,1055,,
,,,0.2975454330444336,,0.6826164722442627,,,,,,,1056,,
,,,0.29337823390960693,,0.6557328701019287,,,,,,,1057,,
,,,0.26161617040634155,,0.5904151797294617,,,,,,,1058,,
,,,0.3138484060764313,,0.5771847367286682,,,,,,,1059,,
,,,0.3136656880378723,,0.676866888999939,,,,,,,1060,,
,,,0.338936984539032,,0.6932623982429504,,,,,,,1061,,
,,,0.3028619587421417,,0.662007212638855,,,,,,,1062,,
,,,0.32121211290359497,,0.6789358258247375,,,,,,,1063,,
,,,0.2873136103153229,,0.691917359828949,,,,,,,1064,,
,,,0.31802719831466675,,0.6780701875686646,,,,,,,1065,,
,,,0.36156463623046875,,0.6715790033340454,,,,,,,1066,,
,,,0.28466665744781494,,0.630286693572998,,,,,,,1067,,
,,,0.32576441764831543,,0.6855331063270569,,,,,,,1068,,
,,,0.3013468384742737,,0.6437500715255737,,,,,,,1069,,
,,,0.29781341552734375,,0.6159937977790833,,,,,,,1070,,
,,,0.27363771200180054,,0.5963631868362427,,,,,,,1071,,
,,,0.3251190185546875,,0.6835613250732422,,,,,,,1072,,
,,,0.30341511964797974,,0.6680803894996643,,,,,,,1073,,
,,,0.37199312448501587,,0.6575268507003784,,,,,,,1074,,
,,,0.33078229427337646,,0.6471920013427734,,,,,,,1075,,
,,,0.3348958492279053,,0.6313664317131042,,,,,,,1076,,
,,,0.363119512796402,,0.709650456905365,,,,,,,1077,,
,,,0.3345959782600403,,0.6285461187362671,,,,,,,1078,,
,,,0.260869562625885,,0.7000000476837158,,,,,,,1079,,
26,0.24230000376701355,0.33880001306533813,,0.656000018119812,,,,,,,,5264,,
26,,,,,,0.41228124499320984,,0.6030779480934143,,4.228265285491943,,5264,2.856581449508667,
27,,,,,,,0.42205947637557983,,0.6050580739974976,,4.08203125,5299,,2.8516228199005127
27,,,,,,,0.39914992451667786,,0.5785332322120667,,3.986328125,5349,,2.96179461479187
27,,,,,,,0.3963220715522766,,0.580851674079895,,4.0859375,5399,,2.8054423332214355
27,,,,,,,0.4004705548286438,,0.5888210535049438,,4.16796875,5449,,2.806230068206787
,,,0.34223055839538574,,0.6830158829689026,,,,,,,1080,,
,,,0.31335294246673584,,0.6542961001396179,,,,,,,1081,,
,,,0.29689979553222656,,0.6057143211364746,,,,,,,1082,,
,,,0.32320213317871094,,0.5891844034194946,,,,,,,1083,,
,,,0.32261502742767334,,0.6354019045829773,,,,,,,1084,,
,,,0.2963058352470398,,0.636142373085022,,,,,,,1085,,
,,,0.3105238080024719,,0.6508772373199463,,,,,,,1086,,
,,,0.3801347017288208,,0.695087730884552,,,,,,,1087,,
,,,0.31762394309043884,,0.6528875231742859,,,,,,,1088,,
,,,0.3264455795288086,,0.6669414043426514,,,,,,,1089,,
,,,0.28633958101272583,,0.6435917019844055,,,,,,,1090,,
,,,0.2860269248485565,,0.6355072259902954,,,,,,,1091,,
,,,0.33000487089157104,,0.6314440965652466,,,,,,,1092,,
,,,0.2940351068973541,,0.6378277540206909,,,,,,,1093,,
,,,0.35716739296913147,,0.6785458326339722,,,,,,,1094,,
,,,0.3084999918937683,,0.6549828052520752,,,,,,,1095,,
,,,0.32380953431129456,,0.6242703199386597,,,,,,,1096,,
,,,0.3218294084072113,,0.6174349784851074,,,,,,,1097,,
,,,0.22483332455158234,,0.5719780325889587,,,,,,,1098,,
,,,0.3128822147846222,,0.5836997032165527,,,,,,,1099,,
,,,0.2989724576473236,,0.6829410195350647,,,,,,,1100,,
,,,0.3041486442089081,,0.6863222122192383,,,,,,,1101,,
,,,0.31785711646080017,,0.6618279218673706,,,,,,,1102,,
,,,0.3388333320617676,,0.6934888362884521,,,,,,,1103,,
,,,0.3633529543876648,,0.6793859601020813,,,,,,,1104,,
,,,0.32558920979499817,,0.6236842274665833,,,,,,,1105,,
,,,0.3295918107032776,,0.6621053218841553,,,,,,,1106,,
,,,0.29175084829330444,,0.6621863842010498,,,,,,,1107,,
,,,0.3053019046783447,,0.6437370777130127,,,,,,,1108,,
,,,0.28401362895965576,,0.6555556058883667,,,,,,,1109,,
,,,0.2639971077442169,,0.581573486328125,,,,,,,1110,,
,,,0.26649484038352966,,0.5784013867378235,,,,,,,1111,,
,,,0.3574761748313904,,0.6452127695083618,,,,,,,1112,,
,,,0.31247618794441223,,0.6566964387893677,,,,,,,1113,,
,,,0.33230239152908325,,0.6206093430519104,,,,,,,1114,,
,,,0.3247448801994324,,0.6800983548164368,,,,,,,1115,,
,,,0.2687074840068817,,0.6373706459999084,,,,,,,1116,,
,,,0.35672125220298767,,0.6822441816329956,,,,,,,1117,,
,,,0.3034166693687439,,0.6412234306335449,,,,,,,1118,,
,,,0.19999998807907104,,0.7000000476837158,,,,,,,1119,,
27,0.24279999732971191,0.33090001344680786,,0.6452000141143799,,,,,,,,5459,,
27,,,,,,0.4106649160385132,,0.6006179451942444,,4.209835529327393,,5459,2.832928419113159,
28,,,,,,,0.3971866965293884,,0.5826495885848999,,4.10546875,5499,,2.937035083770752
28,,,,,,,0.4177195727825165,,0.606550395488739,,4.1953125,5549,,2.9459762573242188
28,,,,,,,0.41794049739837646,,0.6030981540679932,,4.12109375,5599,,2.7974658012390137
28,,,,,,,0.4118269085884094,,0.6024172306060791,,4.22265625,5649,,2.7987236976623535
,,,0.33259695768356323,,0.6981216669082642,,,,,,,1120,,
,,,0.3378036916255951,,0.6846014857292175,,,,,,,1121,,
,,,0.2914358675479889,,0.6055158972740173,,,,,,,1122,,
,,,0.3244107961654663,,0.6636778116226196,,,,,,,1123,,
,,,0.34688207507133484,,0.6802600026130676,,,,,,,1124,,
,,,0.33508771657943726,,0.6314606666564941,,,,,,,1125,,
,,,0.3156566023826599,,0.634636640548706,,,,,,,1126,,
,,,0.3671717345714569,,0.7407017946243286,,,,,,,1127,,
,,,0.2943298816680908,,0.6278622150421143,,,,,,,1128,,
,,,0.3414965867996216,,0.6810439825057983,,,,,,,1129,,
,,,0.3351742625236511,,0.6566362977027893,,,,,,,1130,,
,,,0.3639455735683441,,0.64402174949646,,,,,,,1131,,
,,,0.31888094544410706,,0.6630693674087524,,,,,,,1132,,
,,,0.31017544865608215,,0.6468164920806885,,,,,,,1133,,
,,,0.36124879121780396,,0.7011264562606812,,,,,,,1134,,
,,,0.3255000114440918,,0.6376287937164307,,,,,,,1135,,
,,,0.31833332777023315,,0.6583716869354248,,,,,,,1136,,
,,,0.3615120053291321,,0.6898936033248901,,,,,,,1137,,
,,,0.2879910469055176,,0.5978632569313049,,,,,,,1138,,
,,,0.3403289020061493,,0.6158294081687927,,,,,,,1139,,
,,,0.3210441470146179,,0.6924107074737549,,,,,,,1140,,
,,,0.3983236253261566,,0.6932623982429504,,,,,,,1141,,
,,,0.3491496443748474,,0.6632616519927979,,,,,,,1142,,
,,,0.4101731479167938,,0.7068512439727783,,,,,,,1143,,
,,,0.3061666488647461,,0.7327694892883301,,,,,,,1144,,
,,,0.35850340127944946,,0.6849123239517212,,,,,,,1145,,
,,,0.35808083415031433,,0.706140398979187,,,,,,,1146,,
,,,0.32596373558044434,,0.6569294929504395,,,,,,,1147,,
,,,0.30933141708374023,,0.7026398181915283,,,,,,,1148,,
,,,0.32772111892700195,,0.6781250238418579,,,,,,,1149,,
,,,0.3094509243965149,,0.6043736934661865,,,,,,,1150,,
,,,0.2987244725227356,,0.6329147815704346,,,,,,,1151,,
,,,0.4263828992843628,,0.7378419637680054,,,,,,,1152,,
,,,0.3497835397720337,,0.676066517829895,,,,,,,1153,,
,,,0.37594500184059143,,0.6496415734291077,,,,,,,1154,,
,,,0.2957903742790222,,0.6646997928619385,,,,,,,1155,,
,,,0.35104167461395264,,0.6412267684936523,,,,,,,1156,,
,,,0.35012149810791016,,0.7122087478637695,,,,,,,1157,,
,,,0.33503401279449463,,0.6398049592971802,,,,,,,1158,,
,,,0.260869562625885,,0.5666667222976685,,,,,,,1159,,
28,0.2591000199317932,0.3520999848842621,,0.6651999950408936,,,,,,,,5654,,
28,,,,,,0.4077955484390259,,0.5953546166419983,,4.158934116363525,,5654,2.807522773742676,
29,,,,,,,0.3963994085788727,,0.5775071382522583,,4.01953125,5699,,2.763259172439575
29,,,,,,,0.4049064815044403,,0.5916923880577087,,4.140625,5749,,2.744241237640381
29,,,,,,,0.3985989987850189,,0.581549882888794,,4.05859375,5799,,2.5860824584960938
29,,,,,,,0.4057074785232544,,0.6028293371200562,,4.34765625,5849,,2.721658706665039
,,,0.3681148588657379,,0.6758201122283936,,,,,,,1160,,
,,,0.27408522367477417,,0.6556417942047119,,,,,,,1161,,
,,,0.2584962546825409,,0.6000529527664185,,,,,,,1162,,
,,,0.32099124789237976,,0.6156028509140015,,,,,,,1163,,
,,,0.29085299372673035,,0.6428486704826355,,,,,,,1164,,
,,,0.2978723347187042,,0.6561797857284546,,,,,,,1165,,
,,,0.29436343908309937,,0.6517043113708496,,,,,,,1166,,
,,,0.33608245849609375,,0.6880701780319214,,,,,,,1167,,
,,,0.23639456927776337,,0.6138551235198975,,,,,,,1168,,
,,,0.32821178436279297,,0.6206960678100586,,,,,,,1169,,
,,,0.3135984241962433,,0.5844731330871582,,,,,,,1170,,
,,,0.3183501660823822,,0.6601449251174927,,,,,,,1171,,
,,,0.31334325671195984,,0.6401397585868835,,,,,,,1172,,
,,,0.2414930760860443,,0.6037453413009644,,,,,,,1173,,
,,,0.291462242603302,,0.6496927738189697,,,,,,,1174,,
,,,0.30900001525878906,,0.6501717567443848,,,,,,,1175,,
,,,0.2666666805744171,,0.627854585647583,,,,,,,1176,,
,,,0.2807519733905792,,0.626004695892334,,,,,,,1177,,
,,,0.24931973218917847,,0.5438950061798096,,,,,,,1178,,
,,,0.29614993929862976,,0.5774725675582886,,,,,,,1179,,
,,,0.2993427813053131,,0.7080492973327637,,,,,,,1180,,
,,,0.3180757761001587,,0.6656914949417114,,,,,,,1181,,
,,,0.34591835737228394,,0.684587836265564,,,,,,,1182,,
,,,0.3104858100414276,,0.6597667336463928,,,,,,,1183,,
,,,0.3291606605052948,,0.7158647179603577,,,,,,,1184,,
,,,0.3446127772331238,,0.6489473581314087,,,,,,,1185,,
,,,0.3222789168357849,,0.6454386711120605,,,,,,,1186,,
,,,0.2617346942424774,,0.6086021661758423,,,,,,,1187,,
,,,0.2685859799385071,,0.6357918977737427,,,,,,,1188,,
,,,0.3319587707519531,,0.6496527791023254,,,,,,,1189,,
,,,0.24349531531333923,,0.5576604604721069,,,,,,,1190,,
,,,0.2895407974720001,,0.5792255401611328,,,,,,,1191,,
,,,0.355733722448349,,0.7289767265319824,,,,,,,1192,,
,,,0.30553150177001953,,0.6202629208564758,,,,,,,1193,,
,,,0.32604166865348816,,0.6222221851348877,,,,,,,1194,,
,,,0.2776094377040863,,0.6166925430297852,,,,,,,1195,,
,,,0.31173470616340637,,0.6023032665252686,,,,,,,1196,,
,,,0.32927602529525757,,0.6308257579803467,,,,,,,1197,,
,,,0.31591665744781494,,0.6000885963439941,,,,,,,1198,,
,,,0.22727273404598236,,0.5666667222976685,,,,,,,1199,,
29,0.2457999885082245,0.3172000050544739,,0.6344000101089478,,,,,,,,5849,,
29,,,,,,0.40539222955703735,,0.5914290547370911,,4.126162052154541,,5849,2.7890572547912598,
30,,,,,,,0.4027599096298218,,0.5883103609085083,,4.11328125,5899,,2.7887513637542725
30,,,,,,,0.3588806092739105,,0.541742205619812,,4.015625,5949,,2.794515371322632
30,,,,,,,0.4335590600967407,,0.6134191751480103,,4.03125,5999,,2.700632333755493
,,,0.31355684995651245,,0.6258201599121094,,,,,,,1200,,
,,,0.2984962463378906,,0.6553571224212646,,,,,,,1201,,
,,,0.26180553436279297,,0.558478832244873,,,,,,,1202,,
,,,0.3271765410900116,,0.6320921778678894,,,,,,,1203,,
,,,0.26324355602264404,,0.6406028270721436,,,,,,,1204,,
,,,0.28845489025115967,,0.6807116270065308,,,,,,,1205,,
,,,0.3041302263736725,,0.5759899616241455,,,,,,,1206,,
,,,0.3285714089870453,,0.6773684024810791,,,,,,,1207,,
,,,0.23690477013587952,,0.6107649207115173,,,,,,,1208,,
,,,0.3076460361480713,,0.6433150768280029,,,,,,,1209,,
,,,0.32444772124290466,,0.5767730474472046,,,,,,,1210,,
,,,0.3106529116630554,,0.6481884121894836,,,,,,,1211,,
,,,0.2950437068939209,,0.618866503238678,,,,,,,1212,,
,,,0.27659574151039124,,0.6000000238418579,,,,,,,1213,,
,,,0.31683671474456787,,0.6659754514694214,,,,,,,1214,,
,,,0.2885521948337555,,0.598281741142273,,,,,,,1215,,
,,,0.27516669034957886,,0.6039938926696777,,,,,,,1216,,
,,,0.3144097328186035,,0.632210373878479,,,,,,,1217,,
,,,0.2585858702659607,,0.5783882737159729,,,,,,,1218,,
,,,0.2738591432571411,,0.583699643611908,,,,,,,1219,,
,,,0.29696857929229736,,0.637499988079071,,,,,,,1220,,
,,,0.3248542249202728,,0.6483662128448486,,,,,,,1221,,
,,,0.3589347004890442,,0.625806450843811,,,,,,,1222,,
,,,0.32397785782814026,,0.6590136289596558,,,,,,,1223,,
,,,0.3333701491355896,,0.6418296098709106,,,,,,,1224,,
,,,0.32465988397598267,,0.6254386305809021,,,,,,,1225,,
,,,0.3112794756889343,,0.6770175695419312,,,,,,,1226,,
,,,0.3009539842605591,,0.6430107355117798,,,,,,,1227,,
,,,0.2774801552295685,,0.6555383205413818,,,,,,,1228,,
,,,0.3166666626930237,,0.6407986283302307,,,,,,,1229,,
,,,0.2720300853252411,,0.5655020475387573,,,,,,,1230,,
,,,0.3123684227466583,,0.6045918464660645,,,,,,,1231,,
,,,0.36469048261642456,,0.6983535885810852,,,,,,,1232,,
,,,0.31826192140579224,,0.6407738327980042,,,,,,,1233,,
,,,0.3083333373069763,,0.6324372291564941,,,,,,,1234,,
,,,0.25799500942230225,,0.6137810945510864,,,,,,,1235,,
,,,0.2890034317970276,,0.6446687579154968,,,,,,,1236,,
,,,0.358211874961853,,0.6338399648666382,,,,,,,1237,,
,,,0.279629647731781,,0.5672872066497803,,,,,,,1238,,
,,,0.1818181872367859,,0.6666666865348816,,,,,,,1239,,
30,0.22189998626708984,0.3196999728679657,,0.6276999711990356,,,,,,,,6044,,
30,,,,,,0.4015335738658905,,0.5867821574211121,,4.1064605712890625,,6044,2.7713139057159424,
31,,,,,,,0.4098433256149292,,0.5908892154693604,,4.03125,6049,,2.85650634765625
31,,,,,,,0.40428128838539124,,0.583774209022522,,3.994140625,6099,,2.7070088386535645
31,,,,,,,0.4309680461883545,,0.6199909448623657,,4.2109375,6149,,2.6672861576080322
31,,,,,,,0.37681278586387634,,0.5613412857055664,,4.06640625,6199,,2.7646751403808594
,,,0.3898134231567383,,0.731269896030426,,,,,,,1240,,
,,,0.3078403174877167,,0.7059264779090881,,,,,,,1241,,
,,,0.2994168996810913,,0.5923677682876587,,,,,,,1242,,
,,,0.3568728566169739,,0.7109929323196411,,,,,,,1243,,
,,,0.36122334003448486,,0.6826832294464111,,,,,,,1244,,
,,,0.30217015743255615,,0.6769663095474243,,,,,,,1245,,
,,,0.33657142519950867,,0.675213098526001,,,,,,,1246,,
,,,0.40816327929496765,,0.7292982339859009,,,,,,,1247,,
,,,0.31185466051101685,,0.6739867925643921,,,,,,,1248,,
,,,0.3471088409423828,,0.6947802901268005,,,,,,,1249,,
,,,0.3464653789997101,,0.6481256484985352,,,,,,,1250,,
,,,0.32199999690055847,,0.6635869741439819,,,,,,,1251,,
,,,0.3204221725463867,,0.6926760077476501,,,,,,,1252,,
,,,0.35035842657089233,,0.6732209920883179,,,,,,,1253,,
,,,0.38669610023498535,,0.6928827166557312,,,,,,,1254,,
,,,0.3249158263206482,,0.6680412292480469,,,,,,,1255,,
,,,0.26890331506729126,,0.6616487503051758,,,,,,,1256,,
,,,0.3574455976486206,,0.6786051988601685,,,,,,,1257,,
,,,0.25869810581207275,,0.5571429133415222,,,,,,,1258,,
,,,0.31531330943107605,,0.6149137020111084,,,,,,,1259,,
,,,0.3406373858451843,,0.7019480466842651,,,,,,,1260,,
,,,0.349615216255188,,0.7097517251968384,,,,,,,1261,,
,,,0.33522337675094604,,0.7064516544342041,,,,,,,1262,,
,,,0.38073593378067017,,0.72465980052948,,,,,,,1263,,
,,,0.3223760724067688,,0.7078697085380554,,,,,,,1264,,
,,,0.33249157667160034,,0.6670175790786743,,,,,,,1265,,
,,,0.3570706844329834,,0.705964982509613,,,,,,,1266,,
,,,0.35458189249038696,,0.664814829826355,,,,,,,1267,,
,,,0.30434465408325195,,0.6973085403442383,,,,,,,1268,,
,,,0.32976192235946655,,0.7116318941116333,,,,,,,1269,,
,,,0.2773081064224243,,0.5918737053871155,,,,,,,1270,,
,,,0.3144679069519043,,0.6597592830657959,,,,,,,1271,,
,,,0.37228572368621826,,0.7274569272994995,,,,,,,1272,,
,,,0.3347763419151306,,0.7058780193328857,,,,,,,1273,,
,,,0.3773195743560791,,0.6743727326393127,,,,,,,1274,,
,,,0.30399999022483826,,0.7105978727340698,,,,,,,1275,,
,,,0.3215758502483368,,0.657013475894928,,,,,,,1276,,
,,,0.4161757230758667,,0.6985561847686768,,,,,,,1277,,
,,,0.3373333215713501,,0.6746453642845154,,,,,,,1278,,
,,,0.2083333432674408,,0.6333333253860474,,,,,,,1279,,
31,0.2574999928474426,0.3530000150203705,,0.6758999824523926,,,,,,,,6239,,
31,,,,,,0.39932724833488464,,0.5820831656455994,,4.054357051849365,,6239,2.753770112991333,
32,,,,,,,0.40355366468429565,,0.5823506116867065,,3.98046875,6249,,2.7840704917907715
32,,,,,,,0.4045463502407074,,0.5861012935638428,,4.03515625,6299,,2.6222691535949707
32,,,,,,,0.4136226177215576,,0.6029024124145508,,4.19921875,6349,,2.9147725105285645
32,,,,,,,0.4371185302734375,,0.6138709783554077,,3.97265625,6399,,2.783264398574829
,,,0.3317212462425232,,0.6829100847244263,,,,,,,1280,,
,,,0.29696306586265564,,0.6674171686172485,,,,,,,1281,,
,,,0.29101619124412537,,0.6202380657196045,,,,,,,1282,,
,,,0.3225218653678894,,0.6633992195129395,,,,,,,1283,,
,,,0.3186507821083069,,0.6759456396102905,,,,,,,1284,,
,,,0.3283854126930237,,0.6589887142181396,,,,,,,1285,,
,,,0.3299762010574341,,0.5987468957901001,,,,,,,1286,,
,,,0.394727885723114,,0.71754390001297,,,,,,,1287,,
,,,0.3068728446960449,,0.675683856010437,,,,,,,1288,,
,,,0.33690476417541504,,0.6834249496459961,,,,,,,1289,,
,,,0.3357623815536499,,0.6367021203041077,,,,,,,1290,,
,,,0.31020408868789673,,0.658152163028717,,,,,,,1291,,
,,,0.30243057012557983,,0.6692287921905518,,,,,,,1292,,
,,,0.3037634491920471,,0.6228464841842651,,,,,,,1293,,
,,,0.3873834013938904,,0.6667946577072144,,,,,,,1294,,
,,,0.2930976450443268,,0.6549827456474304,,,,,,,1295,,
,,,0.32631319761276245,,0.6163850426673889,,,,,,,1296,,
,,,0.316781222820282,,0.6326832175254822,,,,,,,1297,,
,,,0.25731295347213745,,0.561965823173523,,,,,,,1298,,
,,,0.28816962242126465,,0.6230769753456116,,,,,,,1299,,
,,,0.3002130389213562,,0.6939123868942261,,,,,,,1300,,
,,,0.3547011613845825,,0.7053824663162231,,,,,,,1301,,
,,,0.3188552260398865,,0.647849440574646,,,,,,,1302,,
,,,0.3539285659790039,,0.7275509834289551,,,,,,,1303,,
,,,0.32545238733291626,,0.6552631855010986,,,,,,,1304,,
,,,0.3062289357185364,,0.675438642501831,,,,,,,1305,,
,,,0.3231666684150696,,0.6831579208374023,,,,,,,1306,,
,,,0.30892258882522583,,0.6478495001792908,,,,,,,1307,,
,,,0.28457242250442505,,0.6517080664634705,,,,,,,1308,,
,,,0.31969696283340454,,0.6939235925674438,,,,,,,1309,,
,,,0.28675898909568787,,0.5956780314445496,,,,,,,1310,,
,,,0.2878788113594055,,0.6162480711936951,,,,,,,1311,,
,,,0.38921427726745605,,0.6628419160842896,,,,,,,1312,,
,,,0.35758018493652344,,0.6643105745315552,,,,,,,1313,,
,,,0.32704079151153564,,0.6469534039497375,,,,,,,1314,,
,,,0.3202380836009979,,0.6831521987915039,,,,,,,1315,,
,,,0.32793325185775757,,0.645160436630249,,,,,,,1316,,
,,,0.36651939153671265,,0.6827760934829712,,,,,,,1317,,
,,,0.30951178073883057,,0.6146276593208313,,,,,,,1318,,
,,,0.2083333432674408,,0.5333333611488342,,,,,,,1319,,
32,0.23320001363754272,0.3376999795436859,,0.6567999720573425,,,,,,,,6434,,
32,,,,,,0.39928144216537476,,0.5808827877044678,,4.031350135803223,,6434,2.7376866340637207,
33,,,,,,,0.35419976711273193,,0.5383940935134888,,4.0390625,6449,,2.6201748847961426
33,,,,,,,0.3692014515399933,,0.5454435348510742,,3.89453125,6499,,2.535623550415039
33,,,,,,,0.37568020820617676,,0.560021162033081,,4.0625,6549,,2.6436591148376465
33,,,,,,,0.392737478017807,,0.5657275915145874,,3.853515625,6599,,2.68738055229187
,,,0.3801587224006653,,0.6818253993988037,,,,,,,1320,,
,,,0.3703508973121643,,0.6681159734725952,,,,,,,1321,,
,,,0.31302231550216675,,0.6746825575828552,,,,,,,1322,,
,,,0.36547619104385376,,0.6973404288291931,,,,,,,1323,,
,,,0.394388347864151,,0.7060874700546265,,,,,,,1324,,
,,,0.33801019191741943,,0.7061797976493835,,,,,,,1325,,
,,,0.3319384455680847,,0.6617544293403625,,,,,,,1326,,
,,,0.3818027079105377,,0.7147368788719177,,,,,,,1327,,
,,,0.27820324897766113,,0.6745947599411011,,,,,,,1328,,
,,,0.35182294249534607,,0.7220696806907654,,,,,,,1329,,
,,,0.38340696692466736,,0.6352837085723877,,,,,,,1330,,
,,,0.3843434453010559,,0.6583333611488342,,,,,,,1331,,
,,,0.35098183155059814,,0.7031832337379456,,,,,,,1332,,
,,,0.3186170160770416,,0.6595505475997925,,,,,,,1333,,
,,,0.406349241733551,,0.7317715883255005,,,,,,,1334,,
,,,0.3464999794960022,,0.675944983959198,,,,,,,1335,,
,,,0.3294217884540558,,0.6695852279663086,,,,,,,1336,,
,,,0.39003434777259827,,0.6638298034667969,,,,,,,1337,,
,,,0.28698092699050903,,0.6294872760772705,,,,,,,1338,,
,,,0.3224310874938965,,0.6577708721160889,,,,,,,1339,,
,,,0.29658812284469604,,0.6732954978942871,,,,,,,1340,,
,,,0.3647066056728363,,0.7130318880081177,,,,,,,1341,,
,,,0.3887755274772644,,0.6784946322441101,,,,,,,1342,,
,,,0.35845237970352173,,0.7051020264625549,,,,,,,1343,,
,,,0.342881441116333,,0.7076065540313721,,,,,,,1344,,
,,,0.36151203513145447,,0.6970175504684448,,,,,,,1345,,
,,,0.3712121248245239,,0.7254385948181152,,,,,,,1346,,
,,,0.3623582720756531,,0.6646953821182251,,,,,,,1347,,
,,,0.3308296203613281,,0.6983177661895752,,,,,,,1348,,
,,,0.37037038803100586,,0.6949652433395386,,,,,,,1349,,
,,,0.307658314704895,,0.6168737411499023,,,,,,,1350,,
,,,0.3375675082206726,,0.6541601419448853,,,,,,,1351,,
,,,0.38821670413017273,,0.7530648708343506,,,,,,,1352,,
,,,0.34511905908584595,,0.6879960894584656,,,,,,,1353,,
,,,0.3546391725540161,,0.6842293739318848,,,,,,,1354,,
,,,0.3492390513420105,,0.6438794136047363,,,,,,,1355,,
,,,0.35618558526039124,,0.6620858907699585,,,,,,,1356,,
,,,0.41654640436172485,,0.7026342153549194,,,,,,,1357,,
,,,0.33158332109451294,,0.660194993019104,,,,,,,1358,,
,,,0.2857142984867096,,0.7000000476837158,,,,,,,1359,,
33,0.25760000944137573,0.36969998478889465,,0.6806000471115112,,,,,,,,6629,,
33,,,,,,0.3971036374568939,,0.578069806098938,,4.016446113586426,,6629,2.7126152515411377,
34,,,,,,,0.36579763889312744,,0.5502665042877197,,4.0546875,6649,,2.7251176834106445
34,,,,,,,0.3838334083557129,,0.5648370385169983,,4.00390625,6699,,2.5973081588745117
34,,,,,,,0.3670029938220978,,0.5390825271606445,,3.80859375,6749,,2.6236300468444824
34,,,,,,,0.41556915640830994,,0.5953521728515625,,4.01171875,6799,,2.731649398803711
,,,0.37115857005119324,,0.6975661516189575,,,,,,,1360,,
,,,0.3637031316757202,,0.6938146948814392,,,,,,,1361,,
,,,0.3541482388973236,,0.664126992225647,,,,,,,1362,,
,,,0.35428088903427124,,0.6941488981246948,,,,,,,1363,,
,,,0.3419753313064575,,0.7298463582992554,,,,,,,1364,,
,,,0.37703898549079895,,0.697752833366394,,,,,,,1365,,
,,,0.35154759883880615,,0.6511027812957764,,,,,,,1366,,
,,,0.3668350279331207,,0.7214035391807556,,,,,,,1367,,
,,,0.2780612111091614,,0.6518237590789795,,,,,,,1368,,
,,,0.36870747804641724,,0.7052198648452759,,,,,,,1369,,
,,,0.33971524238586426,,0.6330547332763672,,,,,,,1370,,
,,,0.3646464943885803,,0.6554347276687622,,,,,,,1371,,
,,,0.31511175632476807,,0.6620858907699585,,,,,,,1372,,
,,,0.3476950228214264,,0.627902626991272,,,,,,,1373,,
,,,0.37237608432769775,,0.7174347043037415,,,,,,,1374,,
,,,0.3355219066143036,,0.6773195862770081,,,,,,,1375,,
,,,0.3340548276901245,,0.6870967745780945,,,,,,,1376,,
,,,0.35131728649139404,,0.692789614200592,,,,,,,1377,,
,,,0.3175736665725708,,0.5973749160766602,,,,,,,1378,,
,,,0.30248016119003296,,0.6463370323181152,,,,,,,1379,,
,,,0.3234586715698242,,0.6977137327194214,,,,,,,1380,,
,,,0.34135401248931885,,0.71585613489151,,,,,,,1381,,
,,,0.3254295587539673,,0.6912186145782471,,,,,,,1382,,
,,,0.3678932189941406,,0.7242225408554077,,,,,,,1383,,
,,,0.37442314624786377,,0.6972556114196777,,,,,,,1384,,
,,,0.3420068025588989,,0.6928070783615112,,,,,,,1385,,
,,,0.4134353995323181,,0.6768420934677124,,,,,,,1386,,
,,,0.3097643256187439,,0.6482676267623901,,,,,,,1387,,
,,,0.3155257999897003,,0.6915113925933838,,,,,,,1388,,
,,,0.3726804256439209,,0.6975694298744202,,,,,,,1389,,
,,,0.33053508400917053,,0.6283903121948242,,,,,,,1390,,
,,,0.34794148802757263,,0.630664587020874,,,,,,,1391,,
,,,0.3860476016998291,,0.7196555137634277,,,,,,,1392,,
,,,0.36253008246421814,,0.6953620910644531,,,,,,,1393,,
,,,0.3374570608139038,,0.6933691501617432,,,,,,,1394,,
,,,0.33248651027679443,,0.667611300945282,,,,,,,1395,,
,,,0.36521846055984497,,0.6410713791847229,,,,,,,1396,,
,,,0.3673955202102661,,0.705825686454773,,,,,,,1397,,
,,,0.3076666593551636,,0.6466311812400818,,,,,,,1398,,
,,,0.21739131212234497,,0.8000000715255737,,,,,,,1399,,
34,0.2586999833583832,0.3625999689102173,,0.6791999936103821,,,,,,,,6824,,
34,,,,,,0.3923880159854889,,0.5719054937362671,,3.982762336730957,,6824,2.6882882118225098,
35,,,,,,,0.4083558917045593,,0.5844712853431702,,3.9296875,6849,,2.7559971809387207
35,,,,,,,0.38904470205307007,,0.5656373500823975,,3.919921875,6899,,2.7912909984588623
35,,,,,,,0.3963858187198639,,0.5765177011489868,,3.998046875,6949,,2.7802507877349854
35,,,,,,,0.3791573643684387,,0.5610051155090332,,4.015625,6999,,2.7935895919799805
,,,0.3319384455680847,,0.6623809337615967,,,,,,,1400,,
,,,0.30354663729667664,,0.648317813873291,,,,,,,1401,,
,,,0.3302305042743683,,0.6321825981140137,,,,,,,1402,,
,,,0.3335762917995453,,0.6992148160934448,,,,,,,1403,,
,,,0.37031424045562744,,0.6684397459030151,,,,,,,1404,,
,,,0.3506140410900116,,0.7365168333053589,,,,,,,1405,,
,,,0.3374635577201843,,0.6816290616989136,,,,,,,1406,,
,,,0.41237112879753113,,0.725263237953186,,,,,,,1407,,
,,,0.3210603892803192,,0.665805459022522,,,,,,,1408,,
,,,0.3473367691040039,,0.71163010597229,,,,,,,1409,,
,,,0.3487253487110138,,0.6030901670455933,,,,,,,1410,,
,,,0.3694157898426056,,0.6856883764266968,,,,,,,1411,,
,,,0.3156219720840454,,0.6645963191986084,,,,,,,1412,,
,,,0.3407801389694214,,0.6494382619857788,,,,,,,1413,,
,,,0.38328424096107483,,0.7125959992408752,,,,,,,1414,,
,,,0.29100000858306885,,0.6544673442840576,,,,,,,1415,,
,,,0.32926589250564575,,0.6462365388870239,,,,,,,1416,,
,,,0.35636574029922485,,0.6567966938018799,,,,,,,1417,,
,,,0.293546587228775,,0.6235042810440063,,,,,,,1418,,
,,,0.3297741711139679,,0.6183935403823853,,,,,,,1419,,
,,,0.3561905026435852,,0.6958333253860474,,,,,,,1420,,
,,,0.39444035291671753,,0.7193008661270142,,,,,,,1421,,
,,,0.3960481286048889,,0.6553763151168823,,,,,,,1422,,
,,,0.3729591965675354,,0.7235422134399414,,,,,,,1423,,
,,,0.3324074149131775,,0.7073935270309448,,,,,,,1424,,
,,,0.37857145071029663,,0.67877197265625,,,,,,,1425,,
,,,0.333503395318985,,0.6794737577438354,,,,,,,1426,,
,,,0.3380952477455139,,0.6623655557632446,,,,,,,1427,,
,,,0.318686842918396,,0.687448263168335,,,,,,,1428,,
,,,0.32585033774375916,,0.6963542103767395,,,,,,,1429,,
,,,0.30508100986480713,,0.5983178019523621,,,,,,,1430,,
,,,0.3371598720550537,,0.6279827356338501,,,,,,,1431,,
,,,0.38178572058677673,,0.7200860977172852,,,,,,,1432,,
,,,0.3407648205757141,,0.7200149297714233,,,,,,,1433,,
,,,0.34433335065841675,,0.6706092953681946,,,,,,,1434,,
,,,0.3185185194015503,,0.693310022354126,,,,,,,1435,,
,,,0.3280068635940552,,0.6593685150146484,,,,,,,1436,,
,,,0.3638528287410736,,0.687917947769165,,,,,,,1437,,
,,,0.3620833158493042,,0.6696808338165283,,,,,,,1438,,
,,,0.21739131212234497,,0.6333333253860474,,,,,,,1439,,
35,0.2498999983072281,0.3571999669075012,,0.673799991607666,,,,,,,,7019,,
35,,,,,,0.3948216438293457,,0.573086142539978,,3.9601762294769287,,7019,2.686795234680176,
36,,,,,,,0.42248305678367615,,0.5897133946418762,,3.767578125,7049,,2.698570728302002
36,,,,,,,0.32801616191864014,,0.5149844884872437,,4.06640625,7099,,2.5430612564086914
36,,,,,,,0.4024340510368347,,0.5699344277381897,,3.751953125,7149,,2.607903003692627
36,,,,,,,0.4036492705345154,,0.5842725038528442,,4.015625,7199,,2.657052516937256
,,,0.35466572642326355,,0.6679365634918213,,,,,,,1440,,
,,,0.3605199158191681,,0.6365424394607544,,,,,,,1441,,
,,,0.3335839807987213,,0.6388492584228516,,,,,,,1442,,
,,,0.34215256571769714,,0.6820921897888184,,,,,,,1443,,
,,,0.3857463598251343,,0.7024231553077698,,,,,,,1444,,
,,,0.32126736640930176,,0.7043070793151855,,,,,,,1445,,
,,,0.33862435817718506,,0.6771429181098938,,,,,,,1446,,
,,,0.45549827814102173,,0.7012280821800232,,,,,,,1447,,
,,,0.3202012777328491,,0.664564311504364,,,,,,,1448,,
,,,0.31519097089767456,,0.7432234287261963,,,,,,,1449,,
,,,0.35923224687576294,,0.6451114416122437,,,,,,,1450,,
,,,0.3294999599456787,,0.6768115758895874,,,,,,,1451,,
,,,0.3307787775993347,,0.6601449251174927,,,,,,,1452,,
,,,0.2883680760860443,,0.6634831428527832,,,,,,,1453,,
,,,0.3962482213973999,,0.7389400601387024,,,,,,,1454,,
,,,0.35538721084594727,,0.6821305751800537,,,,,,,1455,,
,,,0.2917749285697937,,0.6553763151168823,,,,,,,1456,,
,,,0.3142290413379669,,0.6864066123962402,,,,,,,1457,,
,,,0.3125850558280945,,0.5861417055130005,,,,,,,1458,,
,,,0.3620287775993347,,0.6051281690597534,,,,,,,1459,,
,,,0.37240374088287354,,0.6929788589477539,,,,,,,1460,,
,,,0.3772847652435303,,0.6620187163352966,,,,,,,1461,,
,,,0.3801020383834839,,0.6991039514541626,,,,,,,1462,,
,,,0.39319726824760437,,0.7210884094238281,,,,,,,1463,,
,,,0.3778018355369568,,0.7107769250869751,,,,,,,1464,,
,,,0.36786940693855286,,0.6643860340118408,,,,,,,1465,,
,,,0.3711340129375458,,0.6752631664276123,,,,,,,1466,,
,,,0.3481481373310089,,0.6786141395568848,,,,,,,1467,,
,,,0.317176878452301,,0.6946946382522583,,,,,,,1468,,
,,,0.3472222089767456,,0.6595486402511597,,,,,,,1469,,
,,,0.284290611743927,,0.6285713911056519,,,,,,,1470,,
,,,0.3085978925228119,,0.6410911083221436,,,,,,,1471,,
,,,0.38178569078445435,,0.7565349340438843,,,,,,,1472,,
,,,0.3732750415802002,,0.7122024297714233,,,,,,,1473,,
,,,0.38848793506622314,,0.6820788979530334,,,,,,,1474,,
,,,0.2974867820739746,,0.6640787124633789,,,,,,,1475,,
,,,0.3481099605560303,,0.650439977645874,,,,,,,1476,,
,,,0.39672011137008667,,0.7437689304351807,,,,,,,1477,,
,,,0.33375000953674316,,0.6592198610305786,,,,,,,1478,,
,,,0.260869562625885,,0.7333333492279053,,,,,,,1479,,
36,0.257099986076355,0.3650999665260315,,0.6773999929428101,,,,,,,,7214,,
36,,,,,,0.3897590935230255,,0.5677912831306458,,3.950390577316284,,7214,2.6592791080474854,
37,,,,,,,0.3976498544216156,,0.5783288478851318,,4.01171875,7249,,2.5493369102478027
37,,,,,,,0.377544641494751,,0.5538578033447266,,3.904296875,7299,,2.6333141326904297
37,,,,,,,0.4191949665546417,,0.5940359830856323,,3.916015625,7349,,2.7276058197021484
37,,,,,,,0.36406832933425903,,0.5404449701309204,,3.892578125,7399,,2.572511672973633
,,,0.3537309765815735,,0.6755026578903198,,,,,,,1480,,
,,,0.3575558662414551,,0.6951346397399902,,,,,,,1481,,
,,,0.30810487270355225,,0.6397751569747925,,,,,,,1482,,
,,,0.3345000147819519,,0.7062309980392456,,,,,,,1483,,
,,,0.332111120223999,,0.7243499159812927,,,,,,,1484,,
,,,0.40353262424468994,,0.7145131826400757,,,,,,,1485,,
,,,0.3225947618484497,,0.6889975070953369,,,,,,,1486,,
,,,0.4124149680137634,,0.7449122667312622,,,,,,,1487,,
,,,0.31128472089767456,,0.6581053733825684,,,,,,,1488,,
,,,0.3687500059604645,,0.6658425331115723,,,,,,,1489,,
,,,0.37243109941482544,,0.652482271194458,,,,,,,1490,,
,,,0.37525254487991333,,0.6704710125923157,,,,,,,1491,,
,,,0.3314923942089081,,0.6390528082847595,,,,,,,1492,,
,,,0.3225177526473999,,0.6795879602432251,,,,,,,1493,,
,,,0.3626822233200073,,0.718305230140686,,,,,,,1494,,
,,,0.33399999141693115,,0.6716494560241699,,,,,,,1495,,
,,,0.33595478534698486,,0.6781362295150757,,,,,,,1496,,
,,,0.39081871509552,,0.6430851221084595,,,,,,,1497,,
,,,0.2658730149269104,,0.653174638748169,,,,,,,1498,,
,,,0.33938491344451904,,0.6230769753456116,,,,,,,1499,,
,,,0.35343503952026367,,0.6837121248245239,,,,,,,1500,,
,,,0.38051837682724,,0.7202127575874329,,,,,,,1501,,
,,,0.39635419845581055,,0.707706093788147,,,,,,,1502,,
,,,0.35466569662094116,,0.718197226524353,,,,,,,1503,,
,,,0.32382193207740784,,0.6889473795890808,,,,,,,1504,,
,,,0.36071425676345825,,0.6924561858177185,,,,,,,1505,,
,,,0.36683499813079834,,0.7105263471603394,,,,,,,1506,,
,,,0.33894556760787964,,0.6613500714302063,,,,,,,1507,,
,,,0.2932007908821106,,0.6743788719177246,,,,,,,1508,,
,,,0.3396666646003723,,0.7050347328186035,,,,,,,1509,,
,,,0.29312437772750854,,0.615502119064331,,,,,,,1510,,
,,,0.3492347002029419,,0.6622449159622192,,,,,,,1511,,
,,,0.4176286458969116,,0.723302960395813,,,,,,,1512,,
,,,0.34932661056518555,,0.7032738327980042,,,,,,,1513,,
,,,0.3751736283302307,,0.689605712890625,,,,,,,1514,,
,,,0.36147958040237427,,0.6641433835029602,,,,,,,1515,,
,,,0.3248263895511627,,0.6543996334075928,,,,,,,1516,,
,,,0.38588792085647583,,0.7152228355407715,,,,,,,1517,,
,,,0.35075756907463074,,0.6375886797904968,,,,,,,1518,,
,,,0.375,,0.6333333253860474,,,,,,,1519,,
37,0.2574999928474426,0.3646000027656555,,0.6812000274658203,,,,,,,,7409,,
37,,,,,,0.3903689980506897,,0.5673860907554626,,3.930669069290161,,7409,2.6455957889556885,
38,,,,,,,0.36805564165115356,,0.546918511390686,,3.9453125,7449,,2.538032293319702
38,,,,,,,0.3663136959075928,,0.5376952886581421,,3.794921875,7499,,2.739476203918457
38,,,,,,,0.363345205783844,,0.534753143787384,,3.791015625,7549,,2.409095048904419
38,,,,,,,0.3930555582046509,,0.5743305087089539,,4.01953125,7599,,2.5391979217529297
,,,0.3982507288455963,,0.7127513885498047,,,,,,,1520,,
,,,0.3771577477455139,,0.6775879859924316,,,,,,,1521,,
,,,0.3569955825805664,,0.6557143330574036,,,,,,,1522,,
,,,0.32914286851882935,,0.7025835514068604,,,,,,,1523,,
,,,0.3662177324295044,,0.7457447052001953,,,,,,,1524,,
,,,0.3796391487121582,,0.716292142868042,,,,,,,1525,,
,,,0.35610872507095337,,0.7032080888748169,,,,,,,1526,,
,,,0.43787881731987,,0.7343860268592834,,,,,,,1527,,
,,,0.3733285069465637,,0.6469604969024658,,,,,,,1528,,
,,,0.2981666326522827,,0.686904788017273,,,,,,,1529,,
,,,0.3702142834663391,,0.6617780923843384,,,,,,,1530,,
,,,0.3569999933242798,,0.688043475151062,,,,,,,1531,,
,,,0.33993619680404663,,0.6566252708435059,,,,,,,1532,,
,,,0.3170102834701538,,0.6779025793075562,,,,,,,1533,,
,,,0.41661757230758667,,0.7281873822212219,,,,,,,1534,,
,,,0.3399999737739563,,0.6859105825424194,,,,,,,1535,,
,,,0.33053508400917053,,0.6815412044525146,,,,,,,1536,,
,,,0.3784143626689911,,0.7188534140586853,,,,,,,1537,,
,,,0.29523807764053345,,0.6474969387054443,,,,,,,1538,,
,,,0.35620567202568054,,0.6051282286643982,,,,,,,1539,,
,,,0.35023319721221924,,0.7528409361839294,,,,,,,1540,,
,,,0.39655953645706177,,0.7277482748031616,,,,,,,1541,,
,,,0.3821180760860443,,0.6863799095153809,,,,,,,1542,,
,,,0.4036315679550171,,0.7480077743530273,,,,,,,1543,,
,,,0.38448697328567505,,0.7103258371353149,,,,,,,1544,,
,,,0.38133329153060913,,0.679122805595398,,,,,,,1545,,
,,,0.35561224818229675,,0.7354385852813721,,,,,,,1546,,
,,,0.3101666569709778,,0.6793309450149536,,,,,,,1547,,
,,,0.322238564491272,,0.7282350063323975,,,,,,,1548,,
,,,0.3409864008426666,,0.7112847566604614,,,,,,,1549,,
,,,0.30964526534080505,,0.6609213352203369,,,,,,,1550,,
,,,0.35368072986602783,,0.6529827117919922,,,,,,,1551,,
,,,0.3987013101577759,,0.7297618389129639,,,,,,,1552,,
,,,0.37289562821388245,,0.7346726655960083,,,,,,,1553,,
,,,0.3811224699020386,,0.6741935610771179,,,,,,,1554,,
,,,0.3434523940086365,,0.7101578712463379,,,,,,,1555,,
,,,0.3479381203651428,,0.6687629222869873,,,,,,,1556,,
,,,0.435762882232666,,0.7373859882354736,,,,,,,1557,,
,,,0.3712121248245239,,0.687677264213562,,,,,,,1558,,
,,,0.19999998807907104,,0.7666666507720947,,,,,,,1559,,
38,0.27619999647140503,0.38359999656677246,,0.6998000144958496,,,,,,,,7604,,
38,,,,,,0.3878619372844696,,0.5636598467826843,,3.903836250305176,,7604,2.6314895153045654,
39,,,,,,,0.37767571210861206,,0.5575224161148071,,3.974609375,7649,,2.536627769470215
39,,,,,,,0.39081859588623047,,0.5753792524337769,,4.08203125,7699,,2.519839286804199
39,,,,,,,0.41257691383361816,,0.5892137289047241,,3.9453125,7749,,2.644953727722168
39,,,,,,,0.38625839352607727,,0.5593283176422119,,3.84765625,7799,,2.673063278198242
,,,0.3773323595523834,,0.7319841980934143,,,,,,,1560,,
,,,0.3299805521965027,,0.6709368228912354,,,,,,,1561,,
,,,0.3518037497997284,,0.6730158925056458,,,,,,,1562,,
,,,0.35857629776000977,,0.7344224452972412,,,,,,,1563,,
,,,0.3894444406032562,,0.727482259273529,,,,,,,1564,,
,,,0.409561425447464,,0.6801497936248779,,,,,,,1565,,
,,,0.34416666626930237,,0.6796742677688599,,,,,,,1566,,
,,,0.4462963342666626,,0.7568421363830566,,,,,,,1567,,
,,,0.31590574979782104,,0.6983789205551147,,,,,,,1568,,
,,,0.33171769976615906,,0.7142857313156128,,,,,,,1569,,
,,,0.39086490869522095,,0.6805724501609802,,,,,,,1570,,
,,,0.3678571581840515,,0.7202898859977722,,,,,,,1571,,
,,,0.34216269850730896,,0.6820911169052124,,,,,,,1572,,
,,,0.3362847566604614,,0.6786516904830933,,,,,,,1573,,
,,,0.37988340854644775,,0.721556544303894,,,,,,,1574,,
,,,0.375333309173584,,0.6750859022140503,,,,,,,1575,,
,,,0.3647473156452179,,0.7008960843086243,,,,,,,1576,,
,,,0.41342592239379883,,0.7154254913330078,,,,,,,1577,,
,,,0.3177889883518219,,0.6355922222137451,,,,,,,1578,,
,,,0.3633432388305664,,0.6536630392074585,,,,,,,1579,,
,,,0.3043650984764099,,0.728206217288971,,,,,,,1580,,
,,,0.3798590898513794,,0.6911854147911072,,,,,,,1581,,
,,,0.42222222685813904,,0.7283154129981995,,,,,,,1582,,
,,,0.4085034132003784,,0.7666666507720947,,,,,,,1583,,
,,,0.4084426760673523,,0.7392857670783997,,,,,,,1584,,
,,,0.3973064124584198,,0.6985965371131897,,,,,,,1585,,
,,,0.4025510251522064,,0.7289474010467529,,,,,,,1586,,
,,,0.34607183933258057,,0.6848865151405334,,,,,,,1587,,
,,,0.33493685722351074,,0.7120859622955322,,,,,,,1588,,
,,,0.35555556416511536,,0.7057291865348816,,,,,,,1589,,
,,,0.2890952229499817,,0.6580228209495544,,,,,,,1590,,
,,,0.3194166421890259,,0.6947279572486877,,,,,,,1591,,
,,,0.42571425437927246,,0.740957498550415,,,,,,,1592,,
,,,0.3635714054107666,,0.7108879089355469,,,,,,,1593,,
,,,0.4059523642063141,,0.6793906688690186,,,,,,,1594,,
,,,0.38875794410705566,,0.7016563415527344,,,,,,,1595,,
,,,0.3723958134651184,,0.670600414276123,,,,,,,1596,,
,,,0.4368804693222046,,0.7338398694992065,,,,,,,1597,,
,,,0.3683333396911621,,0.681117057800293,,,,,,,1598,,
,,,0.3333333432674408,,0.7666666507720947,,,,,,,1599,,
39,0.2777000069618225,0.3888000249862671,,0.7026000022888184,,,,,,,,7799,,
39,,,,,,0.38551345467567444,,0.5602148771286011,,3.8794872760772705,,7799,2.6162898540496826,
40,,,,,,,0.35918861627578735,,0.5382506847381592,,3.939453125,7849,,2.5975561141967773
40,,,,,,,0.4004823863506317,,0.5651506185531616,,3.693359375,7899,,2.658635139465332
40,,,,,,,0.3749643862247467,,0.5472562313079834,,3.8203125,7949,,2.410954475402832
,,,0.388438880443573,,0.6955026388168335,,,,,,,1600,,
,,,0.319072425365448,,0.6962733268737793,,,,,,,1601,,
,,,0.30224594473838806,,0.6560846567153931,,,,,,,1602,,
,,,0.35892254114151,,0.7139310836791992,,,,,,,1603,,
,,,0.35188889503479004,,0.7192080020904541,,,,,,,1604,,
,,,0.4009649157524109,,0.719194769859314,,,,,,,1605,,
,,,0.3453838527202606,,0.6912531852722168,,,,,,,1606,,
,,,0.4465986490249634,,0.7445614337921143,,,,,,,1607,,
,,,0.3600638210773468,,0.7099543809890747,,,,,,,1608,,
,,,0.3273809552192688,,0.7120879888534546,,,,,,,1609,,
,,,0.38257139921188354,,0.6516717672348022,,,,,,,1610,,
,,,0.3437710702419281,,0.7201087474822998,,,,,,,1611,,
,,,0.3249514102935791,,0.6950569152832031,,,,,,,1612,,
,,,0.36859649419784546,,0.6649812459945679,,,,,,,1613,,
,,,0.37193363904953003,,0.7220174074172974,,,,,,,1614,,
,,,0.3671717047691345,,0.6513745784759521,,,,,,,1615,,
,,,0.3448699116706848,,0.6840502023696899,,,,,,,1616,,
,,,0.3449026346206665,,0.7023640275001526,,,,,,,1617,,
,,,0.3283565044403076,,0.6200244426727295,,,,,,,1618,,
,,,0.3801165223121643,,0.6461539268493652,,,,,,,1619,,
,,,0.33923715353012085,,0.6823728084564209,,,,,,,1620,,
,,,0.3828042447566986,,0.7187057137489319,,,,,,,1621,,
,,,0.3557291626930237,,0.7007168531417847,,,,,,,1622,,
,,,0.37881195545196533,,0.7098639011383057,,,,,,,1623,,
,,,0.3900357186794281,,0.7296366095542908,,,,,,,1624,,
,,,0.33181819319725037,,0.6817544102668762,,,,,,,1625,,
,,,0.3619047701358795,,0.7070175409317017,,,,,,,1626,,
,,,0.34591835737228394,,0.7098566293716431,,,,,,,1627,,
,,,0.33263158798217773,,0.6602743268013,,,,,,,1628,,
,,,0.3296296298503876,,0.7029514312744141,,,,,,,1629,,
,,,0.30784744024276733,,0.634290874004364,,,,,,,1630,,
,,,0.32091835141181946,,0.6764390468597412,,,,,,,1631,,
,,,0.4256904721260071,,0.7145896553993225,,,,,,,1632,,
,,,0.36907169222831726,,0.7209077477455139,,,,,,,1633,,
,,,0.36632996797561646,,0.6636200547218323,,,,,,,1634,,
,,,0.3534013628959656,,0.6994694471359253,,,,,,,1635,,
,,,0.35446733236312866,,0.7024844884872437,,,,,,,1636,,
,,,0.4270250201225281,,0.7384498715400696,,,,,,,1637,,
,,,0.3659090995788574,,0.687588632106781,,,,,,,1638,,
,,,0.27272728085517883,,0.7000000476837158,,,,,,,1639,,
40,0.27959999442100525,0.37629997730255127,,0.6938999891281128,,,,,,,,7994,,
40,,,,,,0.3837282359600067,,0.5573253631591797,,3.85568904876709,,7994,2.602871894836426,
41,,,,,,,0.3941109776496887,,0.5601963996887207,,3.716796875,7999,,2.5986533164978027
41,,,,,,,0.34811651706695557,,0.5168678760528564,,3.72265625,8049,,2.5097837448120117
41,,,,,,,0.34568414092063904,,0.5171205997467041,,3.775390625,8099,,2.5025620460510254
41,,,,,,,0.3596481382846832,,0.5273346900939941,,3.712890625,8149,,2.689009189605713
,,,0.40369290113449097,,0.7053439617156982,,,,,,,1640,,
,,,0.3611855208873749,,0.6899327039718628,,,,,,,1641,,
,,,0.35257530212402344,,0.6582936644554138,,,,,,,1642,,
,,,0.36467444896698,,0.6698581576347351,,,,,,,1643,,
,,,0.37401795387268066,,0.702245831489563,,,,,,,1644,,
,,,0.33664965629577637,,0.6654494404792786,,,,,,,1645,,
,,,0.34769195318222046,,0.6838346123695374,,,,,,,1646,,
,,,0.45235690474510193,,0.7438596487045288,,,,,,,1647,,
,,,0.32083332538604736,,0.6717325448989868,,,,,,,1648,,
,,,0.35208332538604736,,0.7195055484771729,,,,,,,1649,,
,,,0.3930044174194336,,0.6669199466705322,,,,,,,1650,,
,,,0.36666667461395264,,0.7043478488922119,,,,,,,1651,,
,,,0.3607518672943115,,0.6625258922576904,,,,,,,1652,,
,,,0.342881977558136,,0.6582397222518921,,,,,,,1653,,
,,,0.36944034695625305,,0.7254992723464966,,,,,,,1654,,
,,,0.343999981880188,,0.6704466938972473,,,,,,,1655,,
,,,0.3519480526447296,,0.6821044683456421,,,,,,,1656,,
,,,0.3903478980064392,,0.6904845833778381,,,,,,,1657,,
,,,0.3151041865348816,,0.6282662153244019,,,,,,,1658,,
,,,0.37190479040145874,,0.648901104927063,,,,,,,1659,,
,,,0.35736149549484253,,0.7322782278060913,,,,,,,1660,,
,,,0.39195528626441956,,0.7132978439331055,,,,,,,1661,,
,,,0.4233676791191101,,0.7025089859962463,,,,,,,1662,,
,,,0.3606060743331909,,0.7227891087532043,,,,,,,1663,,
,,,0.36814868450164795,,0.6986842751502991,,,,,,,1664,,
,,,0.3731958866119385,,0.6905263066291809,,,,,,,1665,,
,,,0.39266666769981384,,0.719298243522644,,,,,,,1666,,
,,,0.3893333077430725,,0.6512544751167297,,,,,,,1667,,
,,,0.3792732059955597,,0.6877588033676147,,,,,,,1668,,
,,,0.37710440158843994,,0.7116319537162781,,,,,,,1669,,
,,,0.3181244134902954,,0.6585662364959717,,,,,,,1670,,
,,,0.34829407930374146,,0.6341313719749451,,,,,,,1671,,
,,,0.4261423945426941,,0.7186676859855652,,,,,,,1672,,
,,,0.3558095097541809,,0.7235615253448486,,,,,,,1673,,
,,,0.39587628841400146,,0.7094982266426086,,,,,,,1674,,
,,,0.34683358669281006,,0.681198239326477,,,,,,,1675,,
,,,0.33281785249710083,,0.6980849504470825,,,,,,,1676,,
,,,0.4242711365222931,,0.7065349221229553,,,,,,,1677,,
,,,0.33824998140335083,,0.6757978200912476,,,,,,,1678,,
,,,0.3333333432674408,,0.6000000238418579,,,,,,,1679,,
41,0.2727999985218048,0.3863000273704529,,0.6919999718666077,,,,,,,,8189,,
41,,,,,,0.3820808529853821,,0.5547680854797363,,3.835827350616455,,8189,2.587251901626587,
42,,,,,,,0.347345232963562,,0.5299291610717773,,3.998046875,8199,,2.551652193069458
42,,,,,,,0.39966881275177,,0.5791482925415039,,3.990234375,8249,,2.6020281314849854
42,,,,,,,0.3620986342430115,,0.5407710075378418,,3.935546875,8299,,2.5740251541137695
42,,,,,,,0.3816641867160797,,0.5500810146331787,,3.75,8349,,2.424529552459717
,,,0.438370943069458,,0.7510846853256226,,,,,,,1680,,
,,,0.3592451810836792,,0.6942546367645264,,,,,,,1681,,
,,,0.35019636154174805,,0.6858862638473511,,,,,,,1682,,
,,,0.36258503794670105,,0.7228976488113403,,,,,,,1683,,
,,,0.3791806995868683,,0.7873522043228149,,,,,,,1684,,
,,,0.40182292461395264,,0.7419475317001343,,,,,,,1685,,
,,,0.37452876567840576,,0.7254887819290161,,,,,,,1686,,
,,,0.44098639488220215,,0.7652631998062134,,,,,,,1687,,
,,,0.3784732222557068,,0.6787740588188171,,,,,,,1688,,
,,,0.3342592716217041,,0.7380952835083008,,,,,,,1689,,
,,,0.37995630502700806,,0.6647922992706299,,,,,,,1690,,
,,,0.39133334159851074,,0.7012681365013123,,,,,,,1691,,
,,,0.3861607015132904,,0.7275362014770508,,,,,,,1692,,
,,,0.3612281084060669,,0.6882022619247437,,,,,,,1693,,
,,,0.3942280113697052,,0.7647465467453003,,,,,,,1694,,
,,,0.3828333020210266,,0.719759464263916,,,,,,,1695,,
,,,0.3725108206272125,,0.6847670078277588,,,,,,,1696,,
,,,0.4056128263473511,,0.7286051511764526,,,,,,,1697,,
,,,0.34547537565231323,,0.6330281496047974,,,,,,,1698,,
,,,0.32736867666244507,,0.629487156867981,,,,,,,1699,,
,,,0.3530559539794922,,0.7176136374473572,,,,,,,1700,,
,,,0.407022625207901,,0.7433510422706604,,,,,,,1701,,
,,,0.39226803183555603,,0.7134408950805664,,,,,,,1702,,
,,,0.4125300645828247,,0.7377065420150757,,,,,,,1703,,
,,,0.42757532000541687,,0.746378481388092,,,,,,,1704,,
,,,0.37727272510528564,,0.7435088157653809,,,,,,,1705,,
,,,0.4146258234977722,,0.7463158369064331,,,,,,,1706,,
,,,0.3650057017803192,,0.695579469203949,,,,,,,1707,,
,,,0.3371870517730713,,0.7293737530708313,,,,,,,1708,,
,,,0.38585859537124634,,0.7513889074325562,,,,,,,1709,,
,,,0.279616117477417,,0.6616460084915161,,,,,,,1710,,
,,,0.3557682931423187,,0.637035608291626,,,,,,,1711,,
,,,0.4132167100906372,,0.7918946743011475,,,,,,,1712,,
,,,0.3570707142353058,,0.7585565447807312,,,,,,,1713,,
,,,0.380471408367157,,0.7322580814361572,,,,,,,1714,,
,,,0.3680657744407654,,0.6782090663909912,,,,,,,1715,,
,,,0.3932291865348816,,0.7043737173080444,,,,,,,1716,,
,,,0.41242021322250366,,0.7435916662216187,,,,,,,1717,,
,,,0.36683332920074463,,0.6982269287109375,,,,,,,1718,,
,,,0.260869562625885,,0.7666666507720947,,,,,,,1719,,
42,0.2856000065803528,0.3937999904155731,,0.718000054359436,,,,,,,,8384,,
42,,,,,,0.38012105226516724,,0.5524406433105469,,3.826582431793213,,8384,2.5757739543914795,
43,,,,,,,0.34915757179260254,,0.5260356664657593,,3.88671875,8399,,2.4009170532226562
43,,,,,,,0.37778839468955994,,0.5490845441818237,,3.802734375,8449,,2.6580920219421387
43,,,,,,,0.4281691610813141,,0.6056132316589355,,3.9765625,8499,,2.656592607498169
43,,,,,,,0.38963884115219116,,0.5699859857559204,,3.99609375,8549,,2.6419456005096436
,,,0.395557165145874,,0.7149735689163208,,,,,,,1720,,
,,,0.3671821355819702,,0.7127847075462341,,,,,,,1721,,
,,,0.32320815324783325,,0.6822751760482788,,,,,,,1722,,
,,,0.3743986189365387,,0.7036473751068115,,,,,,,1723,,
,,,0.4101010262966156,,0.7507683038711548,,,,,,,1724,,
,,,0.37057822942733765,,0.7573033571243286,,,,,,,1725,,
,,,0.39108356833457947,,0.7145364284515381,,,,,,,1726,,
,,,0.46872854232788086,,0.7568421363830566,,,,,,,1727,,
,,,0.33751213550567627,,0.6912614107131958,,,,,,,1728,,
,,,0.3623711168766022,,0.730311393737793,,,,,,,1729,,
,,,0.3831409215927124,,0.6679838299751282,,,,,,,1730,,
,,,0.39393940567970276,,0.6905797123908997,,,,,,,1731,,
,,,0.33764880895614624,,0.679011344909668,,,,,,,1732,,
,,,0.36666667461395264,,0.7067415714263916,,,,,,,1733,,
,,,0.3865889310836792,,0.7453917264938354,,,,,,,1734,,
,,,0.36851853132247925,,0.7111682891845703,,,,,,,1735,,
,,,0.35363155603408813,,0.6850230693817139,,,,,,,1736,,
,,,0.4025200605392456,,0.7027186155319214,,,,,,,1737,,
,,,0.28333336114883423,,0.660683810710907,,,,,,,1738,,
,,,0.3733789324760437,,0.6620879769325256,,,,,,,1739,,
,,,0.37296628952026367,,0.7348484992980957,,,,,,,1740,,
,,,0.39392855763435364,,0.7433511018753052,,,,,,,1741,,
,,,0.44565972685813904,,0.7439067363739014,,,,,,,1742,,
,,,0.35802382230758667,,0.7142857313156128,,,,,,,1743,,
,,,0.36443454027175903,,0.7235839366912842,,,,,,,1744,,
,,,0.4108843505382538,,0.7185965180397034,,,,,,,1745,,
,,,0.3784511983394623,,0.7463158369064331,,,,,,,1746,,
,,,0.3241666555404663,,0.718100368976593,,,,,,,1747,,
,,,0.3385416865348816,,0.732556939125061,,,,,,,1748,,
,,,0.3846938908100128,,0.7102431058883667,,,,,,,1749,,
,,,0.3210603594779968,,0.6331780552864075,,,,,,,1750,,
,,,0.35956060886383057,,0.6420984268188477,,,,,,,1751,,
,,,0.40836942195892334,,0.7450860738754272,,,,,,,1752,,
,,,0.38552379608154297,,0.7121279835700989,,,,,,,1753,,
,,,0.3723905682563782,,0.7311828136444092,,,,,,,1754,,
,,,0.3676339387893677,,0.7298524975776672,,,,,,,1755,,
,,,0.3903769850730896,,0.6657350063323975,,,,,,,1756,,
,,,0.4008176922798157,,0.7560030221939087,,,,,,,1757,,
,,,0.375,,0.7178191542625427,,,,,,,1758,,
,,,0.3181818127632141,,0.8000000715255737,,,,,,,1759,,
43,0.27920001745224,0.3928999900817871,,0.7095999717712402,,,,,,,,8579,,
43,,,,,,0.3807092010974884,,0.5519931316375732,,3.8063201904296875,,8579,2.5657405853271484,
44,,,,,,,0.37512320280075073,,0.5461863875389099,,3.796875,8599,,2.533980131149292
44,,,,,,,0.3607092499732971,,0.5342020988464355,,3.830078125,8649,,2.485588550567627
44,,,,,,,0.358792245388031,,0.5294512510299683,,3.771484375,8699,,2.3072407245635986
44,,,,,,,0.374650776386261,,0.5403664708137512,,3.689453125,8749,,2.469460964202881
,,,0.3946792781352997,,0.7227513194084167,,,,,,,1760,,
,,,0.3833087682723999,,0.7377846837043762,,,,,,,1761,,
,,,0.35633718967437744,,0.6806085109710693,,,,,,,1762,,
,,,0.378449946641922,,0.7236828804016113,,,,,,,1763,,
,,,0.36520761251449585,,0.7297872304916382,,,,,,,1764,,
,,,0.38947370648384094,,0.7524344325065613,,,,,,,1765,,
,,,0.42821067571640015,,0.7062907814979553,,,,,,,1766,,
,,,0.41394558548927307,,0.7598246335983276,,,,,,,1767,,
,,,0.3082474172115326,,0.7003293037414551,,,,,,,1768,,
,,,0.359192430973053,,0.7188645601272583,,,,,,,1769,,
,,,0.4027736485004425,,0.6990121603012085,,,,,,,1770,,
,,,0.3791666626930237,,0.7161231637001038,,,,,,,1771,,
,,,0.3321060240268707,,0.704192578792572,,,,,,,1772,,
,,,0.3752577304840088,,0.6977527737617493,,,,,,,1773,,
,,,0.47402817010879517,,0.763312816619873,,,,,,,1774,,
,,,0.3892256021499634,,0.7042955160140991,,,,,,,1775,,
,,,0.36242854595184326,,0.7164618968963623,,,,,,,1776,,
,,,0.42600226402282715,,0.7478723526000977,,,,,,,1777,,
,,,0.3494388461112976,,0.6804640293121338,,,,,,,1778,,
,,,0.377710223197937,,0.654474139213562,,,,,,,1779,,
,,,0.35443052649497986,,0.7201569080352783,,,,,,,1780,,
,,,0.4208928346633911,,0.7339538931846619,,,,,,,1781,,
,,,0.4102836847305298,,0.7521505355834961,,,,,,,1782,,
,,,0.4276238977909088,,0.7342565655708313,,,,,,,1783,,
,,,0.40996113419532776,,0.7227819561958313,,,,,,,1784,,
,,,0.3735690116882324,,0.7217544317245483,,,,,,,1785,,
,,,0.42673611640930176,,0.7361403703689575,,,,,,,1786,,
,,,0.39820602536201477,,0.7028673887252808,,,,,,,1787,,
,,,0.3438880741596222,,0.7502846717834473,,,,,,,1788,,
,,,0.38505154848098755,,0.7557291984558105,,,,,,,1789,,
,,,0.3001963496208191,,0.6433488726615906,,,,,,,1790,,
,,,0.32585376501083374,,0.6742150783538818,,,,,,,1791,,
,,,0.4072886109352112,,0.7853596806526184,,,,,,,1792,,
,,,0.37710440158843994,,0.7299107313156128,,,,,,,1793,,
,,,0.4161511957645416,,0.7232974767684937,,,,,,,1794,,
,,,0.3647426664829254,,0.7359342575073242,,,,,,,1795,,
,,,0.4097493886947632,,0.6777691841125488,,,,,,,1796,,
,,,0.4175413250923157,,0.7382725477218628,,,,,,,1797,,
,,,0.38164982199668884,,0.696365237236023,,,,,,,1798,,
,,,0.25,,0.8000000715255737,,,,,,,1799,,
44,0.29589998722076416,0.4002000093460083,,0.7182999849319458,,,,,,,,8774,,
44,,,,,,0.3785722255706787,,0.549431562423706,,3.795823335647583,,8774,2.5431747436523438,
45,,,,,,,0.4067384600639343,,0.5681642293930054,,3.634765625,8799,,2.486288547515869
45,,,,,,,0.36234694719314575,,0.5300205945968628,,3.71484375,8849,,2.6741011142730713
45,,,,,,,0.38713783025741577,,0.5558912754058838,,3.76171875,8899,,2.4837660789489746
45,,,,,,,0.35611993074417114,,0.5270346403121948,,3.775390625,8949,,2.6694176197052
,,,0.3703976273536682,,0.6845767498016357,,,,,,,1800,,
,,,0.4290526509284973,,0.6736283302307129,,,,,,,1801,,
,,,0.3526849150657654,,0.6720899343490601,,,,,,,1802,,
,,,0.3559403419494629,,0.6988601684570312,,,,,,,1803,,
,,,0.35511112213134766,,0.7144207954406738,,,,,,,1804,,
,,,0.3304687440395355,,0.7105805277824402,,,,,,,1805,,
,,,0.3758297562599182,,0.6738095283508301,,,,,,,1806,,
,,,0.3670033812522888,,0.7514035701751709,,,,,,,1807,,
,,,0.3445017337799072,,0.6545592546463013,,,,,,,1808,,
,,,0.35386598110198975,,0.7329670786857605,,,,,,,1809,,
,,,0.3926166296005249,,0.6761398315429688,,,,,,,1810,,
,,,0.3772108852863312,,0.707608699798584,,,,,,,1811,,
,,,0.34227457642555237,,0.6496894359588623,,,,,,,1812,,
,,,0.31088435649871826,,0.6865168809890747,,,,,,,1813,,
,,,0.4137566089630127,,0.7267537117004395,,,,,,,1814,,
,,,0.34461280703544617,,0.6701030731201172,,,,,,,1815,,
,,,0.37135568261146545,,0.7296211123466492,,,,,,,1816,,
,,,0.3654066324234009,,0.710106372833252,,,,,,,1817,,
,,,0.32874149084091187,,0.6400488615036011,,,,,,,1818,,
,,,0.3600810468196869,,0.6571429371833801,,,,,,,1819,,
,,,0.370852530002594,,0.69496750831604,,,,,,,1820,,
,,,0.4372294545173645,,0.7214285731315613,,,,,,,1821,,
,,,0.38333332538604736,,0.7405017614364624,,,,,,,1822,,
,,,0.3894420266151428,,0.7275267243385315,,,,,,,1823,,
,,,0.32004761695861816,,0.6984211206436157,,,,,,,1824,,
,,,0.36173468828201294,,0.7215789556503296,,,,,,,1825,,
,,,0.390816330909729,,0.6956140995025635,,,,,,,1826,,
,,,0.34033331274986267,,0.6492831707000732,,,,,,,1827,,
,,,0.3352430760860443,,0.718711256980896,,,,,,,1828,,
,,,0.35374149680137634,,0.6696181297302246,,,,,,,1829,,
,,,0.34256258606910706,,0.6545031070709229,,,,,,,1830,,
,,,0.3514820337295532,,0.6889848709106445,,,,,,,1831,,
,,,0.3941558301448822,,0.7257091999053955,,,,,,,1832,,
,,,0.395851731300354,,0.7289682626724243,,,,,,,1833,,
,,,0.3841666579246521,,0.6939067840576172,,,,,,,1834,,
,,,0.3605792820453644,,0.724016547203064,,,,,,,1835,,
,,,0.35357144474983215,,0.6600414514541626,,,,,,,1836,,
,,,0.4399173855781555,,0.7405774593353271,,,,,,,1837,,
,,,0.3359166383743286,,0.6578013896942139,,,,,,,1838,,
,,,0.34210526943206787,,0.7333333492279053,,,,,,,1839,,
45,0.27310001850128174,0.38190001249313354,,0.6984999775886536,,,,,,,,8969,,
45,,,,,,0.37349238991737366,,0.5429732203483582,,3.763070821762085,,8969,2.533457040786743,
46,,,,,,,0.3992469906806946,,0.5807006359100342,,4.02734375,8999,,2.6527581214904785
46,,,,,,,0.36734887957572937,,0.5377021431922913,,3.775390625,9049,,2.4851431846618652
46,,,,,,,0.3443679213523865,,0.512086033821106,,3.69921875,9099,,2.494658946990967
46,,,,,,,0.3834030330181122,,0.5488032102584839,,3.69140625,9149,,2.5894646644592285
,,,0.3654276132583618,,0.7229100465774536,,,,,,,1840,,
,,,0.38183891773223877,,0.709187388420105,,,,,,,1841,,
,,,0.3135247826576233,,0.6676455736160278,,,,,,,1842,,
,,,0.3674198389053345,,0.7202380895614624,,,,,,,1843,,
,,,0.3719444274902344,,0.730555534362793,,,,,,,1844,,
,,,0.3965986371040344,,0.7334269881248474,,,,,,,1845,,
,,,0.3998527526855469,,0.7152381539344788,,,,,,,1846,,
,,,0.4513605237007141,,0.7615790367126465,,,,,,,1847,,
,,,0.3463917374610901,,0.7342705130577087,,,,,,,1848,,
,,,0.3492187559604645,,0.7248169183731079,,,,,,,1849,,
,,,0.38777613639831543,,0.7004305720329285,,,,,,,1850,,
,,,0.39175257086753845,,0.7253623604774475,,,,,,,1851,,
,,,0.365071177482605,,0.715062141418457,,,,,,,1852,,
,,,0.3678947687149048,,0.744194746017456,,,,,,,1853,,
,,,0.41152381896972656,,0.728443443775177,,,,,,,1854,,
,,,0.39141416549682617,,0.6994845271110535,,,,,,,1855,,
,,,0.39319726824760437,,0.6738351583480835,,,,,,,1856,,
,,,0.3961988389492035,,0.7298462986946106,,,,,,,1857,,
,,,0.31333333253860474,,0.6429182291030884,,,,,,,1858,,
,,,0.3663938343524933,,0.6278388500213623,,,,,,,1859,,
,,,0.3614751994609833,,0.7384334802627563,,,,,,,1860,,
,,,0.4033188819885254,,0.7123100161552429,,,,,,,1861,,
,,,0.4149305820465088,,0.7284946441650391,,,,,,,1862,,
,,,0.4094756841659546,,0.7568027377128601,,,,,,,1863,,
,,,0.439531147480011,,0.7453383207321167,,,,,,,1864,,
,,,0.3608843684196472,,0.7468421459197998,,,,,,,1865,,
,,,0.3750859200954437,,0.7329825162887573,,,,,,,1866,,
,,,0.37955325841903687,,0.6944444179534912,,,,,,,1867,,
,,,0.3636409044265747,,0.7437888383865356,,,,,,,1868,,
,,,0.37323230504989624,,0.7180556058883667,,,,,,,1869,,
,,,0.3211904764175415,,0.6404503583908081,,,,,,,1870,,
,,,0.35077744722366333,,0.6811094284057617,,,,,,,1871,,
,,,0.439380943775177,,0.7708206176757812,,,,,,,1872,,
,,,0.3735238015651703,,0.7585813999176025,,,,,,,1873,,
,,,0.3977663218975067,,0.7663082480430603,,,,,,,1874,,
,,,0.40529513359069824,,0.7016562819480896,,,,,,,1875,,
,,,0.3625992238521576,,0.7170807123184204,,,,,,,1876,,
,,,0.4438740313053131,,0.7542299628257751,,,,,,,1877,,
,,,0.3857142925262451,,0.6927304863929749,,,,,,,1878,,
,,,0.27272728085517883,,0.6666667461395264,,,,,,,1879,,
46,0.2806999981403351,0.39809998869895935,,0.7171000242233276,,,,,,,,9164,,
46,,,,,,0.3748898208141327,,0.5436047911643982,,3.749098539352417,,9164,2.525435447692871,
47,,,,,,,0.381600946187973,,0.5503871440887451,,3.7578125,9199,,2.511147975921631
47,,,,,,,0.3930656909942627,,0.5504143238067627,,3.5390625,9249,,2.6239688396453857
47,,,,,,,0.4025301933288574,,0.5689271092414856,,3.73046875,9299,,2.537712812423706
47,,,,,,,0.39265358448028564,,0.5611312389373779,,3.76171875,9349,,2.5563693046569824
,,,0.4299851357936859,,0.7265608310699463,,,,,,,1880,,
,,,0.3709774613380432,,0.7270444631576538,,,,,,,1881,,
,,,0.3681175708770752,,0.6857143044471741,,,,,,,1882,,
,,,0.403411865234375,,0.7130445837974548,,,,,,,1883,,
,,,0.4331649839878082,,0.7927305102348328,,,,,,,1884,,
,,,0.39298248291015625,,0.7520599365234375,,,,,,,1885,,
,,,0.37936508655548096,,0.7377444505691528,,,,,,,1886,,
,,,0.43047136068344116,,0.7398245334625244,,,,,,,1887,,
,,,0.3526018559932709,,0.6804711222648621,,,,,,,1888,,
,,,0.3595959544181824,,0.7450550198554993,,,,,,,1889,,
,,,0.4392488896846771,,0.6885511875152588,,,,,,,1890,,
,,,0.40714287757873535,,0.6931159496307373,,,,,,,1891,,
,,,0.38905254006385803,,0.7091615200042725,,,,,,,1892,,
,,,0.3575438857078552,,0.688951313495636,,,,,,,1893,,
,,,0.4206676483154297,,0.7290834784507751,,,,,,,1894,,
,,,0.41083329916000366,,0.725601315498352,,,,,,,1895,,
,,,0.3784486949443817,,0.7102150321006775,,,,,,,1896,,
,,,0.4177083373069763,,0.7141252756118774,,,,,,,1897,,
,,,0.3351290822029114,,0.652991533279419,,,,,,,1898,,
,,,0.39341437816619873,,0.6413919925689697,,,,,,,1899,,
,,,0.3485908806324005,,0.7690205574035645,,,,,,,1900,,
,,,0.4240281581878662,,0.7498226761817932,,,,,,,1901,,
,,,0.42891156673431396,,0.7356630563735962,,,,,,,1902,,
,,,0.4227513372898102,,0.7670068144798279,,,,,,,1903,,
,,,0.36896345019340515,,0.7436842322349548,,,,,,,1904,,
,,,0.3456228971481323,,0.7182456254959106,,,,,,,1905,,
,,,0.394727885723114,,0.7826316356658936,,,,,,,1906,,
,,,0.3537598252296448,,0.7042413353919983,,,,,,,1907,,
,,,0.32014092803001404,,0.7255434989929199,,,,,,,1908,,
,,,0.37216493487358093,,0.7276042103767395,,,,,,,1909,,
,,,0.3056946396827698,,0.6436335444450378,,,,,,,1910,,
,,,0.33487609028816223,,0.7082287073135376,,,,,,,1911,,
,,,0.451141893863678,,0.7545846104621887,,,,,,,1912,,
,,,0.4030238389968872,,0.7573660612106323,,,,,,,1913,,
,,,0.347643107175827,,0.7080645561218262,,,,,,,1914,,
,,,0.34982994198799133,,0.7300853729248047,,,,,,,1915,,
,,,0.35295814275741577,,0.7053313255310059,,,,,,,1916,,
,,,0.4578792452812195,,0.758307933807373,,,,,,,1917,,
,,,0.3985833525657654,,0.6879432201385498,,,,,,,1918,,
,,,0.19999998807907104,,0.8000000715255737,,,,,,,1919,,
47,0.30169999599456787,0.40849998593330383,,0.723800003528595,,,,,,,,9359,,
47,,,,,,0.37277737259864807,,0.5407732725143433,,3.7326321601867676,,9359,2.508262872695923,
48,,,,,,,0.37038540840148926,,0.5274032354354858,,3.51171875,9399,,2.4448018074035645
48,,,,,,,0.35930371284484863,,0.5193170309066772,,3.560546875,9449,,2.2835679054260254
48,,,,,,,0.3729255497455597,,0.5395820140838623,,3.70703125,9499,,2.4327430725097656
48,,,,,,,0.3470458388328552,,0.5145080089569092,,3.6953125,9549,,2.3817062377929688
,,,0.40863096714019775,,0.738703727722168,,,,,,,1920,,
,,,0.4090425372123718,,0.7277432680130005,,,,,,,1921,,
,,,0.407756507396698,,0.6953306794166565,,,,,,,1922,,
,,,0.3960317373275757,,0.7079026699066162,,,,,,,1923,,
,,,0.39116665720939636,,0.7523640394210815,,,,,,,1924,,
,,,0.40973687171936035,,0.7594569325447083,,,,,,,1925,,
,,,0.4235690236091614,,0.7223308682441711,,,,,,,1926,,
,,,0.4639730751514435,,0.7482456564903259,,,,,,,1927,,
,,,0.3609965443611145,,0.6822441816329956,,,,,,,1928,,
,,,0.3768707513809204,,0.7210623025894165,,,,,,,1929,,
,,,0.42383405566215515,,0.6970618367195129,,,,,,,1930,,
,,,0.41305840015411377,,0.7351449131965637,,,,,,,1931,,
,,,0.36372116208076477,,0.6918737292289734,,,,,,,1932,,
,,,0.3265993297100067,,0.6713482737541199,,,,,,,1933,,
,,,0.41661858558654785,,0.7509472370147705,,,,,,,1934,,
,,,0.36516666412353516,,0.706872820854187,,,,,,,1935,,
,,,0.37356656789779663,,0.7252432107925415,,,,,,,1936,,
,,,0.40584489703178406,,0.741134762763977,,,,,,,1937,,
,,,0.34141412377357483,,0.6300976872444153,,,,,,,1938,,
,,,0.37464410066604614,,0.6527472734451294,,,,,,,1939,,
,,,0.37136590480804443,,0.778030276298523,,,,,,,1940,,
,,,0.4233405590057373,,0.7526469230651855,,,,,,,1941,,
,,,0.43986251950263977,,0.7704300880432129,,,,,,,1942,,
,,,0.446632981300354,,0.7577259540557861,,,,,,,1943,,
,,,0.3897351622581482,,0.7441855072975159,,,,,,,1944,,
,,,0.39696967601776123,,0.7343859672546387,,,,,,,1945,,
,,,0.4335033893585205,,0.761052668094635,,,,,,,1946,,
,,,0.3521885573863983,,0.7051971554756165,,,,,,,1947,,
,,,0.39428573846817017,,0.7632246613502502,,,,,,,1948,,
,,,0.38350170850753784,,0.7612847685813904,,,,,,,1949,,
,,,0.32830142974853516,,0.6695393323898315,,,,,,,1950,,
,,,0.3586769700050354,,0.7110413908958435,,,,,,,1951,,
,,,0.4407142996788025,,0.7451114654541016,,,,,,,1952,,
,,,0.37330952286720276,,0.732862114906311,,,,,,,1953,,
,,,0.4020202159881592,,0.7471326589584351,,,,,,,1954,,
,,,0.39703595638275146,,0.7487448453903198,,,,,,,1955,,
,,,0.4002699851989746,,0.682738184928894,,,,,,,1956,,
,,,0.45021864771842957,,0.7497973442077637,,,,,,,1957,,
,,,0.3952862024307251,,0.7242020964622498,,,,,,,1958,,
,,,0.21739131212234497,,0.7333333492279053,,,,,,,1959,,
48,0.301800012588501,0.41359999775886536,,0.7261999845504761,,,,,,,,9554,,
48,,,,,,0.37354913353919983,,0.5408099293708801,,3.7186899185180664,,9554,2.498849630355835,
49,,,,,,,0.37994593381881714,,0.5467396378517151,,3.71484375,9599,,2.4766345024108887
49,,,,,,,0.33220264315605164,,0.494547575712204,,3.580078125,9649,,2.443023681640625
49,,,,,,,0.3827468752861023,,0.5469591617584229,,3.66796875,9699,,2.574925422668457
49,,,,,,,0.3561425805091858,,0.5189995169639587,,3.61328125,9749,,2.562636137008667
,,,0.40786436200141907,,0.7064550518989563,,,,,,,1960,,
,,,0.4165915250778198,,0.6923136711120605,,,,,,,1961,,
,,,0.38953375816345215,,0.644960343837738,,,,,,,1962,,
,,,0.3755170702934265,,0.7327253818511963,,,,,,,1963,,
,,,0.40194442868232727,,0.7442079782485962,,,,,,,1964,,
,,,0.4018900394439697,,0.776779055595398,,,,,,,1965,,
,,,0.3948250710964203,,0.7432330846786499,,,,,,,1966,,
,,,0.49259263277053833,,0.7615790367126465,,,,,,,1967,,
,,,0.3441826105117798,,0.7264437675476074,,,,,,,1968,,
,,,0.37219297885894775,,0.7221611738204956,,,,,,,1969,,
,,,0.41541481018066406,,0.6882978677749634,,,,,,,1970,,
,,,0.39432987570762634,,0.7193840742111206,,,,,,,1971,,
,,,0.3833085298538208,,0.7416149377822876,,,,,,,1972,,
,,,0.36719298362731934,,0.7398875951766968,,,,,,,1973,,
,,,0.4006252884864807,,0.7511264085769653,,,,,,,1974,,
,,,0.3818027377128601,,0.6945016384124756,,,,,,,1975,,
,,,0.3648388683795929,,0.6826933026313782,,,,,,,1976,,
,,,0.3949598968029022,,0.7284278869628906,,,,,,,1977,,
,,,0.33205556869506836,,0.6855922937393188,,,,,,,1978,,
,,,0.37964916229248047,,0.6829670667648315,,,,,,,1979,,
,,,0.396307110786438,,0.7531250715255737,,,,,,,1980,,
,,,0.4640670418739319,,0.7335106134414673,,,,,,,1981,,
,,,0.42091837525367737,,0.7772400975227356,,,,,,,1982,,
,,,0.44018757343292236,,0.7460641264915466,,,,,,,1983,,
,,,0.4066017270088196,,0.7498120069503784,,,,,,,1984,,
,,,0.40714287757873535,,0.7380701899528503,,,,,,,1985,,
,,,0.42295917868614197,,0.7649123668670654,,,,,,,1986,,
,,,0.3751963973045349,,0.681780219078064,,,,,,,1987,,
,,,0.3471817374229431,,0.7227743864059448,,,,,,,1988,,
,,,0.4027210772037506,,0.7302083969116211,,,,,,,1989,,
,,,0.3374079465866089,,0.6701604127883911,,,,,,,1990,,
,,,0.3757854700088501,,0.7049319744110107,,,,,,,1991,,
,,,0.44757044315338135,,0.7813576459884644,,,,,,,1992,,
,,,0.3844396471977234,,0.7307044267654419,,,,,,,1993,,
,,,0.40731292963027954,,0.731361985206604,,,,,,,1994,,
,,,0.37266865372657776,,0.7116200923919678,,,,,,,1995,,
,,,0.384052574634552,,0.7051501274108887,,,,,,,1996,,
,,,0.4265376925468445,,0.7677051424980164,,,,,,,1997,,
,,,0.3829966187477112,,0.7131205797195435,,,,,,,1998,,
,,,0.2857142984867096,,0.6000000238418579,,,,,,,1999,,
49,0.30159997940063477,0.4124000072479248,,0.7261000275611877,,,,,,,,9749,,
49,,,,,,0.37032920122146606,,0.5367136001586914,,3.6980369091033936,,9749,2.484010696411133,
50,,,,,,,0.37123557925224304,,0.5427372455596924,,3.80078125,9799,,2.6384496688842773
50,,,,,,,0.3770424723625183,,0.5471552014350891,,3.779296875,9849,,2.4125890731811523
50,,,,,,,0.3629257082939148,,0.5310587286949158,,3.7265625,9899,,2.583400249481201
,,,0.4409067928791046,,0.7516402006149292,,,,,,,2000,,
,,,0.4238847494125366,,0.6837215423583984,,,,,,,2001,,
,,,0.3353134095668793,,0.6946825981140137,,,,,,,2002,,
,,,0.4089164137840271,,0.7558764219284058,,,,,,,2003,,
,,,0.4094276428222656,,0.770626425743103,,,,,,,2004,,
,,,0.3917544186115265,,0.7161985039710999,,,,,,,2005,,
,,,0.39615198969841003,,0.705639123916626,,,,,,,2006,,
,,,0.43783333897590637,,0.753157913684845,,,,,,,2007,,
,,,0.3539115786552429,,0.6871833801269531,,,,,,,2008,,
,,,0.3926870822906494,,0.737912118434906,,,,,,,2009,,
,,,0.4198893904685974,,0.6805723905563354,,,,,,,2010,,
,,,0.4039999842643738,,0.727717399597168,,,,,,,2011,,
,,,0.3900456130504608,,0.7377846837043762,,,,,,,2012,,
,,,0.36298248171806335,,0.7005617618560791,,,,,,,2013,,
,,,0.40812891721725464,,0.7453917264938354,,,,,,,2014,,
,,,0.38516664505004883,,0.7142611145973206,,,,,,,2015,,
,,,0.3806608319282532,,0.7119815349578857,,,,,,,2016,,
,,,0.394043505191803,,0.7526595592498779,,,,,,,2017,,
,,,0.3262626528739929,,0.6905372738838196,,,,,,,2018,,
,,,0.38844984769821167,,0.6569597721099854,,,,,,,2019,,
,,,0.3466641902923584,,0.7345508337020874,,,,,,,2020,,
,,,0.42938095331192017,,0.7373100519180298,,,,,,,2021,,
,,,0.4086805582046509,,0.7641577124595642,,,,,,,2022,,
,,,0.4106060564517975,,0.7657920122146606,,,,,,,2023,,
,,,0.3997570276260376,,0.7466416358947754,,,,,,,2024,,
,,,0.38129252195358276,,0.7301754951477051,,,,,,,2025,,
,,,0.4156462848186493,,0.7561403512954712,,,,,,,2026,,
,,,0.36876416206359863,,0.688530445098877,,,,,,,2027,,
,,,0.37358397245407104,,0.726475179195404,,,,,,,2028,,
,,,0.40454548597335815,,0.7588542103767395,,,,,,,2029,,
,,,0.338969886302948,,0.6634575724601746,,,,,,,2030,,
,,,0.3510942757129669,,0.6558085083961487,,,,,,,2031,,
,,,0.4592142701148987,,0.771960437297821,,,,,,,2032,,
,,,0.3718095123767853,,0.7596726417541504,,,,,,,2033,,
,,,0.4077441096305847,,0.6978493928909302,,,,,,,2034,,
,,,0.38638395071029663,,0.7485766410827637,,,,,,,2035,,
,,,0.3831860423088074,,0.7131987810134888,,,,,,,2036,,
,,,0.4499756991863251,,0.7599037289619446,,,,,,,2037,,
,,,0.40331631898880005,,0.7301418781280518,,,,,,,2038,,
,,,0.1818181872367859,,0.7666666507720947,,,,,,,2039,,
50,0.29979997873306274,0.40950000286102295,,0.725600004196167,,,,,,,,9944,,
50,,,,,,0.37134578824043274,,0.5375341773033142,,3.695132255554199,,9944,2.4747819900512695,
51,,,,,,,0.34973323345184326,,0.5160844326019287,,3.677734375,9949,,2.4371440410614014
51,,,,,,,0.3709338903427124,,0.5372016429901123,,3.6953125,9999,,2.4681668281555176
51,,,,,,,0.3833162188529968,,0.5400537252426147,,3.517578125,10049,,2.554617404937744
51,,,,,,,0.3867892920970917,,0.5493345856666565,,3.638671875,10099,,2.5718913078308105
,,,0.4150874614715576,,0.71833336353302,,,,,,,2040,,
,,,0.36408731341362,,0.7416925430297852,,,,,,,2041,,
,,,0.34119290113449097,,0.7027381062507629,,,,,,,2042,,
,,,0.3968415856361389,,0.73758864402771,,,,,,,2043,,
,,,0.42844444513320923,,0.7718085050582886,,,,,,,2044,,
,,,0.3769097328186035,,0.7689138650894165,,,,,,,2045,,
,,,0.41168829798698425,,0.7450376152992249,,,,,,,2046,,
,,,0.4769360423088074,,0.7582456469535828,,,,,,,2047,,
,,,0.3225461542606354,,0.7546605467796326,,,,,,,2048,,
,,,0.3991408944129944,,0.7321429252624512,,,,,,,2049,,
,,,0.388217955827713,,0.7151468992233276,,,,,,,2050,,
,,,0.39266666769981384,,0.7047101259231567,,,,,,,2051,,
,,,0.3676190674304962,,0.7182453870773315,,,,,,,2052,,
,,,0.3663194477558136,,0.7179775238037109,,,,,,,2053,,
,,,0.4478595554828644,,0.7419866323471069,,,,,,,2054,,
,,,0.382833331823349,,0.7106528878211975,,,,,,,2055,,
,,,0.37344133853912354,,0.6795699596405029,,,,,,,2056,,
,,,0.41116780042648315,,0.7548463344573975,,,,,,,2057,,
,,,0.35453516244888306,,0.6945666074752808,,,,,,,2058,,
,,,0.391580730676651,,0.660622775554657,,,,,,,2059,,
,,,0.37782740592956543,,0.7697917222976685,,,,,,,2060,,
,,,0.4279100298881531,,0.7591311931610107,,,,,,,2061,,
,,,0.43539518117904663,,0.7729390263557434,,,,,,,2062,,
,,,0.3998076021671295,,0.7695578336715698,,,,,,,2063,,
,,,0.3969440460205078,,0.7489473819732666,,,,,,,2064,,
,,,0.39663299918174744,,0.7396491765975952,,,,,,,2065,,
,,,0.41513606905937195,,0.7733333706855774,,,,,,,2066,,
,,,0.3672902584075928,,0.7094384431838989,,,,,,,2067,,
,,,0.33427128195762634,,0.7263199090957642,,,,,,,2068,,
,,,0.3977891206741333,,0.777256965637207,,,,,,,2069,,
,,,0.3410106897354126,,0.6656314730644226,,,,,,,2070,,
,,,0.3540765047073364,,0.6939167976379395,,,,,,,2071,,
,,,0.4861471951007843,,0.7817122936248779,,,,,,,2072,,
,,,0.41387268900871277,,0.7552827596664429,,,,,,,2073,,
,,,0.41921770572662354,,0.7216845750808716,,,,,,,2074,,
,,,0.3742544651031494,,0.742067813873291,,,,,,,2075,,
,,,0.40599000453948975,,0.7175465822219849,,,,,,,2076,,
,,,0.4561086893081665,,0.7685916423797607,,,,,,,2077,,
,,,0.3967171907424927,,0.7173758745193481,,,,,,,2078,,
,,,0.2083333432674408,,0.7333333492279053,,,,,,,2079,,
51,0.30149999260902405,0.4189000129699707,,0.7354999780654907,,,,,,,,10139,,
51,,,,,,0.3682788610458374,,0.5337380170822144,,3.6774439811706543,,10139,2.4685866832733154,
52,,,,,,,0.361860990524292,,0.5244320034980774,,3.61328125,10149,,2.4056944847106934
52,,,,,,,0.3632901906967163,,0.529085636138916,,3.6796875,10199,,2.393430709838867
52,,,,,,,0.36980655789375305,,0.5452859401702881,,3.87890625,10249,,2.5766725540161133
52,,,,,,,0.3840850591659546,,0.5471317768096924,,3.64453125,10299,,2.5227088928222656
,,,0.4055636525154114,,0.7007143497467041,,,,,,,2080,,
,,,0.4225430488586426,,0.7443581819534302,,,,,,,2081,,
,,,0.38762402534484863,,0.7122751474380493,,,,,,,2082,,
,,,0.3997354507446289,,0.7275582551956177,,,,,,,2083,,
,,,0.4086419939994812,,0.7624704241752625,,,,,,,2084,,
,,,0.38479381799697876,,0.7549625635147095,,,,,,,2085,,
,,,0.4250841736793518,,0.7266917824745178,,,,,,,2086,,
,,,0.42239058017730713,,0.7871930599212646,,,,,,,2087,,
,,,0.3867347240447998,,0.7414387464523315,,,,,,,2088,,
,,,0.4024561643600464,,0.7619963884353638,,,,,,,2089,,
,,,0.4224732518196106,,0.6950101256370544,,,,,,,2090,,
,,,0.36816665530204773,,0.7231884002685547,,,,,,,2091,,
,,,0.382957398891449,,0.7167960405349731,,,,,,,2092,,
,,,0.3741134703159332,,0.703932523727417,,,,,,,2093,,
,,,0.416034996509552,,0.7660009860992432,,,,,,,2094,,
,,,0.37946128845214844,,0.7257731556892395,,,,,,,2095,,
,,,0.3626822233200073,,0.7412698268890381,,,,,,,2096,,
,,,0.4092210531234741,,0.7420212626457214,,,,,,,2097,,
,,,0.3106529116630554,,0.6773504614830017,,,,,,,2098,,
,,,0.36143356561660767,,0.6664835810661316,,,,,,,2099,,
,,,0.39715540409088135,,0.7384334802627563,,,,,,,2100,,
,,,0.45220911502838135,,0.7459219694137573,,,,,,,2101,,
,,,0.45625001192092896,,0.751075267791748,,,,,,,2102,,
,,,0.4266034960746765,,0.7746355533599854,,,,,,,2103,,
,,,0.44840866327285767,,0.7822681665420532,,,,,,,2104,,
,,,0.4219931364059448,,0.7314035296440125,,,,,,,2105,,
,,,0.4355442225933075,,0.7770175933837891,,,,,,,2106,,
,,,0.37388890981674194,,0.718100368976593,,,,,,,2107,,
,,,0.347095251083374,,0.754296064376831,,,,,,,2108,,
,,,0.3858843445777893,,0.7274305820465088,,,,,,,2109,,
,,,0.3439018726348877,,0.6695393323898315,,,,,,,2110,,
,,,0.36761170625686646,,0.6731424331665039,,,,,,,2111,,
,,,0.47609129548072815,,0.7764691114425659,,,,,,,2112,,
,,,0.39694565534591675,,0.7731399536132812,,,,,,,2113,,
,,,0.42302405834198,,0.7657705545425415,,,,,,,2114,,
,,,0.40594011545181274,,0.7520186901092529,,,,,,,2115,,
,,,0.40185466408729553,,0.7254399657249451,,,,,,,2116,,
,,,0.4251943826675415,,0.7932370901107788,,,,,,,2117,,
,,,0.4082491993904114,,0.7251772880554199,,,,,,,2118,,
,,,0.27272728085517883,,0.7666666507720947,,,,,,,2119,,
52,0.30880001187324524,0.4189000129699707,,0.7361000180244446,,,,,,,,10334,,
52,,,,,,0.3687726855278015,,0.5336679220199585,,3.6666367053985596,,10334,2.4625051021575928,
53,,,,,,,0.35387903451919556,,0.523318886756897,,3.7421875,10349,,2.4885222911834717
53,,,,,,,0.33133456110954285,,0.49555397033691406,,3.615234375,10399,,2.5066685676574707
53,,,,,,,0.3332563638687134,,0.5006755590438843,,3.681640625,10449,,2.5802855491638184
53,,,,,,,0.3846394419670105,,0.5441184043884277,,3.57421875,10499,,2.299182891845703
,,,0.400456964969635,,0.7073016166687012,,,,,,,2120,,
,,,0.38161513209342957,,0.7119306325912476,,,,,,,2121,,
,,,0.3769071698188782,,0.7131217122077942,,,,,,,2122,,
,,,0.36488696932792664,,0.7663373947143555,,,,,,,2123,,
,,,0.415544331073761,,0.804137110710144,,,,,,,2124,,
,,,0.40677082538604736,,0.7064606547355652,,,,,,,2125,,
,,,0.3798348009586334,,0.6986216306686401,,,,,,,2126,,
,,,0.4311448037624359,,0.7980701923370361,,,,,,,2127,,
,,,0.35147273540496826,,0.7529635429382324,,,,,,,2128,,
,,,0.3834192454814911,,0.7500916123390198,,,,,,,2129,,
,,,0.4088985323905945,,0.6959220170974731,,,,,,,2130,,
,,,0.42609429359436035,,0.7239130139350891,,,,,,,2131,,
,,,0.37142854928970337,,0.6744306683540344,,,,,,,2132,,
,,,0.37859654426574707,,0.6919475793838501,,,,,,,2133,,
,,,0.4486745297908783,,0.7691500186920166,,,,,,,2134,,
,,,0.3818333148956299,,0.7321305274963379,,,,,,,2135,,
,,,0.3708885610103607,,0.7188940048217773,,,,,,,2136,,
,,,0.4274943470954895,,0.7542552947998047,,,,,,,2137,,
,,,0.3198091983795166,,0.6438339948654175,,,,,,,2138,,
,,,0.37551382184028625,,0.6646521091461182,,,,,,,2139,,
,,,0.38563990592956543,,0.7445075511932373,,,,,,,2140,,
,,,0.4885292649269104,,0.7734929323196411,,,,,,,2141,,
,,,0.4176870584487915,,0.73082435131073,,,,,,,2142,,
,,,0.4377104341983795,,0.7526239156723022,,,,,,,2143,,
,,,0.36752045154571533,,0.7413033246994019,,,,,,,2144,,
,,,0.38883334398269653,,0.6914035677909851,,,,,,,2145,,
,,,0.4193333387374878,,0.7412281036376953,,,,,,,2146,,
,,,0.34583336114883423,,0.6998207569122314,,,,,,,2147,,
,,,0.3393225073814392,,0.6951087713241577,,,,,,,2148,,
,,,0.3967686891555786,,0.7331597208976746,,,,,,,2149,,
,,,0.3062196373939514,,0.6634575724601746,,,,,,,2150,,
,,,0.36845237016677856,,0.7031528353691101,,,,,,,2151,,
,,,0.4630832076072693,,0.7753292322158813,,,,,,,2152,,
,,,0.3741702735424042,,0.7504216432571411,,,,,,,2153,,
,,,0.4039115905761719,,0.7551971077919006,,,,,,,2154,,
,,,0.38700398802757263,,0.7228519320487976,,,,,,,2155,,
,,,0.378911554813385,,0.7238613367080688,,,,,,,2156,,
,,,0.4144800901412964,,0.7205420136451721,,,,,,,2157,,
,,,0.3817499876022339,,0.7007092237472534,,,,,,,2158,,
,,,0.21739131212234497,,0.8000000715255737,,,,,,,2159,,
53,0.3051000237464905,0.4133000075817108,,0.7269999980926514,,,,,,,,10529,,
53,,,,,,0.3668704032897949,,0.5304710865020752,,3.638902187347412,,10529,2.4465866088867188,
54,,,,,,,0.38536760210990906,,0.5567730665206909,,3.8125,10549,,2.5283288955688477
54,,,,,,,0.3592267334461212,,0.5158259272575378,,3.490234375,10599,,2.2797634601593018
54,,,,,,,0.3834534287452698,,0.5390854477882385,,3.49609375,10649,,2.403294801712036
54,,,,,,,0.3823091387748718,,0.540683925151825,,3.55078125,10699,,2.4010848999023438
,,,0.43294060230255127,,0.7247884273529053,,,,,,,2160,,
,,,0.4064589738845825,,0.7706263065338135,,,,,,,2161,,
,,,0.356766939163208,,0.7551454901695251,,,,,,,2162,,
,,,0.41836732625961304,,0.7696048617362976,,,,,,,2163,,
,,,0.38394445180892944,,0.7958037853240967,,,,,,,2164,,
,,,0.41535088419914246,,0.7869850397109985,,,,,,,2165,,
,,,0.4215758442878723,,0.7274937629699707,,,,,,,2166,,
,,,0.4261666536331177,,0.8192983269691467,,,,,,,2167,,
,,,0.34091800451278687,,0.754128634929657,,,,,,,2168,,
,,,0.4152061939239502,,0.7586081027984619,,,,,,,2169,,
,,,0.4096956253051758,,0.6873100996017456,,,,,,,2170,,
,,,0.4008333086967468,,0.7230072617530823,,,,,,,2171,,
,,,0.35828372836112976,,0.7135093212127686,,,,,,,2172,,
,,,0.37881946563720703,,0.712172269821167,,,,,,,2173,,
,,,0.41552478075027466,,0.7867895364761353,,,,,,,2174,,
,,,0.3790000081062317,,0.7393470406532288,,,,,,,2175,,
,,,0.38021600246429443,,0.7123656272888184,,,,,,,2176,,
,,,0.4264467656612396,,0.7415484189987183,,,,,,,2177,,
,,,0.3375283479690552,,0.7057387828826904,,,,,,,2178,,
,,,0.407167911529541,,0.6668498516082764,,,,,,,2179,,
,,,0.4062223732471466,,0.7524486184120178,,,,,,,2180,,
,,,0.4311428368091583,,0.7496453523635864,,,,,,,2181,,
,,,0.44929826259613037,,0.7426522970199585,,,,,,,2182,,
,,,0.442472368478775,,0.805272102355957,,,,,,,2183,,
,,,0.4240889251232147,,0.7730576992034912,,,,,,,2184,,
,,,0.4040816128253937,,0.7598246335983276,,,,,,,2185,,
,,,0.44415807723999023,,0.75789475440979,,,,,,,2186,,
,,,0.36660996079444885,,0.7289127707481384,,,,,,,2187,,
,,,0.4105158746242523,,0.7707816362380981,,,,,,,2188,,
,,,0.43316149711608887,,0.7682291269302368,,,,,,,2189,,
,,,0.3877793848514557,,0.6738871335983276,,,,,,,2190,,
,,,0.3585137128829956,,0.7422815561294556,,,,,,,2191,,
,,,0.4166909456253052,,0.773201584815979,,,,,,,2192,,
,,,0.4108114540576935,,0.7692461013793945,,,,,,,2193,,
,,,0.41354167461395264,,0.7534050345420837,,,,,,,2194,,
,,,0.4095359444618225,,0.7631728649139404,,,,,,,2195,,
,,,0.39531248807907104,,0.7435559034347534,,,,,,,2196,,
,,,0.46062660217285156,,0.791641354560852,,,,,,,2197,,
,,,0.38754209876060486,,0.7224290370941162,,,,,,,2198,,
,,,0.17391304671764374,,0.8000000715255737,,,,,,,2199,,
54,0.31450000405311584,0.4203999936580658,,0.7470999956130981,,,,,,,,10724,,
54,,,,,,0.3649124801158905,,0.5278018116950989,,3.6227164268493652,,10724,2.4339921474456787,
55,,,,,,,0.3901676535606384,,0.5569385290145874,,3.7265625,10749,,2.463718891143799
55,,,,,,,0.37070074677467346,,0.534416675567627,,3.64453125,10799,,2.3139476776123047
55,,,,,,,0.38090041279792786,,0.5448387861251831,,3.66015625,10849,,2.494147300720215
55,,,,,,,0.39573055505752563,,0.5511149168014526,,3.50390625,10899,,2.5908522605895996
,,,0.4024771451950073,,0.7178571224212646,,,,,,,2200,,
,,,0.44394630193710327,,0.771143913269043,,,,,,,2201,,
,,,0.39673858880996704,,0.725529134273529,,,,,,,2202,,
,,,0.3920797109603882,,0.7468338012695312,,,,,,,2203,,
,,,0.42716050148010254,,0.7328605651855469,,,,,,,2204,,
,,,0.40206092596054077,,0.763389527797699,,,,,,,2205,,
,,,0.41929054260253906,,0.724937379360199,,,,,,,2206,,
,,,0.45969387888908386,,0.8036842346191406,,,,,,,2207,,
,,,0.3541366159915924,,0.72601318359375,,,,,,,2208,,
,,,0.40781790018081665,,0.785805881023407,,,,,,,2209,,
,,,0.4208211898803711,,0.6970617771148682,,,,,,,2210,,
,,,0.4297618865966797,,0.7398550510406494,,,,,,,2211,,
,,,0.36879962682724,,0.7297618985176086,,,,,,,2212,,
,,,0.3957446813583374,,0.7676029801368713,,,,,,,2213,,
,,,0.45038872957229614,,0.7753199934959412,,,,,,,2214,,
,,,0.4023333191871643,,0.7231958508491516,,,,,,,2215,,
,,,0.3817541301250458,,0.7198925018310547,,,,,,,2216,,
,,,0.436655193567276,,0.742553174495697,,,,,,,2217,,
,,,0.304500013589859,,0.6836996078491211,,,,,,,2218,,
,,,0.3941933810710907,,0.6736264228820801,,,,,,,2219,,
,,,0.36620032787323,,0.7490530014038086,,,,,,,2220,,
,,,0.44822028279304504,,0.7463652491569519,,,,,,,2221,,
,,,0.44747474789619446,,0.7577060461044312,,,,,,,2222,,
,,,0.4971621036529541,,0.7767735719680786,,,,,,,2223,,
,,,0.39264634251594543,,0.7870050668716431,,,,,,,2224,,
,,,0.3870370388031006,,0.761052668094635,,,,,,,2225,,
,,,0.41784512996673584,,0.7901754975318909,,,,,,,2226,,
,,,0.435127317905426,,0.7228195667266846,,,,,,,2227,,
,,,0.36043769121170044,,0.7760351896286011,,,,,,,2228,,
,,,0.4400343596935272,,0.7272569537162781,,,,,,,2229,,
,,,0.36281293630599976,,0.6595497131347656,,,,,,,2230,,
,,,0.34159451723098755,,0.7307431697845459,,,,,,,2231,,
,,,0.5083819031715393,,0.7494427561759949,,,,,,,2232,,
,,,0.4161856770515442,,0.759523868560791,,,,,,,2233,,
,,,0.42061853408813477,,0.7856630682945251,,,,,,,2234,,
,,,0.39695093035697937,,0.7434394359588623,,,,,,,2235,,
,,,0.39246034622192383,,0.7345497012138367,,,,,,,2236,,
,,,0.4829446077346802,,0.7673505544662476,,,,,,,2237,,
,,,0.3669166564941406,,0.7069148421287537,,,,,,,2238,,
,,,0.3333333432674408,,0.7666666507720947,,,,,,,2239,,
55,0.3127000033855438,0.42989999055862427,,0.7423999905586243,,,,,,,,10919,,
55,,,,,,0.36558735370635986,,0.5285205245018005,,3.624358892440796,,10919,2.432443380355835,
56,,,,,,,0.38324955105781555,,0.5507326126098633,,3.732421875,10949,,2.2432861328125
56,,,,,,,0.3505016267299652,,0.5138847827911377,,3.6171875,10999,,2.3301243782043457
56,,,,,,,0.41353464126586914,,0.5669301748275757,,3.482421875,11049,,2.5577542781829834
56,,,,,,,0.3278541564941406,,0.4916372299194336,,3.603515625,11099,,2.3385443687438965
,,,0.3913598656654358,,0.7288624048233032,,,,,,,2240,,
,,,0.39920634031295776,,0.7424430847167969,,,,,,,2241,,
,,,0.38411879539489746,,0.7096825838088989,,,,,,,2242,,
,,,0.37543731927871704,,0.7670466303825378,,,,,,,2243,,
,,,0.43080809712409973,,0.7493498921394348,,,,,,,2244,,
,,,0.3851754367351532,,0.7195693254470825,,,,,,,2245,,
,,,0.3932619094848633,,0.6816290616989136,,,,,,,2246,,
,,,0.4620748460292816,,0.7678947448730469,,,,,,,2247,,
,,,0.3760432004928589,,0.7036980390548706,,,,,,,2248,,
,,,0.3675084114074707,,0.7285714745521545,,,,,,,2249,,
,,,0.39458873867988586,,0.7078773975372314,,,,,,,2250,,
,,,0.3848484754562378,,0.6981884241104126,,,,,,,2251,,
,,,0.3470238149166107,,0.6868789196014404,,,,,,,2252,,
,,,0.3962365686893463,,0.7043070793151855,,,,,,,2253,,
,,,0.461005836725235,,0.7679723501205444,,,,,,,2254,,
,,,0.32542088627815247,,0.6859106421470642,,,,,,,2255,,
,,,0.3535957336425781,,0.6689964532852173,,,,,,,2256,,
,,,0.40074455738067627,,0.7244680523872375,,,,,,,2257,,
,,,0.3281745910644531,,0.6647131443023682,,,,,,,2258,,
,,,0.40972432494163513,,0.6858974695205688,,,,,,,2259,,
,,,0.33489108085632324,,0.7071970105171204,,,,,,,2260,,
,,,0.4536443054676056,,0.7420212626457214,,,,,,,2261,,
,,,0.3948453664779663,,0.7387096881866455,,,,,,,2262,,
,,,0.4499518871307373,,0.7639455795288086,,,,,,,2263,,
,,,0.38123178482055664,,0.7409273386001587,,,,,,,2264,,
,,,0.4049319624900818,,0.7208772301673889,,,,,,,2265,,
,,,0.4478332996368408,,0.7419298887252808,,,,,,,2266,,
,,,0.31554433703422546,,0.6997013092041016,,,,,,,2267,,
,,,0.3375306725502014,,0.7067546844482422,,,,,,,2268,,
,,,0.37142854928970337,,0.7142360806465149,,,,,,,2269,,
,,,0.3403289318084717,,0.6338250637054443,,,,,,,2270,,
,,,0.3842783570289612,,0.6784275770187378,,,,,,,2271,,
,,,0.4469761848449707,,0.7452127933502197,,,,,,,2272,,
,,,0.39640477299690247,,0.7418898344039917,,,,,,,2273,,
,,,0.38163265585899353,,0.7575268745422363,,,,,,,2274,,
,,,0.39339715242385864,,0.7091744542121887,,,,,,,2275,,
,,,0.38097643852233887,,0.6978778839111328,,,,,,,2276,,
,,,0.4172198176383972,,0.7521023154258728,,,,,,,2277,,
,,,0.39541664719581604,,0.7032800912857056,,,,,,,2278,,
,,,0.260869562625885,,0.8000000715255737,,,,,,,2279,,
56,0.3065999746322632,0.41019999980926514,,0.7161999940872192,,,,,,,,11114,,
56,,,,,,0.36571088433265686,,0.5279195308685303,,3.6098859310150146,,11114,2.420977830886841,
57,,,,,,,0.36150577664375305,,0.5231180191040039,,3.59375,11149,,2.3454959392547607
57,,,,,,,0.343735009431839,,0.5119730234146118,,3.708984375,11199,,2.380852699279785
57,,,,,,,0.34611976146698,,0.5111868381500244,,3.6484375,11249,,2.3064045906066895
57,,,,,,,0.34547868371009827,,0.5036197900772095,,3.5078125,11299,,2.2444534301757812
,,,0.41865888237953186,,0.7250000238418579,,,,,,,2280,,
,,,0.40137457847595215,,0.7479555010795593,,,,,,,2281,,
,,,0.37800049781799316,,0.7157937288284302,,,,,,,2282,,
,,,0.38240474462509155,,0.6952887773513794,,,,,,,2283,,
,,,0.4404040575027466,,0.7745271921157837,,,,,,,2284,,
,,,0.4183160066604614,,0.7832397222518921,,,,,,,2285,,
,,,0.40330952405929565,,0.7209022641181946,,,,,,,2286,,
,,,0.4212121367454529,,0.7585965394973755,,,,,,,2287,,
,,,0.37527284026145935,,0.7294833064079285,,,,,,,2288,,
,,,0.4378865957260132,,0.7321429252624512,,,,,,,2289,,
,,,0.43722718954086304,,0.7266716957092285,,,,,,,2290,,
,,,0.38771045207977295,,0.7389492988586426,,,,,,,2291,,
,,,0.3773433566093445,,0.7355590462684631,,,,,,,2292,,
,,,0.40274912118911743,,0.747565507888794,,,,,,,2293,,
,,,0.4389941692352295,,0.7692268490791321,,,,,,,2294,,
,,,0.4131666421890259,,0.7386597394943237,,,,,,,2295,,
,,,0.3901571035385132,,0.7410393953323364,,,,,,,2296,,
,,,0.41973379254341125,,0.7581560015678406,,,,,,,2297,,
,,,0.3230639696121216,,0.6615995764732361,,,,,,,2298,,
,,,0.4007769823074341,,0.6882784366607666,,,,,,,2299,,
,,,0.4035228490829468,,0.7851190567016602,,,,,,,2300,,
,,,0.4789115786552429,,0.7489361763000488,,,,,,,2301,,
,,,0.394727885723114,,0.7503584027290344,,,,,,,2302,,
,,,0.4590238332748413,,0.775583028793335,,,,,,,2303,,
,,,0.4121234118938446,,0.7785840034484863,,,,,,,2304,,
,,,0.4377104640007019,,0.7352632284164429,,,,,,,2305,,
,,,0.48146259784698486,,0.7984211444854736,,,,,,,2306,,
,,,0.4173961877822876,,0.7084228992462158,,,,,,,2307,,
,,,0.31212568283081055,,0.7447723150253296,,,,,,,2308,,
,,,0.359666645526886,,0.7208333015441895,,,,,,,2309,,
,,,0.3825801908969879,,0.6643633246421814,,,,,,,2310,,
,,,0.3638119697570801,,0.7199503183364868,,,,,,,2311,,
,,,0.44638094305992126,,0.7539007067680359,,,,,,,2312,,
,,,0.42828282713890076,,0.771056592464447,,,,,,,2313,,
,,,0.4303819537162781,,0.7501791715621948,,,,,,,2314,,
,,,0.4115767478942871,,0.7704322338104248,,,,,,,2315,,
,,,0.41212567687034607,,0.7560558915138245,,,,,,,2316,,
,,,0.46423712372779846,,0.7896909713745117,,,,,,,2317,,
,,,0.3819166421890259,,0.7242907285690308,,,,,,,2318,,
,,,0.4000000059604645,,0.8000000715255737,,,,,,,2319,,
57,0.31459999084472656,0.4296000003814697,,0.7402999997138977,,,,,,,,11309,,
57,,,,,,0.3620791435241699,,0.5233278274536133,,3.587059259414673,,11309,2.410634756088257,
58,,,,,,,0.3818594515323639,,0.5453836917877197,,3.65234375,11349,,2.453968048095703
58,,,,,,,0.3776167929172516,,0.5351275205612183,,3.52734375,11399,,2.4852805137634277
58,,,,,,,0.3780862092971802,,0.5332541465759277,,3.48046875,11449,,2.33208966255188
58,,,,,,,0.3927820324897766,,0.5511214733123779,,3.55859375,11499,,2.4883763790130615
,,,0.46696120500564575,,0.7499735355377197,,,,,,,2320,,
,,,0.4196924567222595,,0.7558488845825195,,,,,,,2321,,
,,,0.3580175042152405,,0.7371032238006592,,,,,,,2322,,
,,,0.3980519473552704,,0.7486828565597534,,,,,,,2323,,
,,,0.43209874629974365,,0.7859338521957397,,,,,,,2324,,
,,,0.4281250238418579,,0.7770599126815796,,,,,,,2325,,
,,,0.4368571639060974,,0.7607769966125488,,,,,,,2326,,
,,,0.49642857909202576,,0.77210533618927,,,,,,,2327,,
,,,0.34244415163993835,,0.7704406976699829,,,,,,,2328,,
,,,0.3810374140739441,,0.7989011406898499,,,,,,,2329,,
,,,0.4079688787460327,,0.7199341058731079,,,,,,,2330,,
,,,0.4038720428943634,,0.7382246255874634,,,,,,,2331,,
,,,0.40934836864471436,,0.7881729006767273,,,,,,,2332,,
,,,0.4170175790786743,,0.7398876547813416,,,,,,,2333,,
,,,0.4662739336490631,,0.7844598293304443,,,,,,,2334,,
,,,0.4036666452884674,,0.7352232933044434,,,,,,,2335,,
,,,0.3592619001865387,,0.7329749464988708,,,,,,,2336,,
,,,0.43648335337638855,,0.7530142068862915,,,,,,,2337,,
,,,0.335509717464447,,0.6764347553253174,,,,,,,2338,,
,,,0.3633382022380829,,0.7025641798973083,,,,,,,2339,,
,,,0.3924805521965027,,0.7376893758773804,,,,,,,2340,,
,,,0.4720538854598999,,0.7533687949180603,,,,,,,2341,,
,,,0.4391227960586548,,0.7528673410415649,,,,,,,2342,,
,,,0.44693878293037415,,0.7961612939834595,,,,,,,2343,,
,,,0.4362052083015442,,0.7938472032546997,,,,,,,2344,,
,,,0.43539518117904663,,0.7542105913162231,,,,,,,2345,,
,,,0.43215489387512207,,0.7785965204238892,,,,,,,2346,,
,,,0.39205557107925415,,0.7392473220825195,,,,,,,2347,,
,,,0.3852430582046509,,0.7672619223594666,,,,,,,2348,,
,,,0.40937501192092896,,0.7439236044883728,,,,,,,2349,,
,,,0.36659377813339233,,0.7058488130569458,,,,,,,2350,,
,,,0.3724988102912903,,0.7070120573043823,,,,,,,2351,,
,,,0.4988696873188019,,0.7678064703941345,,,,,,,2352,,
,,,0.4465608596801758,,0.748487114906311,,,,,,,2353,,
,,,0.449828177690506,,0.7810035943984985,,,,,,,2354,,
,,,0.4201773703098297,,0.7588379383087158,,,,,,,2355,,
,,,0.4078301191329956,,0.7132763862609863,,,,,,,2356,,
,,,0.43702876567840576,,0.7905775308609009,,,,,,,2357,,
,,,0.42397958040237427,,0.7245567440986633,,,,,,,2358,,
,,,0.260869562625885,,0.6666666865348816,,,,,,,2359,,
58,0.3119000196456909,0.4358000159263611,,0.7519999742507935,,,,,,,,11504,,
58,,,,,,0.36284300684928894,,0.5239113569259644,,3.5842347145080566,,11504,2.4057512283325195,
59,,,,,,,0.3666580319404602,,0.5199559926986694,,3.431640625,11549,,2.3258824348449707
59,,,,,,,0.34735748171806335,,0.5172454714775085,,3.744140625,11599,,2.4011781215667725
59,,,,,,,0.41714295744895935,,0.5741422176361084,,3.556640625,11649,,2.6544241905212402
59,,,,,,,0.3608824610710144,,0.5226479172706604,,3.595703125,11699,,2.5721936225891113
,,,0.46559765934944153,,0.7348942160606384,,,,,,,2360,,
,,,0.4126984477043152,,0.7125259041786194,,,,,,,2361,,
,,,0.4135861396789551,,0.7410714626312256,,,,,,,2362,,
,,,0.44147616624832153,,0.7463779449462891,,,,,,,2363,,
,,,0.41277778148651123,,0.8036051988601685,,,,,,,2364,,
,,,0.4005952477455139,,0.7920411825180054,,,,,,,2365,,
,,,0.430086612701416,,0.7192732095718384,,,,,,,2366,,
,,,0.4972788989543915,,0.8071930408477783,,,,,,,2367,,
,,,0.3932253122329712,,0.7407294511795044,,,,,,,2368,,
,,,0.4231099486351013,,0.7815934419631958,,,,,,,2369,,
,,,0.4743609130382538,,0.7468844652175903,,,,,,,2370,,
,,,0.41921767592430115,,0.719021737575531,,,,,,,2371,,
,,,0.4008611738681793,,0.7237577438354492,,,,,,,2372,,
,,,0.36701029539108276,,0.7629213333129883,,,,,,,2373,,
,,,0.4302549362182617,,0.7771121263504028,,,,,,,2374,,
,,,0.47583329677581787,,0.737113356590271,,,,,,,2375,,
,,,0.36996152997016907,,0.7486174702644348,,,,,,,2376,,
,,,0.4316551089286804,,0.7515957355499268,,,,,,,2377,,
,,,0.3402777910232544,,0.7121490240097046,,,,,,,2378,,
,,,0.37722140550613403,,0.674908459186554,,,,,,,2379,,
,,,0.3910284638404846,,0.7543560862541199,,,,,,,2380,,
,,,0.468049556016922,,0.756205677986145,,,,,,,2381,,
,,,0.4853951334953308,,0.7872759699821472,,,,,,,2382,,
,,,0.4649110436439514,,0.7869776487350464,,,,,,,2383,,
,,,0.42085814476013184,,0.8071804642677307,,,,,,,2384,,
,,,0.4461279511451721,,0.7601754665374756,,,,,,,2385,,
,,,0.4611111283302307,,0.788245677947998,,,,,,,2386,,
,,,0.4072951674461365,,0.7342891693115234,,,,,,,2387,,
,,,0.3847910761833191,,0.7762163877487183,,,,,,,2388,,
,,,0.4119528532028198,,0.7809028029441833,,,,,,,2389,,
,,,0.357584685087204,,0.694073498249054,,,,,,,2390,,
,,,0.3863581120967865,,0.7128990888595581,,,,,,,2391,,
,,,0.4927356541156769,,0.8285207748413086,,,,,,,2392,,
,,,0.43458396196365356,,0.7999752163887024,,,,,,,2393,,
,,,0.41700679063796997,,0.7292114496231079,,,,,,,2394,,
,,,0.4177083373069763,,0.774948239326477,,,,,,,2395,,
,,,0.38834071159362793,,0.7344979643821716,,,,,,,2396,,
,,,0.49177491664886475,,0.7724924087524414,,,,,,,2397,,
,,,0.3933333158493042,,0.73758864402771,,,,,,,2398,,
,,,0.260869562625885,,0.6666667461395264,,,,,,,2399,,
59,0.30790001153945923,0.4423999786376953,,0.7544000148773193,,,,,,,,11699,,
59,,,,,,0.36091652512550354,,0.5214356780052185,,3.571284055709839,,11699,2.390563726425171,
60,,,,,,,0.33749842643737793,,0.502386212348938,,3.634765625,11749,,2.375143051147461
60,,,,,,,0.3883534371852875,,0.549966037273407,,3.62109375,11799,,2.3294010162353516
60,,,,,,,0.3429468274116516,,0.49547722935676575,,3.39453125,11849,,2.343632221221924
,,,0.46848881244659424,,0.7525661587715149,,,,,,,2400,,
,,,0.41002508997917175,,0.7333850860595703,,,,,,,2401,,
,,,0.3638726770877838,,0.6906216740608215,,,,,,,2402,,
,,,0.41044706106185913,,0.7200608253479004,,,,,,,2403,,
,,,0.42772167921066284,,0.784515380859375,,,,,,,2404,,
,,,0.3857017755508423,,0.7594569325447083,,,,,,,2405,,
,,,0.40740740299224854,,0.7503759860992432,,,,,,,2406,,
,,,0.46447813510894775,,0.7866666913032532,,,,,,,2407,,
,,,0.3843006193637848,,0.7492654323577881,,,,,,,2408,,
,,,0.4124999940395355,,0.7629121541976929,,,,,,,2409,,
,,,0.4336491823196411,,0.7356382608413696,,,,,,,2410,,
,,,0.4168367385864258,,0.7471014261245728,,,,,,,2411,,
,,,0.37934839725494385,,0.7366977334022522,,,,,,,2412,,
,,,0.37812501192092896,,0.7159175872802734,,,,,,,2413,,
,,,0.44511663913726807,,0.7909114360809326,,,,,,,2414,,
,,,0.38367003202438354,,0.7158075571060181,,,,,,,2415,,
,,,0.31268221139907837,,0.740143358707428,,,,,,,2416,,
,,,0.3921296298503876,,0.7803782224655151,,,,,,,2417,,
,,,0.35511112213134766,,0.6826618313789368,,,,,,,2418,,
,,,0.44741642475128174,,0.6871795654296875,,,,,,,2419,,
,,,0.39605653285980225,,0.7841585874557495,,,,,,,2420,,
,,,0.4547497630119324,,0.7560283541679382,,,,,,,2421,,
,,,0.4952631890773773,,0.7693548202514648,,,,,,,2422,,
,,,0.4115440249443054,,0.7671768665313721,,,,,,,2423,,
,,,0.39958271384239197,,0.7840226292610168,,,,,,,2424,,
,,,0.42697596549987793,,0.7314035296440125,,,,,,,2425,,
,,,0.42789116501808167,,0.7684211134910583,,,,,,,2426,,
,,,0.3996031880378723,,0.6974910497665405,,,,,,,2427,,
,,,0.3584175109863281,,0.74466872215271,,,,,,,2428,,
,,,0.394727885723114,,0.7336806058883667,,,,,,,2429,,
,,,0.33335739374160767,,0.691796064376831,,,,,,,2430,,
,,,0.3709622025489807,,0.702721118927002,,,,,,,2431,,
,,,0.5041728019714355,,0.7715299129486084,,,,,,,2432,,
,,,0.42332854866981506,,0.7634177207946777,,,,,,,2433,,
,,,0.44115644693374634,,0.7532258033752441,,,,,,,2434,,
,,,0.41998204588890076,,0.7258281707763672,,,,,,,2435,,
,,,0.3719194829463959,,0.7265787124633789,,,,,,,2436,,
,,,0.45297005772590637,,0.7698327898979187,,,,,,,2437,,
,,,0.3814166784286499,,0.7311170101165771,,,,,,,2438,,
,,,0.25,,0.7000000476837158,,,,,,,2439,,
60,0.31060001254081726,0.42549997568130493,,0.7426999807357788,,,,,,,,11894,,
60,,,,,,0.3600456118583679,,0.5205567479133606,,3.5703024864196777,,11894,2.382510185241699,
61,,,,,,,0.3081832528114319,,0.4678229093551636,,3.5,11899,,2.2309274673461914
61,,,,,,,0.36714261770248413,,0.5289613008499146,,3.603515625,11949,,2.267592668533325
61,,,,,,,0.3557365834712982,,0.5088481903076172,,3.41796875,11999,,2.237802505493164
61,,,,,,,0.3830571472644806,,0.5420048832893372,,3.5625,12049,,2.4084694385528564
,,,0.43379491567611694,,0.7693386077880859,,,,,,,2440,,
,,,0.4306231141090393,,0.6953415870666504,,,,,,,2441,,
,,,0.39657583832740784,,0.6963492035865784,,,,,,,2442,,
,,,0.4322042167186737,,0.7454661130905151,,,,,,,2443,,
,,,0.45072951912879944,,0.7946217060089111,,,,,,,2444,,
,,,0.4251754581928253,,0.7418539524078369,,,,,,,2445,,
,,,0.45697277784347534,,0.7176942825317383,,,,,,,2446,,
,,,0.47066667675971985,,0.7635087966918945,,,,,,,2447,,
,,,0.398809552192688,,0.7008612155914307,,,,,,,2448,,
,,,0.3912371098995209,,0.7211539149284363,,,,,,,2449,,
,,,0.45721572637557983,,0.7041540145874023,,,,,,,2450,,
,,,0.406333327293396,,0.709782600402832,,,,,,,2451,,
,,,0.3774668574333191,,0.7349896430969238,,,,,,,2452,,
,,,0.37017545104026794,,0.7074906229972839,,,,,,,2453,,
,,,0.4540426433086395,,0.7699436545372009,,,,,,,2454,,
,,,0.3919999897480011,,0.698625385761261,,,,,,,2455,,
,,,0.4019882082939148,,0.730286717414856,,,,,,,2456,,
,,,0.4376157522201538,,0.7344561815261841,,,,,,,2457,,
,,,0.32901233434677124,,0.6716728210449219,,,,,,,2458,,
,,,0.3677712082862854,,0.6688644886016846,,,,,,,2459,,
,,,0.387548565864563,,0.7496888637542725,,,,,,,2460,,
,,,0.4320346713066101,,0.7612462043762207,,,,,,,2461,,
,,,0.4467353820800781,,0.7589605450630188,,,,,,,2462,,
,,,0.46824586391448975,,0.7547618746757507,,,,,,,2463,,
,,,0.46650874614715576,,0.7456015348434448,,,,,,,2464,,
,,,0.4244791865348816,,0.7136842608451843,,,,,,,2465,,
,,,0.4546666741371155,,0.7414035797119141,,,,,,,2466,,
,,,0.3879818320274353,,0.6835722923278809,,,,,,,2467,,
,,,0.34480077028274536,,0.7238613367080688,,,,,,,2468,,
,,,0.40255099534988403,,0.7168402671813965,,,,,,,2469,,
,,,0.3861607313156128,,0.6709886193275452,,,,,,,2470,,
,,,0.4058787226676941,,0.6782705783843994,,,,,,,2471,,
,,,0.4673641324043274,,0.7574214935302734,,,,,,,2472,,
,,,0.4165945053100586,,0.7430307865142822,,,,,,,2473,,
,,,0.40425169467926025,,0.7372759580612183,,,,,,,2474,,
,,,0.3792341649532318,,0.7209627628326416,,,,,,,2475,,
,,,0.4045138955116272,,0.7269409894943237,,,,,,,2476,,
,,,0.451579213142395,,0.7467831969261169,,,,,,,2477,,
,,,0.39400002360343933,,0.7253546118736267,,,,,,,2478,,
,,,0.3181818127632141,,0.8000000715255737,,,,,,,2479,,
61,0.31269997358322144,0.4334999918937683,,0.7287999987602234,,,,,,,,12089,,
61,,,,,,0.3590873181819916,,0.5185899138450623,,3.549128532409668,,12089,2.3709607124328613,
62,,,,,,,0.3481716513633728,,0.5077650547027588,,3.5390625,12099,,2.297314167022705
62,,,,,,,0.36947089433670044,,0.5275110006332397,,3.529296875,12149,,2.571962833404541
62,,,,,,,0.35779625177383423,,0.5056779384613037,,3.314453125,12199,,2.344048023223877
62,,,,,,,0.34097981452941895,,0.4972706735134125,,3.466796875,12249,,2.4238195419311523
,,,0.4770337641239166,,0.7544180154800415,,,,,,,2480,,
,,,0.4058283865451813,,0.742546558380127,,,,,,,2481,,
,,,0.376298725605011,,0.7384920716285706,,,,,,,2482,,
,,,0.42390573024749756,,0.7516970634460449,,,,,,,2483,,
,,,0.4259820580482483,,0.8071512579917908,,,,,,,2484,,
,,,0.4006872773170471,,0.7454119920730591,,,,,,,2485,,
,,,0.406469464302063,,0.7645363807678223,,,,,,,2486,,
,,,0.5154882669448853,,0.7817543745040894,,,,,,,2487,,
,,,0.4139971137046814,,0.7087639570236206,,,,,,,2488,,
,,,0.39696967601776123,,0.7433150410652161,,,,,,,2489,,
,,,0.40574371814727783,,0.716033399105072,,,,,,,2490,,
,,,0.4057239294052124,,0.7213767766952515,,,,,,,2491,,
,,,0.3741253614425659,,0.7554865479469299,,,,,,,2492,,
,,,0.39007091522216797,,0.731460690498352,,,,,,,2493,,
,,,0.4875364303588867,,0.7789042592048645,,,,,,,2494,,
,,,0.43449997901916504,,0.7364261150360107,,,,,,,2495,,
,,,0.38819342851638794,,0.7163082361221313,,,,,,,2496,,
,,,0.428067147731781,,0.7676714062690735,,,,,,,2497,,
,,,0.3622449040412903,,0.7046398520469666,,,,,,,2498,,
,,,0.3899416923522949,,0.6668498516082764,,,,,,,2499,,
,,,0.4024185538291931,,0.7702652215957642,,,,,,,2500,,
,,,0.46091869473457336,,0.7860815525054932,,,,,,,2501,,
,,,0.45102041959762573,,0.7679211497306824,,,,,,,2502,,
,,,0.44665706157684326,,0.7679300308227539,,,,,,,2503,,
,,,0.41898688673973083,,0.7964787483215332,,,,,,,2504,,
,,,0.406632661819458,,0.7138596773147583,,,,,,,2505,,
,,,0.43716663122177124,,0.7743859887123108,,,,,,,2506,,
,,,0.36734694242477417,,0.724611759185791,,,,,,,2507,,
,,,0.3835051655769348,,0.7490424513816833,,,,,,,2508,,
,,,0.4111683964729309,,0.714756965637207,,,,,,,2509,,
,,,0.36981725692749023,,0.6776915192604065,,,,,,,2510,,
,,,0.37792760133743286,,0.6967687606811523,,,,,,,2511,,
,,,0.4438289403915405,,0.7698328495025635,,,,,,,2512,,
,,,0.4548821747303009,,0.7891120910644531,,,,,,,2513,,
,,,0.41890034079551697,,0.7130824327468872,,,,,,,2514,,
,,,0.3875124454498291,,0.7367236614227295,,,,,,,2515,,
,,,0.38904276490211487,,0.746247410774231,,,,,,,2516,,
,,,0.48522835969924927,,0.7785207629203796,,,,,,,2517,,
,,,0.4194444417953491,,0.721187949180603,,,,,,,2518,,
,,,0.25,,0.8666666746139526,,,,,,,2519,,
62,0.3205000162124634,0.4369000196456909,,0.746399998664856,,,,,,,,12284,,
62,,,,,,0.3560853600502014,,0.5149500370025635,,3.533323287963867,,12284,2.3654651641845703,
63,,,,,,,0.33459925651550293,,0.49255189299583435,,3.494140625,12299,,2.395005702972412
63,,,,,,,0.3890554904937744,,0.5531964302062988,,3.671875,12349,,2.5089640617370605
63,,,,,,,0.3342834711074829,,0.4979892075061798,,3.609375,12399,,2.2397022247314453
63,,,,,,,0.3393678367137909,,0.5020869374275208,,3.59375,12449,,2.3213934898376465
,,,0.4269922375679016,,0.7283333539962769,,,,,,,2520,,
,,,0.39676693081855774,,0.7396998405456543,,,,,,,2521,,
,,,0.3639175295829773,,0.7503306865692139,,,,,,,2522,,
,,,0.4209476113319397,,0.755699098110199,,,,,,,2523,,
,,,0.43995511531829834,,0.8183214664459229,,,,,,,2524,,
,,,0.36460480093955994,,0.7620786428451538,,,,,,,2525,,
,,,0.41466665267944336,,0.7137594223022461,,,,,,,2526,,
,,,0.4742424190044403,,0.7763158082962036,,,,,,,2527,,
,,,0.3447521924972534,,0.738551139831543,,,,,,,2528,,
,,,0.4099656343460083,,0.757417619228363,,,,,,,2529,,
,,,0.4330357313156128,,0.723302960395813,,,,,,,2530,,
,,,0.39882156252861023,,0.7434782981872559,,,,,,,2531,,
,,,0.35702013969421387,,0.7270186543464661,,,,,,,2532,,
,,,0.3540293276309967,,0.7350187301635742,,,,,,,2533,,
,,,0.45624393224716187,,0.7771121263504028,,,,,,,2534,,
,,,0.3698333203792572,,0.7218213081359863,,,,,,,2535,,
,,,0.38432538509368896,,0.7392473220825195,,,,,,,2536,,
,,,0.4208912253379822,,0.770035445690155,,,,,,,2537,,
,,,0.3641156554222107,,0.6813797950744629,,,,,,,2538,,
,,,0.3979910612106323,,0.6908425092697144,,,,,,,2539,,
,,,0.38515549898147583,,0.7604978084564209,,,,,,,2540,,
,,,0.43589285016059875,,0.777114987373352,,,,,,,2541,,
,,,0.47268038988113403,,0.7560931444168091,,,,,,,2542,,
,,,0.43583330512046814,,0.7536442875862122,,,,,,,2543,,
,,,0.3977392911911011,,0.7706892490386963,,,,,,,2544,,
,,,0.41105443239212036,,0.7050877213478088,,,,,,,2545,,
,,,0.4685184955596924,,0.7759649753570557,,,,,,,2546,,
,,,0.3561728298664093,,0.7376344203948975,,,,,,,2547,,
,,,0.37056276202201843,,0.7482401728630066,,,,,,,2548,,
,,,0.3693602681159973,,0.7463542222976685,,,,,,,2549,,
,,,0.3824344277381897,,0.6828416585922241,,,,,,,2550,,
,,,0.3398323655128479,,0.7190345525741577,,,,,,,2551,,
,,,0.4792689085006714,,0.7519503235816956,,,,,,,2552,,
,,,0.4015873074531555,,0.7541418671607971,,,,,,,2553,,
,,,0.43670034408569336,,0.7528674006462097,,,,,,,2554,,
,,,0.3945017158985138,,0.7418737411499023,,,,,,,2555,,
,,,0.37421053647994995,,0.6975931525230408,,,,,,,2556,,
,,,0.4368804693222046,,0.7680597901344299,,,,,,,2557,,
,,,0.4047980010509491,,0.7327127456665039,,,,,,,2558,,
,,,0.3181818127632141,,0.8000000715255737,,,,,,,2559,,
63,0.31939998269081116,0.4230000078678131,,0.7437999844551086,,,,,,,,12479,,
63,,,,,,0.35770678520202637,,0.5164942145347595,,3.5334434509277344,,12479,2.3596653938293457,
64,,,,,,,0.35397642850875854,,0.5179182291030884,,3.6328125,12499,,2.2663140296936035
64,,,,,,,0.3700314164161682,,0.5251138210296631,,3.47265625,12549,,2.4070310592651367
64,,,,,,,0.3780706524848938,,0.5386104583740234,,3.58984375,12599,,2.4114203453063965
64,,,,,,,0.3601215183734894,,0.5177745819091797,,3.513671875,12649,,2.197904586791992
,,,0.4548833966255188,,0.752751350402832,,,,,,,2560,,
,,,0.41390979290008545,,0.7402432560920715,,,,,,,2561,,
,,,0.3860509991645813,,0.7410846948623657,,,,,,,2562,,
,,,0.47258222103118896,,0.7286474108695984,,,,,,,2563,,
,,,0.42322221398353577,,0.8001773357391357,,,,,,,2564,,
,,,0.4420175850391388,,0.7672284841537476,,,,,,,2565,,
,,,0.4300476014614105,,0.7531328797340393,,,,,,,2566,,
,,,0.48758500814437866,,0.7954386472702026,,,,,,,2567,,
,,,0.3519345223903656,,0.7465298771858215,,,,,,,2568,,
,,,0.4044612944126129,,0.7706044912338257,,,,,,,2569,,
,,,0.42934101819992065,,0.7468844652175903,,,,,,,2570,,
,,,0.4416666626930237,,0.7672101259231567,,,,,,,2571,,
,,,0.4001472592353821,,0.7554606795310974,,,,,,,2572,,
,,,0.4030141830444336,,0.740074872970581,,,,,,,2573,,
,,,0.4659302830696106,,0.8011264801025391,,,,,,,2574,,
,,,0.44566667079925537,,0.7750858664512634,,,,,,,2575,,
,,,0.39987725019454956,,0.707168459892273,,,,,,,2576,,
,,,0.4094907343387604,,0.791725754737854,,,,,,,2577,,
,,,0.3457176089286804,,0.7311966419219971,,,,,,,2578,,
,,,0.41291794180870056,,0.7038462162017822,,,,,,,2579,,
,,,0.4244477152824402,,0.8121076822280884,,,,,,,2580,,
,,,0.4391053318977356,,0.8105496168136597,,,,,,,2581,,
,,,0.45711806416511536,,0.7824373245239258,,,,,,,2582,,
,,,0.4841190278530121,,0.7971087694168091,,,,,,,2583,,
,,,0.46314486861228943,,0.8180577158927917,,,,,,,2584,,
,,,0.4256802797317505,,0.775263249874115,,,,,,,2585,,
,,,0.459764301776886,,0.7898246049880981,,,,,,,2586,,
,,,0.42726758122444153,,0.7329748868942261,,,,,,,2587,,
,,,0.37120765447616577,,0.7601708173751831,,,,,,,2588,,
,,,0.42414969205856323,,0.764756977558136,,,,,,,2589,,
,,,0.3769345283508301,,0.7221531867980957,,,,,,,2590,,
,,,0.3824314475059509,,0.7134485244750977,,,,,,,2591,,
,,,0.5111030340194702,,0.7802938222885132,,,,,,,2592,,
,,,0.4310714304447174,,0.7867807745933533,,,,,,,2593,,
,,,0.4183501601219177,,0.7949820756912231,,,,,,,2594,,
,,,0.43344494700431824,,0.7575699090957642,,,,,,,2595,,
,,,0.4499248266220093,,0.7408385276794434,,,,,,,2596,,
,,,0.46730485558509827,,0.8065349459648132,,,,,,,2597,,
,,,0.3995833396911621,,0.7584220170974731,,,,,,,2598,,
,,,0.25,,0.8666666746139526,,,,,,,2599,,
64,0.32359999418258667,0.4487999975681305,,0.7638000249862671,,,,,,,,12674,,
64,,,,,,0.35863447189331055,,0.5170462727546692,,3.526822805404663,,12674,2.345926523208618,
65,,,,,,,0.34769153594970703,,0.5080413222312927,,3.5546875,12699,,2.334726333618164
65,,,,,,,0.38949793577194214,,0.5484898090362549,,3.5703125,12749,,2.5333127975463867
65,,,,,,,0.3603854179382324,,0.518513560295105,,3.5234375,12799,,2.411672592163086
65,,,,,,,0.3642529845237732,,0.5151077508926392,,3.380859375,12849,,2.356057643890381
,,,0.43015873432159424,,0.7479365468025208,,,,,,,2600,,
,,,0.42867276072502136,,0.7634834051132202,,,,,,,2601,,
,,,0.3993551731109619,,0.7019180059432983,,,,,,,2602,,
,,,0.40687283873558044,,0.740628182888031,,,,,,,2603,,
,,,0.41733330488204956,,0.7786643505096436,,,,,,,2604,,
,,,0.39096495509147644,,0.733146071434021,,,,,,,2605,,
,,,0.4183501601219177,,0.740401029586792,,,,,,,2606,,
,,,0.46077442169189453,,0.7747368812561035,,,,,,,2607,,
,,,0.3562289774417877,,0.7019250392913818,,,,,,,2608,,
,,,0.36955782771110535,,0.7380037307739258,,,,,,,2609,,
,,,0.4109187126159668,,0.7172746062278748,,,,,,,2610,,
,,,0.418855220079422,,0.727717399597168,,,,,,,2611,,
,,,0.36375123262405396,,0.7195911407470703,,,,,,,2612,,
,,,0.38210529088974,,0.7239700555801392,,,,,,,2613,,
,,,0.39328569173812866,,0.7532770037651062,,,,,,,2614,,
,,,0.38516664505004883,,0.7470790147781372,,,,,,,2615,,
,,,0.4093051552772522,,0.7172043323516846,,,,,,,2616,,
,,,0.43928980827331543,,0.7436760663986206,,,,,,,2617,,
,,,0.32471656799316406,,0.6740537881851196,,,,,,,2618,,
,,,0.42235589027404785,,0.6752747893333435,,,,,,,2619,,
,,,0.3785589337348938,,0.7395833730697632,,,,,,,2620,,
,,,0.45291662216186523,,0.7533687353134155,,,,,,,2621,,
,,,0.44370749592781067,,0.7467741966247559,,,,,,,2622,,
,,,0.43409520387649536,,0.7709912061691284,,,,,,,2623,,
,,,0.46987849473953247,,0.7458145618438721,,,,,,,2624,,
,,,0.4088333249092102,,0.7291228771209717,,,,,,,2625,,
,,,0.4115646183490753,,0.7507018446922302,,,,,,,2626,,
,,,0.3607674837112427,,0.7373356819152832,,,,,,,2627,,
,,,0.3706754148006439,,0.7535973787307739,,,,,,,2628,,
,,,0.3928571343421936,,0.7465277910232544,,,,,,,2629,,
,,,0.35734128952026367,,0.6962732672691345,,,,,,,2630,,
,,,0.3725709319114685,,0.7195578813552856,,,,,,,2631,,
,,,0.4524771571159363,,0.7822442054748535,,,,,,,2632,,
,,,0.3995000123977661,,0.7772073745727539,,,,,,,2633,,
,,,0.4139455556869507,,0.7596774101257324,,,,,,,2634,,
,,,0.3912493586540222,,0.7657997012138367,,,,,,,2635,,
,,,0.4078125059604645,,0.7143374681472778,,,,,,,2636,,
,,,0.4187251925468445,,0.7474163770675659,,,,,,,2637,,
,,,0.40218856930732727,,0.7268617153167725,,,,,,,2638,,
,,,0.28260868787765503,,0.8000000715255737,,,,,,,2639,,
65,0.320900022983551,0.42500001192092896,,0.7366000413894653,,,,,,,,12869,,
65,,,,,,0.35616016387939453,,0.5148525238037109,,3.530088186264038,,12869,2.342905044555664,
66,,,,,,,0.35632753372192383,,0.5138040781021118,,3.505859375,12899,,2.4478719234466553
66,,,,,,,0.3706884980201721,,0.5369685292243958,,3.6953125,12949,,2.2461345195770264
66,,,,,,,0.3247431516647339,,0.47854992747306824,,3.400390625,12999,,2.362734317779541
66,,,,,,,0.4131429195404053,,0.5652152299880981,,3.455078125,13049,,2.3719162940979004
,,,0.43362489342689514,,0.730158805847168,,,,,,,2640,,
,,,0.43978172540664673,,0.7591874003410339,,,,,,,2641,,
,,,0.4103338122367859,,0.7497751712799072,,,,,,,2642,,
,,,0.4543691575527191,,0.749214768409729,,,,,,,2643,,
,,,0.4497777819633484,,0.8319739699363708,,,,,,,2644,,
,,,0.3857017755508423,,0.7676966190338135,,,,,,,2645,,
,,,0.4375306963920593,,0.7500501871109009,,,,,,,2646,,
,,,0.4874149560928345,,0.8068421483039856,,,,,,,2647,,
,,,0.4125248193740845,,0.7575228214263916,,,,,,,2648,,
,,,0.3854377269744873,,0.7500916123390198,,,,,,,2649,,
,,,0.4393961429595947,,0.7068135738372803,,,,,,,2650,,
,,,0.4074999988079071,,0.7273550629615784,,,,,,,2651,,
,,,0.3702877163887024,,0.7287267446517944,,,,,,,2652,,
,,,0.3930555582046509,,0.7297753095626831,,,,,,,2653,,
,,,0.4409620761871338,,0.777752161026001,,,,,,,2654,,
,,,0.4169999957084656,,0.7541236877441406,,,,,,,2655,,
,,,0.38678330183029175,,0.7738351225852966,,,,,,,2656,,
,,,0.44158074259757996,,0.7556737065315247,,,,,,,2657,,
,,,0.3522675633430481,,0.6998779773712158,,,,,,,2658,,
,,,0.4284241199493408,,0.6956044435501099,,,,,,,2659,,
,,,0.40723058581352234,,0.7781926393508911,,,,,,,2660,,
,,,0.4812074899673462,,0.7882978916168213,,,,,,,2661,,
,,,0.4422680139541626,,0.787813663482666,,,,,,,2662,,
,,,0.48509523272514343,,0.7842565774917603,,,,,,,2663,,
,,,0.39045238494873047,,0.7640225887298584,,,,,,,2664,,
,,,0.4271666705608368,,0.7694737315177917,,,,,,,2665,,
,,,0.4474489688873291,,0.7814035415649414,,,,,,,2666,,
,,,0.41026076674461365,,0.7234767079353333,,,,,,,2667,,
,,,0.3675805628299713,,0.7534679174423218,,,,,,,2668,,
,,,0.41597938537597656,,0.7885417342185974,,,,,,,2669,,
,,,0.3501923978328705,,0.7184523940086365,,,,,,,2670,,
,,,0.36513254046440125,,0.7207483649253845,,,,,,,2671,,
,,,0.45444926619529724,,0.7615247964859009,,,,,,,2672,,
,,,0.4519961476325989,,0.7726935148239136,,,,,,,2673,,
,,,0.41411563754081726,,0.7752687931060791,,,,,,,2674,,
,,,0.42611682415008545,,0.7322463989257812,,,,,,,2675,,
,,,0.42903780937194824,,0.7162784337997437,,,,,,,2676,,
,,,0.46644797921180725,,0.7359675168991089,,,,,,,2677,,
,,,0.39525002241134644,,0.7695035338401794,,,,,,,2678,,
,,,0.2083333432674408,,0.7333333492279053,,,,,,,2679,,
66,0.322299987077713,0.4422999918460846,,0.7547000050544739,,,,,,,,13064,,
66,,,,,,0.35485565662384033,,0.5125636458396912,,3.508944272994995,,13064,2.3383495807647705,
67,,,,,,,0.36178427934646606,,0.5109313726425171,,3.345703125,13099,,2.334954023361206
67,,,,,,,0.3357730209827423,,0.49110350012779236,,3.44140625,13149,,2.3363921642303467
67,,,,,,,0.3586963713169098,,0.5154441595077515,,3.494140625,13199,,2.354736328125
67,,,,,,,0.36414897441864014,,0.5163516998291016,,3.408203125,13249,,2.237619400024414
,,,0.45556366443634033,,0.7453439235687256,,,,,,,2680,,
,,,0.385076105594635,,0.7683229446411133,,,,,,,2681,,
,,,0.3751840889453888,,0.7644047737121582,,,,,,,2682,,
,,,0.4057580232620239,,0.732345461845398,,,,,,,2683,,
,,,0.4839569330215454,,0.8160165548324585,,,,,,,2684,,
,,,0.39868420362472534,,0.8020598888397217,,,,,,,2685,,
,,,0.4396258592605591,,0.7625063061714172,,,,,,,2686,,
,,,0.5154882669448853,,0.8233333826065063,,,,,,,2687,,
,,,0.37957778573036194,,0.7178064584732056,,,,,,,2688,,
,,,0.45034724473953247,,0.7898352146148682,,,,,,,2689,,
,,,0.4297987222671509,,0.7444022297859192,,,,,,,2690,,
,,,0.418537437915802,,0.7442029118537903,,,,,,,2691,,
,,,0.3794146776199341,,0.7355589866638184,,,,,,,2692,,
,,,0.40496450662612915,,0.7460674047470093,,,,,,,2693,,
,,,0.4517492651939392,,0.7979262471199036,,,,,,,2694,,
,,,0.4316498637199402,,0.7613401412963867,,,,,,,2695,,
,,,0.35625919699668884,,0.7715053558349609,,,,,,,2696,,
,,,0.4186342656612396,,0.7682623863220215,,,,,,,2697,,
,,,0.3191358149051666,,0.7164835929870605,,,,,,,2698,,
,,,0.4220050573348999,,0.6843276023864746,,,,,,,2699,,
,,,0.3740852177143097,,0.7909091114997864,,,,,,,2700,,
,,,0.45873016119003296,,0.7732269763946533,,,,,,,2701,,
,,,0.4235690236091614,,0.7435483932495117,,,,,,,2702,,
,,,0.4632857143878937,,0.8101068735122681,,,,,,,2703,,
,,,0.4443148374557495,,0.7826191186904907,,,,,,,2704,,
,,,0.42619049549102783,,0.7835087776184082,,,,,,,2705,,
,,,0.45391157269477844,,0.8010526895523071,,,,,,,2706,,
,,,0.409564733505249,,0.7617084980010986,,,,,,,2707,,
,,,0.37252378463745117,,0.7553830146789551,,,,,,,2708,,
,,,0.44496530294418335,,0.7512152791023254,,,,,,,2709,,
,,,0.3588045835494995,,0.7255176305770874,,,,,,,2710,,
,,,0.37322041392326355,,0.740280032157898,,,,,,,2711,,
,,,0.46892738342285156,,0.7643616795539856,,,,,,,2712,,
,,,0.45292094349861145,,0.8022322058677673,,,,,,,2713,,
,,,0.4217686951160431,,0.7711468935012817,,,,,,,2714,,
,,,0.4166666865348816,,0.7951346039772034,,,,,,,2715,,
,,,0.4028473198413849,,0.7269668579101562,,,,,,,2716,,
,,,0.46599704027175903,,0.7884498238563538,,,,,,,2717,,
,,,0.40033668279647827,,0.7605496644973755,,,,,,,2718,,
,,,0.25,,0.8000000715255737,,,,,,,2719,,
67,0.3181999921798706,0.4391999840736389,,0.7638000249862671,,,,,,,,13259,,
67,,,,,,0.3538334369659424,,0.5111603736877441,,3.5004305839538574,,13259,2.3262510299682617,
68,,,,,,,0.3612903952598572,,0.5317023992538452,,3.76953125,13299,,2.3015694618225098
68,,,,,,,0.3580877184867859,,0.5168190598487854,,3.533203125,13349,,2.280257225036621
68,,,,,,,0.35047271847724915,,0.5060447454452515,,3.462890625,13399,,2.3100523948669434
68,,,,,,,0.3163011074066162,,0.4870094954967499,,3.73046875,13449,,2.1936755180358887
,,,0.4295041561126709,,0.7485185861587524,,,,,,,2720,,
,,,0.41899749636650085,,0.7451345920562744,,,,,,,2721,,
,,,0.40221089124679565,,0.716362476348877,,,,,,,2722,,
,,,0.4020923674106598,,0.7421225905418396,,,,,,,2723,,
,,,0.435297429561615,,0.7998818159103394,,,,,,,2724,,
,,,0.45564237236976624,,0.7689138650894165,,,,,,,2725,,
,,,0.43997618556022644,,0.7419799566268921,,,,,,,2726,,
,,,0.4754999876022339,,0.780350923538208,,,,,,,2727,,
,,,0.39965277910232544,,0.7359422445297241,,,,,,,2728,,
,,,0.4435763955116272,,0.7312271595001221,,,,,,,2729,,
,,,0.4646366238594055,,0.7621327042579651,,,,,,,2730,,
,,,0.3993266224861145,,0.7467391490936279,,,,,,,2731,,
,,,0.3972431421279907,,0.7297360897064209,,,,,,,2732,,
,,,0.3333333134651184,,0.7477527856826782,,,,,,,2733,,
,,,0.45096200704574585,,0.8143881559371948,,,,,,,2734,,
,,,0.4138333201408386,,0.7390034198760986,,,,,,,2735,,
,,,0.3703595697879791,,0.725806474685669,,,,,,,2736,,
,,,0.4635995626449585,,0.749822735786438,,,,,,,2737,,
,,,0.34659865498542786,,0.6910867691040039,,,,,,,2738,,
,,,0.407461941242218,,0.6695971488952637,,,,,,,2739,,
,,,0.445764422416687,,0.7561417818069458,,,,,,,2740,,
,,,0.4512269198894501,,0.77977454662323,,,,,,,2741,,
,,,0.4602430462837219,,0.7591397762298584,,,,,,,2742,,
,,,0.4584656357765198,,0.788095235824585,,,,,,,2743,,
,,,0.45855656266212463,,0.7735087871551514,,,,,,,2744,,
,,,0.4469696879386902,,0.7531579732894897,,,,,,,2745,,
,,,0.4286941587924957,,0.7931579351425171,,,,,,,2746,,
,,,0.39027777314186096,,0.7037037014961243,,,,,,,2747,,
,,,0.39438775181770325,,0.7618271112442017,,,,,,,2748,,
,,,0.42993196845054626,,0.7567708492279053,,,,,,,2749,,
,,,0.3912450671195984,,0.7251293659210205,,,,,,,2750,,
,,,0.3913387060165405,,0.708294153213501,,,,,,,2751,,
,,,0.42321428656578064,,0.7642604112625122,,,,,,,2752,,
,,,0.43891292810440063,,0.7650049924850464,,,,,,,2753,,
,,,0.4402061700820923,,0.7869175672531128,,,,,,,2754,,
,,,0.45069241523742676,,0.7337215542793274,,,,,,,2755,,
,,,0.444940447807312,,0.7539855241775513,,,,,,,2756,,
,,,0.4616347551345825,,0.7904761433601379,,,,,,,2757,,
,,,0.3943333625793457,,0.7492907643318176,,,,,,,2758,,
,,,0.2083333432674408,,0.8000000715255737,,,,,,,2759,,
68,0.3174999952316284,0.44339999556541443,,0.7495999932289124,,,,,,,,13454,,
68,,,,,,0.3532821238040924,,0.5103087425231934,,3.493800163269043,,13454,2.324223518371582,
69,,,,,,,0.3842274248600006,,0.5453138947486877,,3.60546875,13499,,2.39962100982666
69,,,,,,,0.344134658575058,,0.507714033126831,,3.615234375,13549,,2.3098766803741455
69,,,,,,,0.37602418661117554,,0.5282434821128845,,3.419921875,13599,,2.3847124576568604
69,,,,,,,0.38319432735443115,,0.5348109602928162,,3.416015625,13649,,2.2443900108337402
,,,0.4097161889076233,,0.7310847043991089,,,,,,,2760,,
,,,0.44806545972824097,,0.7401655912399292,,,,,,,2761,,
,,,0.3776877820491791,,0.7246958017349243,,,,,,,2762,,
,,,0.41556036472320557,,0.7663120627403259,,,,,,,2763,,
,,,0.4647026062011719,,0.8072694540023804,,,,,,,2764,,
,,,0.43541666865348816,,0.7732210159301758,,,,,,,2765,,
,,,0.47518038749694824,,0.7501504421234131,,,,,,,2766,,
,,,0.5057238936424255,,0.8010526895523071,,,,,,,2767,,
,,,0.3521600365638733,,0.7377912998199463,,,,,,,2768,,
,,,0.4069865345954895,,0.7482600808143616,,,,,,,2769,,
,,,0.4143342971801758,,0.7458206415176392,,,,,,,2770,,
,,,0.3912457823753357,,0.7119565010070801,,,,,,,2771,,
,,,0.4316716194152832,,0.7475931644439697,,,,,,,2772,,
,,,0.4234006702899933,,0.7507490515708923,,,,,,,2773,,
,,,0.44671428203582764,,0.7681515216827393,,,,,,,2774,,
,,,0.4153333306312561,,0.7481099367141724,,,,,,,2775,,
,,,0.3808080852031708,,0.731899619102478,,,,,,,2776,,
,,,0.40746352076530457,,0.7469857931137085,,,,,,,2777,,
,,,0.3362244963645935,,0.7024420499801636,,,,,,,2778,,
,,,0.4199749231338501,,0.7067766189575195,,,,,,,2779,,
,,,0.3994477093219757,,0.7681818604469299,,,,,,,2780,,
,,,0.4156666696071625,,0.7785460948944092,,,,,,,2781,,
,,,0.4479166865348816,,0.7413978576660156,,,,,,,2782,,
,,,0.45971429347991943,,0.7756802439689636,,,,,,,2783,,
,,,0.46480804681777954,,0.753483772277832,,,,,,,2784,,
,,,0.4452381134033203,,0.746666669845581,,,,,,,2785,,
,,,0.42794615030288696,,0.7805263996124268,,,,,,,2786,,
,,,0.3620181381702423,,0.755973756313324,,,,,,,2787,,
,,,0.378691703081131,,0.7042961120605469,,,,,,,2788,,
,,,0.44037801027297974,,0.7661458253860474,,,,,,,2789,,
,,,0.387366384267807,,0.6872153282165527,,,,,,,2790,,
,,,0.38662248849868774,,0.7130821943283081,,,,,,,2791,,
,,,0.45719045400619507,,0.7656787633895874,,,,,,,2792,,
,,,0.43838387727737427,,0.7642113566398621,,,,,,,2793,,
,,,0.4530927538871765,,0.7915770411491394,,,,,,,2794,,
,,,0.38385966420173645,,0.7386257648468018,,,,,,,2795,,
,,,0.4121527671813965,,0.728856086730957,,,,,,,2796,,
,,,0.45889848470687866,,0.7766717076301575,,,,,,,2797,,
,,,0.39791664481163025,,0.707535445690155,,,,,,,2798,,
,,,0.30434781312942505,,0.8000000715255737,,,,,,,2799,,
69,0.3141999840736389,0.43860000371932983,,0.7481000423431396,,,,,,,,13649,,
69,,,,,,0.3526957333087921,,0.5087603330612183,,3.474008321762085,,13649,2.3133435249328613,
70,,,,,,,0.3397916555404663,,0.5030999183654785,,3.60546875,13699,,2.1771414279937744
70,,,,,,,0.3526347279548645,,0.5084649324417114,,3.46875,13749,,2.318615198135376
70,,,,,,,0.32096418738365173,,0.4819179177284241,,3.541015625,13799,,2.223238706588745
,,,0.4540330171585083,,0.7625926733016968,,,,,,,2800,,
,,,0.39015376567840576,,0.7536749839782715,,,,,,,2801,,
,,,0.4159378111362457,,0.7449867725372314,,,,,,,2802,,
,,,0.4164237082004547,,0.7864488363265991,,,,,,,2803,,
,,,0.4573333263397217,,0.8399527072906494,,,,,,,2804,,
,,,0.4289426803588867,,0.8137640357017517,,,,,,,2805,,
,,,0.47344130277633667,,0.7570676803588867,,,,,,,2806,,
,,,0.5170033574104309,,0.8126316070556641,,,,,,,2807,,
,,,0.3848060965538025,,0.726975679397583,,,,,,,2808,,
,,,0.4615979492664337,,0.7616300582885742,,,,,,,2809,,
,,,0.45220911502838135,,0.7389057874679565,,,,,,,2810,,
,,,0.4062289595603943,,0.7333333492279053,,,,,,,2811,,
,,,0.4036458730697632,,0.7341873645782471,,,,,,,2812,,
,,,0.3571929931640625,,0.7490636110305786,,,,,,,2813,,
,,,0.4428090453147888,,0.8048898577690125,,,,,,,2814,,
,,,0.4038333296775818,,0.7487972378730774,,,,,,,2815,,
,,,0.35530951619148254,,0.7449820637702942,,,,,,,2816,,
,,,0.4402199387550354,,0.7647753953933716,,,,,,,2817,,
,,,0.34315377473831177,,0.7277168035507202,,,,,,,2818,,
,,,0.41587305068969727,,0.7034798860549927,,,,,,,2819,,
,,,0.38934582471847534,,0.7625676393508911,,,,,,,2820,,
,,,0.47496354579925537,,0.7706559896469116,,,,,,,2821,,
,,,0.47474223375320435,,0.7750896215438843,,,,,,,2822,,
,,,0.471476674079895,,0.7913265228271484,,,,,,,2823,,
,,,0.4551263451576233,,0.7777695059776306,,,,,,,2824,,
,,,0.4419191777706146,,0.7619298696517944,,,,,,,2825,,
,,,0.49064624309539795,,0.8164912462234497,,,,,,,2826,,
,,,0.47336769104003906,,0.7284349203109741,,,,,,,2827,,
,,,0.38590866327285767,,0.7929089069366455,,,,,,,2828,,
,,,0.4163333475589752,,0.7520833015441895,,,,,,,2829,,
,,,0.3369661271572113,,0.7147515416145325,,,,,,,2830,,
,,,0.4298099875450134,,0.7124412059783936,,,,,,,2831,,
,,,0.46958208084106445,,0.77398681640625,,,,,,,2832,,
,,,0.40704667568206787,,0.7899305820465088,,,,,,,2833,,
,,,0.45034360885620117,,0.8163082599639893,,,,,,,2834,,
,,,0.40938740968704224,,0.7528597116470337,,,,,,,2835,,
,,,0.4071180820465088,,0.7602484822273254,,,,,,,2836,,
,,,0.5012272596359253,,0.7790526151657104,,,,,,,2837,,
,,,0.41144782304763794,,0.7493793964385986,,,,,,,2838,,
,,,0.30434781312942505,,0.8000000715255737,,,,,,,2839,,
70,0.3280999958515167,0.4498000144958496,,0.7635999917984009,,,,,,,,13844,,
70,,,,,,0.3507488965988159,,0.5071033835411072,,3.4778244495391846,,13844,2.3045098781585693,
71,,,,,,,0.3057485818862915,,0.46111544966697693,,3.412109375,13849,,2.144967555999756
71,,,,,,,0.3684118390083313,,0.5284579992294312,,3.5703125,13899,,2.2099900245666504
71,,,,,,,0.3854232430458069,,0.5397360324859619,,3.47265625,13949,,2.3756866455078125
71,,,,,,,0.34389621019363403,,0.5001633167266846,,3.46875,13999,,2.2506327629089355
,,,0.43668609857559204,,0.7430158853530884,,,,,,,2840,,
,,,0.4328571856021881,,0.7024068236351013,,,,,,,2841,,
,,,0.36088788509368896,,0.7273809909820557,,,,,,,2842,,
,,,0.42405247688293457,,0.7674012184143066,,,,,,,2843,,
,,,0.3782222270965576,,0.7767730355262756,,,,,,,2844,,
,,,0.4243127107620239,,0.7206928730010986,,,,,,,2845,,
,,,0.38945579528808594,,0.7316040396690369,,,,,,,2846,,
,,,0.4804714024066925,,0.7787719368934631,,,,,,,2847,,
,,,0.365136057138443,,0.7443768978118896,,,,,,,2848,,
,,,0.41718751192092896,,0.7906594276428223,,,,,,,2849,,
,,,0.449165403842926,,0.6881965398788452,,,,,,,2850,,
,,,0.4085858464241028,,0.6965579986572266,,,,,,,2851,,
,,,0.38765791058540344,,0.7200568914413452,,,,,,,2852,,
,,,0.3725694417953491,,0.7192883491516113,,,,,,,2853,,
,,,0.39351314306259155,,0.7602918148040771,,,,,,,2854,,
,,,0.4023333191871643,,0.7374570369720459,,,,,,,2855,,
,,,0.39889371395111084,,0.7159498333930969,,,,,,,2856,,
,,,0.39016205072402954,,0.7801418304443359,,,,,,,2857,,
,,,0.36582493782043457,,0.6949329376220703,,,,,,,2858,,
,,,0.39182621240615845,,0.6666667461395264,,,,,,,2859,,
,,,0.40534475445747375,,0.8080357313156128,,,,,,,2860,,
,,,0.49645286798477173,,0.7646909952163696,,,,,,,2861,,
,,,0.4245791435241699,,0.7672042846679688,,,,,,,2862,,
,,,0.4469696879386902,,0.7785228490829468,,,,,,,2863,,
,,,0.42305636405944824,,0.7778071165084839,,,,,,,2864,,
,,,0.3967686891555786,,0.7203509211540222,,,,,,,2865,,
,,,0.4675169885158539,,0.7815790176391602,,,,,,,2866,,
,,,0.3887205421924591,,0.7034050226211548,,,,,,,2867,,
,,,0.37837904691696167,,0.7427018880844116,,,,,,,2868,,
,,,0.41003403067588806,,0.7170138955116272,,,,,,,2869,,
,,,0.35270005464553833,,0.7307711839675903,,,,,,,2870,,
,,,0.38337016105651855,,0.6758111119270325,,,,,,,2871,,
,,,0.4702380895614624,,0.7776595950126648,,,,,,,2872,,
,,,0.37847617268562317,,0.7557539939880371,,,,,,,2873,,
,,,0.4387205243110657,,0.7548387050628662,,,,,,,2874,,
,,,0.37621498107910156,,0.7162396907806396,,,,,,,2875,,
,,,0.3921130895614624,,0.7508022785186768,,,,,,,2876,,
,,,0.4502255916595459,,0.7569908499717712,,,,,,,2877,,
,,,0.3956632614135742,,0.7377659678459167,,,,,,,2878,,
,,,0.1599999964237213,,0.6000000238418579,,,,,,,2879,,
71,0.3264000117778778,0.430400013923645,,0.7422000169754028,,,,,,,,14039,,
71,,,,,,0.351678729057312,,0.5077908039093018,,3.4739181995391846,,14039,2.300600290298462,
72,,,,,,,0.3271189332008362,,0.4903284013271332,,3.591796875,14049,,2.297746181488037
72,,,,,,,0.339668869972229,,0.4960252642631531,,3.466796875,14099,,2.420588970184326
72,,,,,,,0.3666345477104187,,0.5216426849365234,,3.466796875,14149,,2.3920626640319824
72,,,,,,,0.3685203790664673,,0.5245327949523926,,3.48828125,14199,,2.337622880935669
,,,0.47984778881073,,0.7805291414260864,,,,,,,2880,,
,,,0.4223758280277252,,0.7817028760910034,,,,,,,2881,,
,,,0.40057045221328735,,0.7691402435302734,,,,,,,2882,,
,,,0.4657338857650757,,0.7514437437057495,,,,,,,2883,,
,,,0.43855220079421997,,0.8028959035873413,,,,,,,2884,,
,,,0.40416666865348816,,0.7456928491592407,,,,,,,2885,,
,,,0.45572391152381897,,0.7232080698013306,,,,,,,2886,,
,,,0.4873737692832947,,0.7712280750274658,,,,,,,2887,,
,,,0.39201539754867554,,0.7270263433456421,,,,,,,2888,,
,,,0.42903780937194824,,0.7775641679763794,,,,,,,2889,,
,,,0.43314093351364136,,0.7482016086578369,,,,,,,2890,,
,,,0.4191666543483734,,0.7550724744796753,,,,,,,2891,,
,,,0.36384838819503784,,0.7689700126647949,,,,,,,2892,,
,,,0.394097238779068,,0.7005617618560791,,,,,,,2893,,
,,,0.43078404664993286,,0.7500767707824707,,,,,,,2894,,
,,,0.44333332777023315,,0.7132302522659302,,,,,,,2895,,
,,,0.43464529514312744,,0.7507168054580688,,,,,,,2896,,
,,,0.4104308485984802,,0.7708037495613098,,,,,,,2897,,
,,,0.33125701546669006,,0.6835165619850159,,,,,,,2898,,
,,,0.38313496112823486,,0.6757196187973022,,,,,,,2899,,
,,,0.40031328797340393,,0.7916395664215088,,,,,,,2900,,
,,,0.4574586749076843,,0.7663120627403259,,,,,,,2901,,
,,,0.43215489387512207,,0.75,,,,,,,2902,,
,,,0.4827561378479004,,0.7971817255020142,,,,,,,2903,,
,,,0.44832852482795715,,0.7949373722076416,,,,,,,2904,,
,,,0.412289559841156,,0.738771915435791,,,,,,,2905,,
,,,0.4700680077075958,,0.7942105531692505,,,,,,,2906,,
,,,0.3769841194152832,,0.7007168531417847,,,,,,,2907,,
,,,0.3486531972885132,,0.7579192519187927,,,,,,,2908,,
,,,0.4079124629497528,,0.7855902910232544,,,,,,,2909,,
,,,0.3625496029853821,,0.6925466060638428,,,,,,,2910,,
,,,0.3927721381187439,,0.7217687368392944,,,,,,,2911,,
,,,0.4674603343009949,,0.7881205081939697,,,,,,,2912,,
,,,0.4283333122730255,,0.7548363208770752,,,,,,,2913,,
,,,0.43473687767982483,,0.7519713640213013,,,,,,,2914,,
,,,0.370802640914917,,0.7532997131347656,,,,,,,2915,,
,,,0.41982460021972656,,0.7175207138061523,,,,,,,2916,,
,,,0.48304179310798645,,0.7705420255661011,,,,,,,2917,,
,,,0.43375420570373535,,0.7416666746139526,,,,,,,2918,,
,,,0.3636363744735718,,0.8000000715255737,,,,,,,2919,,
72,0.3227999806404114,0.44119998812675476,,0.7546000480651855,,,,,,,,14234,,
72,,,,,,0.34792542457580566,,0.5039398074150085,,3.4681789875030518,,14234,2.2953009605407715,
73,,,,,,,0.3409615755081177,,0.49383535981178284,,3.3984375,14249,,2.2212183475494385
73,,,,,,,0.3654937148094177,,0.5167746543884277,,3.390625,14299,,2.190399169921875
73,,,,,,,0.3847404718399048,,0.5359135866165161,,3.408203125,14349,,2.280674934387207
73,,,,,,,0.3677412271499634,,0.5237926244735718,,3.48828125,14399,,2.3994646072387695
,,,0.5042464137077332,,0.7796032428741455,,,,,,,2920,,
,,,0.45203375816345215,,0.7437111735343933,,,,,,,2921,,
,,,0.41976433992385864,,0.7280291318893433,,,,,,,2922,,
,,,0.416059285402298,,0.7723404169082642,,,,,,,2923,,
,,,0.4700680375099182,,0.8354610204696655,,,,,,,2924,,
,,,0.45789477229118347,,0.7741572856903076,,,,,,,2925,,
,,,0.4824916124343872,,0.778822124004364,,,,,,,2926,,
,,,0.5120748281478882,,0.7914035320281982,,,,,,,2927,,
,,,0.39403557777404785,,0.770820677280426,,,,,,,2928,,
,,,0.45524054765701294,,0.7779304385185242,,,,,,,2929,,
,,,0.47265586256980896,,0.7475937604904175,,,,,,,2930,,
,,,0.45204079151153564,,0.7452898025512695,,,,,,,2931,,
,,,0.3959398567676544,,0.7678571343421936,,,,,,,2932,,
,,,0.3948453664779663,,0.7640448808670044,,,,,,,2933,,
,,,0.4708394408226013,,0.7843829989433289,,,,,,,2934,,
,,,0.4326666593551636,,0.744673490524292,,,,,,,2935,,
,,,0.41499030590057373,,0.731361985206604,,,,,,,2936,,
,,,0.43790510296821594,,0.7689716219902039,,,,,,,2937,,
,,,0.35207635164260864,,0.7216728925704956,,,,,,,2938,,
,,,0.4308035969734192,,0.7032967805862427,,,,,,,2939,,
,,,0.4678323268890381,,0.8146780729293823,,,,,,,2940,,
,,,0.48650795221328735,,0.7753546237945557,,,,,,,2941,,
,,,0.4312500059604645,,0.7903225421905518,,,,,,,2942,,
,,,0.4690476357936859,,0.8205782175064087,,,,,,,2943,,
,,,0.4780855178833008,,0.7964035272598267,,,,,,,2944,,
,,,0.4639175236225128,,0.7761403918266296,,,,,,,2945,,
,,,0.5097643136978149,,0.8026316165924072,,,,,,,2946,,
,,,0.40011224150657654,,0.7504779100418091,,,,,,,2947,,
,,,0.42791545391082764,,0.7504140734672546,,,,,,,2948,,
,,,0.4244897961616516,,0.7699652910232544,,,,,,,2949,,
,,,0.3655844032764435,,0.7193323373794556,,,,,,,2950,,
,,,0.40698492527008057,,0.7182888984680176,,,,,,,2951,,
,,,0.47130709886550903,,0.780319094657898,,,,,,,2952,,
,,,0.4551992416381836,,0.7995535731315613,,,,,,,2953,,
,,,0.4403061270713806,,0.7724014520645142,,,,,,,2954,,
,,,0.3962673544883728,,0.7469461560249329,,,,,,,2955,,
,,,0.4468005895614624,,0.7523550987243652,,,,,,,2956,,
,,,0.448922336101532,,0.8152229189872742,,,,,,,2957,,
,,,0.41641664505004883,,0.7781914472579956,,,,,,,2958,,
,,,0.260869562625885,,0.8000000715255737,,,,,,,2959,,
73,0.32679998874664307,0.46140003204345703,,0.770300030708313,,,,,,,,14429,,
73,,,,,,0.3476305902004242,,0.502795934677124,,3.4509615898132324,,14429,2.2874417304992676,
74,,,,,,,0.37153083086013794,,0.5273927450180054,,3.48828125,14449,,2.2382731437683105
74,,,,,,,0.3453754484653473,,0.5020568370819092,,3.478515625,14499,,2.348663806915283
74,,,,,,,0.35554009675979614,,0.5030462741851807,,3.3046875,14549,,2.2514050006866455
74,,,,,,,0.3519601821899414,,0.5020867586135864,,3.35546875,14599,,2.174497127532959
,,,0.4132515490055084,,0.7644180059432983,,,,,,,2960,,
,,,0.4223910868167877,,0.737008273601532,,,,,,,2961,,
,,,0.4131438136100769,,0.7408995032310486,,,,,,,2962,,
,,,0.4313852787017822,,0.7666666507720947,,,,,,,2963,,
,,,0.47038885951042175,,0.8319739699363708,,,,,,,2964,,
,,,0.44348958134651184,,0.7982209920883179,,,,,,,2965,,
,,,0.4350000023841858,,0.7333834767341614,,,,,,,2966,,
,,,0.4855218827724457,,0.7787719368934631,,,,,,,2967,,
,,,0.3991739749908447,,0.7362462282180786,,,,,,,2968,,
,,,0.4498281478881836,,0.7852565050125122,,,,,,,2969,,
,,,0.4912946820259094,,0.7342958450317383,,,,,,,2970,,
,,,0.4335033893585205,,0.7427536249160767,,,,,,,2971,,
,,,0.42115575075149536,,0.7533902525901794,,,,,,,2972,,
,,,0.40257731080055237,,0.7573033571243286,,,,,,,2973,,
,,,0.4498797655105591,,0.7753200531005859,,,,,,,2974,,
,,,0.4313333332538605,,0.7412371039390564,,,,,,,2975,,
,,,0.413046658039093,,0.7648745775222778,,,,,,,2976,,
,,,0.4427662491798401,,0.7757092118263245,,,,,,,2977,,
,,,0.3571019470691681,,0.7174603939056396,,,,,,,2978,,
,,,0.42779451608657837,,0.7188645601272583,,,,,,,2979,,
,,,0.40957239270210266,,0.793655276298523,,,,,,,2980,,
,,,0.46341991424560547,,0.787221372127533,,,,,,,2981,,
,,,0.4585069715976715,,0.7844085693359375,,,,,,,2982,,
,,,0.46645021438598633,,0.77065110206604,,,,,,,2983,,
,,,0.4267672896385193,,0.7764912843704224,,,,,,,2984,,
,,,0.4569023549556732,,0.7738597393035889,,,,,,,2985,,
,,,0.49217689037323,,0.7828071117401123,,,,,,,2986,,
,,,0.37491583824157715,,0.7275986075401306,,,,,,,2987,,
,,,0.38333332538604736,,0.7625517845153809,,,,,,,2988,,
,,,0.3979797959327698,,0.7706597447395325,,,,,,,2989,,
,,,0.3971281051635742,,0.7550466060638428,,,,,,,2990,,
,,,0.3849330246448517,,0.7104264497756958,,,,,,,2991,,
,,,0.4981240928173065,,0.7852836847305298,,,,,,,2992,,
,,,0.4802549481391907,,0.7879216074943542,,,,,,,2993,,
,,,0.40858587622642517,,0.7913978099822998,,,,,,,2994,,
,,,0.4172867238521576,,0.7283773422241211,,,,,,,2995,,
,,,0.41593778133392334,,0.7267080545425415,,,,,,,2996,,
,,,0.4508017301559448,,0.7935916781425476,,,,,,,2997,,
,,,0.4199495315551758,,0.7523936033248901,,,,,,,2998,,
,,,0.3636363744735718,,0.8000000715255737,,,,,,,2999,,
74,0.3312000036239624,0.45489999651908875,,0.7623000144958496,,,,,,,,14624,,
74,,,,,,0.34744927287101746,,0.5020813345909119,,3.4401543140411377,,14624,2.280895948410034,
75,,,,,,,0.36411285400390625,,0.5194911956787109,,3.470703125,14649,,2.2296483516693115
75,,,,,,,0.35067811608314514,,0.5057516098022461,,3.451171875,14699,,2.218055486679077
75,,,,,,,0.3402653932571411,,0.4935401976108551,,3.40625,14749,,2.207690715789795
75,,,,,,,0.3423635959625244,,0.4941907227039337,,3.37890625,14799,,2.2329182624816895
,,,0.46341994404792786,,0.7658994793891907,,,,,,,3000,,
,,,0.42476195096969604,,0.772774338722229,,,,,,,3001,,
,,,0.4025159478187561,,0.7438624501228333,,,,,,,3002,,
,,,0.4225589334964752,,0.7978217005729675,,,,,,,3003,,
,,,0.4585034251213074,,0.8174349665641785,,,,,,,3004,,
,,,0.43975695967674255,,0.8015917539596558,,,,,,,3005,,
,,,0.47849851846694946,,0.7630326151847839,,,,,,,3006,,
,,,0.5228333473205566,,0.832105278968811,,,,,,,3007,,
,,,0.39815354347229004,,0.7558257579803467,,,,,,,3008,,
,,,0.42525771260261536,,0.8012820482254028,,,,,,,3009,,
,,,0.4727182686328888,,0.7412106990814209,,,,,,,3010,,
,,,0.47350001335144043,,0.7371376752853394,,,,,,,3011,,
,,,0.4305012822151184,,0.770600438117981,,,,,,,3012,,
,,,0.4625447988510132,,0.7455055713653564,,,,,,,3013,,
,,,0.46926629543304443,,0.8033794164657593,,,,,,,3014,,
,,,0.4854999780654907,,0.7951889634132385,,,,,,,3015,,
,,,0.39620012044906616,,0.774193525314331,,,,,,,3016,,
,,,0.46812865138053894,,0.7609928846359253,,,,,,,3017,,
,,,0.36772221326828003,,0.7344933748245239,,,,,,,3018,,
,,,0.42351192235946655,,0.7277342081069946,,,,,,,3019,,
,,,0.425133615732193,,0.8365395069122314,,,,,,,3020,,
,,,0.48500970005989075,,0.8149822950363159,,,,,,,3021,,
,,,0.47159862518310547,,0.7783154249191284,,,,,,,3022,,
,,,0.49810004234313965,,0.8228619694709778,,,,,,,3023,,
,,,0.4273809790611267,,0.8048998117446899,,,,,,,3024,,
,,,0.45622894167900085,,0.7949123382568359,,,,,,,3025,,
,,,0.5425347089767456,,0.8036842346191406,,,,,,,3026,,
,,,0.45391154289245605,,0.7521505355834961,,,,,,,3027,,
,,,0.4172011613845825,,0.769073486328125,,,,,,,3028,,
,,,0.42319586873054504,,0.7975694537162781,,,,,,,3029,,
,,,0.41593027114868164,,0.7463509440422058,,,,,,,3030,,
,,,0.38770240545272827,,0.7336865663528442,,,,,,,3031,,
,,,0.5042273998260498,,0.8250759840011597,,,,,,,3032,,
,,,0.47037041187286377,,0.8043155074119568,,,,,,,3033,,
,,,0.4451889991760254,,0.7987455129623413,,,,,,,3034,,
,,,0.43447422981262207,,0.7729554772377014,,,,,,,3035,,
,,,0.4342014193534851,,0.763198733329773,,,,,,,3036,,
,,,0.48737603425979614,,0.8203647136688232,,,,,,,3037,,
,,,0.4042929410934448,,0.7664893269538879,,,,,,,3038,,
,,,0.260869562625885,,0.8000000715255737,,,,,,,3039,,
75,0.3402999937534332,0.46869999170303345,,0.7827000021934509,,,,,,,,14819,,
75,,,,,,0.3465462028980255,,0.5010556578636169,,3.436708688735962,,14819,2.2735280990600586,
76,,,,,,,0.34682905673980713,,0.5091750621795654,,3.59375,14849,,2.3851654529571533
76,,,,,,,0.32649028301239014,,0.48472630977630615,,3.490234375,14899,,2.146836280822754
76,,,,,,,0.32033711671829224,,0.47839251160621643,,3.482421875,14949,,2.208251714706421
76,,,,,,,0.33729439973831177,,0.4902294874191284,,3.396484375,14999,,2.204784870147705
,,,0.4602856934070587,,0.8148941993713379,,,,,,,3040,,
,,,0.4309276044368744,,0.8048394918441772,,,,,,,3041,,
,,,0.41294944286346436,,0.7365476489067078,,,,,,,3042,,
,,,0.4532380700111389,,0.7932877540588379,,,,,,,3043,,
,,,0.4859444499015808,,0.8310874700546265,,,,,,,3044,,
,,,0.43219301104545593,,0.7919475436210632,,,,,,,3045,,
,,,0.4614718556404114,,0.7630577087402344,,,,,,,3046,,
,,,0.5414141416549683,,0.8247368335723877,,,,,,,3047,,
,,,0.3876984119415283,,0.7616007924079895,,,,,,,3048,,
,,,0.4441228210926056,,0.7926740646362305,,,,,,,3049,,
,,,0.425923228263855,,0.781104326248169,,,,,,,3050,,
,,,0.4501718282699585,,0.7840579748153687,,,,,,,3051,,
,,,0.416914701461792,,0.7945393323898315,,,,,,,3052,,
,,,0.4229166805744171,,0.7601124048233032,,,,,,,3053,,
,,,0.4513571262359619,,0.8160009980201721,,,,,,,3054,,
,,,0.4235000014305115,,0.7902061939239502,,,,,,,3055,,
,,,0.4308561682701111,,0.7551971077919006,,,,,,,3056,,
,,,0.4731481671333313,,0.7790780067443848,,,,,,,3057,,
,,,0.36444443464279175,,0.7134311199188232,,,,,,,3058,,
,,,0.43468332290649414,,0.7293825745582581,,,,,,,3059,,
,,,0.42290133237838745,,0.7961850762367249,,,,,,,3060,,
,,,0.5015151500701904,,0.798936128616333,,,,,,,3061,,
,,,0.4804123640060425,,0.8050179481506348,,,,,,,3062,,
,,,0.44001924991607666,,0.8232021331787109,,,,,,,3063,,
,,,0.4405733644962311,,0.8269799947738647,,,,,,,3064,,
,,,0.4661512076854706,,0.8054386377334595,,,,,,,3065,,
,,,0.4781144857406616,,0.7824561595916748,,,,,,,3066,,
,,,0.4123888611793518,,0.7661887407302856,,,,,,,3067,,
,,,0.4161616265773773,,0.7821170091629028,,,,,,,3068,,
,,,0.46010100841522217,,0.7802083492279053,,,,,,,3069,,
,,,0.39538538455963135,,0.709187388420105,,,,,,,3070,,
,,,0.42659544944763184,,0.7368001937866211,,,,,,,3071,,
,,,0.5164523720741272,,0.835106372833252,,,,,,,3072,,
,,,0.4443001449108124,,0.808680534362793,,,,,,,3073,,
,,,0.4343642592430115,,0.8370968103408813,,,,,,,3074,,
,,,0.4506136476993561,,0.7824663519859314,,,,,,,3075,,
,,,0.45617562532424927,,0.7491459846496582,,,,,,,3076,,
,,,0.4894452393054962,,0.7813576459884644,,,,,,,3077,,
,,,0.4222222566604614,,0.754875898361206,,,,,,,3078,,
,,,0.3181818127632141,,0.8666666746139526,,,,,,,3079,,
76,0.33629998564720154,0.46710002422332764,,0.781999945640564,,,,,,,,15014,,
76,,,,,,0.3456641435623169,,0.5001271963119507,,3.4348957538604736,,15014,2.260413885116577,
77,,,,,,,0.32123151421546936,,0.475335955619812,,3.40234375,15049,,2.093899965286255
77,,,,,,,0.3404524028301239,,0.49457237124443054,,3.421875,15099,,2.1919991970062256
77,,,,,,,0.3779047131538391,,0.5267341136932373,,3.353515625,15149,,2.3403937816619873
77,,,,,,,0.3219069838523865,,0.46963000297546387,,3.275390625,15199,,2.1028003692626953
,,,0.46821174025535583,,0.761825442314148,,,,,,,3080,,
,,,0.4167395830154419,,0.6927018761634827,,,,,,,3081,,
,,,0.39742663502693176,,0.7214550375938416,,,,,,,3082,,
,,,0.45388728380203247,,0.7343971729278564,,,,,,,3083,,
,,,0.4496666193008423,,0.8331559896469116,,,,,,,3084,,
,,,0.4444737136363983,,0.7638577222824097,,,,,,,3085,,
,,,0.3911495804786682,,0.7398747205734253,,,,,,,3086,,
,,,0.5188775062561035,,0.7833333015441895,,,,,,,3087,,
,,,0.3778182864189148,,0.7181611061096191,,,,,,,3088,,
,,,0.4099656343460083,,0.7840659618377686,,,,,,,3089,,
,,,0.47074127197265625,,0.7387284636497498,,,,,,,3090,,
,,,0.4178333282470703,,0.7139493227005005,,,,,,,3091,,
,,,0.3861607313156128,,0.7338250279426575,,,,,,,3092,,
,,,0.38539519906044006,,0.7294007539749146,,,,,,,3093,,
,,,0.46355685591697693,,0.751510500907898,,,,,,,3094,,
,,,0.4252525269985199,,0.7518900036811829,,,,,,,3095,,
,,,0.3550264835357666,,0.7378135919570923,,,,,,,3096,,
,,,0.4057846665382385,,0.7876477241516113,,,,,,,3097,,
,,,0.331597238779068,,0.7064713835716248,,,,,,,3098,,
,,,0.42456141114234924,,0.6851649284362793,,,,,,,3099,,
,,,0.41851985454559326,,0.7719696760177612,,,,,,,3100,,
,,,0.4525996148586273,,0.7642730474472046,,,,,,,3101,,
,,,0.4147959351539612,,0.7853046655654907,,,,,,,3102,,
,,,0.43816739320755005,,0.7754129767417908,,,,,,,3103,,
,,,0.4408527612686157,,0.7956141233444214,,,,,,,3104,,
,,,0.42390573024749756,,0.7524561882019043,,,,,,,3105,,
,,,0.4803030490875244,,0.7768421769142151,,,,,,,3106,,
,,,0.4000561237335205,,0.7245519161224365,,,,,,,3107,,
,,,0.36292514204978943,,0.7549172043800354,,,,,,,3108,,
,,,0.41139456629753113,,0.7482638955116272,,,,,,,3109,,
,,,0.3609623312950134,,0.7315734624862671,,,,,,,3110,,
,,,0.3924482762813568,,0.674607515335083,,,,,,,3111,,
,,,0.4662097096443176,,0.7680597305297852,,,,,,,3112,,
,,,0.4510309100151062,,0.7837549448013306,,,,,,,3113,,
,,,0.39427611231803894,,0.7548387050628662,,,,,,,3114,,
,,,0.4386720657348633,,0.7770315408706665,,,,,,,3115,,
,,,0.41676586866378784,,0.7502329349517822,,,,,,,3116,,
,,,0.45921117067337036,,0.7896909713745117,,,,,,,3117,,
,,,0.42274999618530273,,0.7293440103530884,,,,,,,3118,,
,,,0.3181818127632141,,0.6333333253860474,,,,,,,3119,,
77,0.3228999972343445,0.4438000023365021,,0.7505999803543091,,,,,,,,15209,,
77,,,,,,0.34568995237350464,,0.499184250831604,,3.4156150817871094,,15209,2.256847620010376,
78,,,,,,,0.31619149446487427,,0.47347763180732727,,3.4609375,15249,,2.206451416015625
78,,,,,,,0.3708387315273285,,0.5262470245361328,,3.478515625,15299,,2.4619057178497314
78,,,,,,,0.36682307720184326,,0.5124223232269287,,3.279296875,15349,,2.351940393447876
78,,,,,,,0.3630017638206482,,0.5145294070243835,,3.39453125,15399,,2.2303659915924072
,,,0.4773065447807312,,0.7738889455795288,,,,,,,3120,,
,,,0.44231152534484863,,0.7572205066680908,,,,,,,3121,,
,,,0.3995991349220276,,0.7434921264648438,,,,,,,3122,,
,,,0.45170068740844727,,0.7780395746231079,,,,,,,3123,,
,,,0.4323333203792572,,0.8307328820228577,,,,,,,3124,,
,,,0.39868423342704773,,0.7566479444503784,,,,,,,3125,,
,,,0.42790472507476807,,0.7559399008750916,,,,,,,3126,,
,,,0.523639440536499,,0.8128070831298828,,,,,,,3127,,
,,,0.3977678716182709,,0.7541539669036865,,,,,,,3128,,
,,,0.4125429391860962,,0.7618132829666138,,,,,,,3129,,
,,,0.47410717606544495,,0.7575228214263916,,,,,,,3130,,
,,,0.42878788709640503,,0.7590579986572266,,,,,,,3131,,
,,,0.3916298449039459,,0.7196687459945679,,,,,,,3132,,
,,,0.42508774995803833,,0.7621723413467407,,,,,,,3133,,
,,,0.4720476269721985,,0.8043778538703918,,,,,,,3134,,
,,,0.44066667556762695,,0.7513744831085205,,,,,,,3135,,
,,,0.45427095890045166,,0.7528674006462097,,,,,,,3136,,
,,,0.4033791422843933,,0.7468675374984741,,,,,,,3137,,
,,,0.364776611328125,,0.6918193697929382,,,,,,,3138,,
,,,0.45972225069999695,,0.7097070217132568,,,,,,,3139,,
,,,0.3965969383716583,,0.8110660314559937,,,,,,,3140,,
,,,0.49788904190063477,,0.7905901670455933,,,,,,,3141,,
,,,0.44200682640075684,,0.7788530588150024,,,,,,,3142,,
,,,0.47210198640823364,,0.7978619337081909,,,,,,,3143,,
,,,0.47774168848991394,,0.8220050930976868,,,,,,,3144,,
,,,0.436026930809021,,0.7659649848937988,,,,,,,3145,,
,,,0.48383837938308716,,0.7547369003295898,,,,,,,3146,,
,,,0.42188888788223267,,0.7210274934768677,,,,,,,3147,,
,,,0.3624878525733948,,0.7688664197921753,,,,,,,3148,,
,,,0.42673611640930176,,0.7373263835906982,,,,,,,3149,,
,,,0.38105055689811707,,0.7096531987190247,,,,,,,3150,,
,,,0.4067378640174866,,0.7074044942855835,,,,,,,3151,,
,,,0.49105340242385864,,0.7646909356117249,,,,,,,3152,,
,,,0.4551992416381836,,0.7926091551780701,,,,,,,3153,,
,,,0.4373333156108856,,0.7648745775222778,,,,,,,3154,,
,,,0.4688144326210022,,0.7629787921905518,,,,,,,3155,,
,,,0.4175689220428467,,0.712836503982544,,,,,,,3156,,
,,,0.507020115852356,,0.8136271238327026,,,,,,,3157,,
,,,0.421833336353302,,0.7495566606521606,,,,,,,3158,,
,,,0.32608696818351746,,0.7333333492279053,,,,,,,3159,,
78,0.34209999442100525,0.4586000144481659,,0.7629000544548035,,,,,,,,15404,,
78,,,,,,0.3442036211490631,,0.49742311239242554,,3.408573627471924,,15404,2.25095272064209,
79,,,,,,,0.3517248034477234,,0.5102860331535339,,3.5234375,15449,,2.2184810638427734
79,,,,,,,0.32376277446746826,,0.48018205165863037,,3.453125,15499,,2.393000602722168
79,,,,,,,0.3059311509132385,,0.4629978835582733,,3.447265625,15549,,2.257302761077881
79,,,,,,,0.3474922180175781,,0.5067533254623413,,3.533203125,15599,,2.3761754035949707
,,,0.4538629651069641,,0.7847089767456055,,,,,,,3160,,
,,,0.4478697180747986,,0.735662579536438,,,,,,,3161,,
,,,0.4322287440299988,,0.7482143044471741,,,,,,,3162,,
,,,0.4405723810195923,,0.759701132774353,,,,,,,3163,,
,,,0.460999995470047,,0.826241135597229,,,,,,,3164,,
,,,0.40833333134651184,,0.7725655436515808,,,,,,,3165,,
,,,0.4462241530418396,,0.765288233757019,,,,,,,3166,,
,,,0.550000011920929,,0.8243860006332397,,,,,,,3167,,
,,,0.42106038331985474,,0.7494427561759949,,,,,,,3168,,
,,,0.444912314414978,,0.8166667222976685,,,,,,,3169,,
,,,0.4692930579185486,,0.7772036194801331,,,,,,,3170,,
,,,0.4114999771118164,,0.7599637508392334,,,,,,,3171,,
,,,0.4325892925262451,,0.7730848789215088,,,,,,,3172,,
,,,0.4326164722442627,,0.7604868412017822,,,,,,,3173,,
,,,0.4520683288574219,,0.8126983642578125,,,,,,,3174,,
,,,0.45899999141693115,,0.7498281598091125,,,,,,,3175,,
,,,0.42844992876052856,,0.7605734467506409,,,,,,,3176,,
,,,0.4853009581565857,,0.8023049235343933,,,,,,,3177,,
,,,0.3819727897644043,,0.7674604058265686,,,,,,,3178,,
,,,0.44736844301223755,,0.696520209312439,,,,,,,3179,,
,,,0.4727058708667755,,0.8044372797012329,,,,,,,3180,,
,,,0.48821672797203064,,0.7862588167190552,,,,,,,3181,,
,,,0.5295138955116272,,0.7976702451705933,,,,,,,3182,,
,,,0.4964771270751953,,0.7949708104133606,,,,,,,3183,,
,,,0.41959425806999207,,0.8255138397216797,,,,,,,3184,,
,,,0.44333332777023315,,0.7857894897460938,,,,,,,3185,,
,,,0.5242267847061157,,0.8145614862442017,,,,,,,3186,,
,,,0.4354308545589447,,0.7722222208976746,,,,,,,3187,,
,,,0.34672921895980835,,0.7430642247200012,,,,,,,3188,,
,,,0.49057242274284363,,0.7496528029441833,,,,,,,3189,,
,,,0.41215020418167114,,0.7662785053253174,,,,,,,3190,,
,,,0.3699803352355957,,0.7532836198806763,,,,,,,3191,,
,,,0.5152817964553833,,0.7847517728805542,,,,,,,3192,,
,,,0.42859524488449097,,0.8304563760757446,,,,,,,3193,,
,,,0.49804961681365967,,0.8005375862121582,,,,,,,3194,,
,,,0.45231959223747253,,0.7995729446411133,,,,,,,3195,,
,,,0.4435088038444519,,0.762939989566803,,,,,,,3196,,
,,,0.4972718358039856,,0.7976697087287903,,,,,,,3197,,
,,,0.4325833320617676,,0.7600177526473999,,,,,,,3198,,
,,,0.19999998807907104,,0.8000000715255737,,,,,,,3199,,
79,0.3431999981403351,0.46959999203681946,,0.777400016784668,,,,,,,,15599,,
79,,,,,,0.34328025579452515,,0.4966472089290619,,3.4106369018554688,,15599,2.2427940368652344,
80,,,,,,,0.3582952618598938,,0.5082271695137024,,3.357421875,15649,,2.2609729766845703
80,,,,,,,0.34021350741386414,,0.48775359988212585,,3.291015625,15699,,2.2960782051086426
80,,,,,,,0.34847143292427063,,0.5056084394454956,,3.490234375,15749,,2.240661144256592
,,,0.4736359119415283,,0.7907143235206604,,,,,,,3200,,
,,,0.41966766119003296,,0.7149326801300049,,,,,,,3201,,
,,,0.3584536015987396,,0.7574735879898071,,,,,,,3202,,
,,,0.4340788722038269,,0.7813829779624939,,,,,,,3203,,
,,,0.4740362763404846,,0.8206855654716492,,,,,,,3204,,
,,,0.4428819417953491,,0.7585206031799316,,,,,,,3205,,
,,,0.4448533058166504,,0.7712782621383667,,,,,,,3206,,
,,,0.48468017578125,,0.769122838973999,,,,,,,3207,,
,,,0.38309037685394287,,0.7247214317321777,,,,,,,3208,,
,,,0.41151201725006104,,0.7744505405426025,,,,,,,3209,,
,,,0.48500972986221313,,0.738551139831543,,,,,,,3210,,
,,,0.3816666603088379,,0.729347825050354,,,,,,,3211,,
,,,0.4290526509284973,,0.7264751195907593,,,,,,,3212,,
,,,0.4055555760860443,,0.7147940397262573,,,,,,,3213,,
,,,0.46175748109817505,,0.7991039752960205,,,,,,,3214,,
,,,0.44566667079925537,,0.7360824346542358,,,,,,,3215,,
,,,0.4231646955013275,,0.7370967864990234,,,,,,,3216,,
,,,0.4114620089530945,,0.7342789173126221,,,,,,,3217,,
,,,0.34091436862945557,,0.7101343870162964,,,,,,,3218,,
,,,0.41821303963661194,,0.6893773078918457,,,,,,,3219,,
,,,0.4471251368522644,,0.7712121605873108,,,,,,,3220,,
,,,0.47225460410118103,,0.8054964542388916,,,,,,,3221,,
,,,0.43539518117904663,,0.7492831349372864,,,,,,,3222,,
,,,0.44624820351600647,,0.7707239985466003,,,,,,,3223,,
,,,0.42784732580184937,,0.7703884840011597,,,,,,,3224,,
,,,0.4120748043060303,,0.752807080745697,,,,,,,3225,,
,,,0.4527210593223572,,0.7815790176391602,,,,,,,3226,,
,,,0.4456790089607239,,0.7532855272293091,,,,,,,3227,,
,,,0.36523324251174927,,0.7556676864624023,,,,,,,3228,,
,,,0.40816327929496765,,0.7519097328186035,,,,,,,3229,,
,,,0.352769672870636,,0.6970755457878113,,,,,,,3230,,
,,,0.375083327293396,,0.7047095894813538,,,,,,,3231,,
,,,0.4539523720741272,,0.7932623624801636,,,,,,,3232,,
,,,0.4173712134361267,,0.7712549567222595,,,,,,,3233,,
,,,0.4538194537162781,,0.7715053558349609,,,,,,,3234,,
,,,0.3847910463809967,,0.7758411169052124,,,,,,,3235,,
,,,0.410544216632843,,0.7511386871337891,,,,,,,3236,,
,,,0.4987727105617523,,0.7687690258026123,,,,,,,3237,,
,,,0.414814829826355,,0.7632092237472534,,,,,,,3238,,
,,,0.1538461595773697,,0.7333333492279053,,,,,,,3239,,
80,0.3317999839782715,0.44769999384880066,,0.7535000443458557,,,,,,,,15794,,
80,,,,,,0.3444077968597412,,0.498121052980423,,3.4186699390411377,,15794,2.2429394721984863,
81,,,,,,,0.3751416802406311,,0.5265506505966187,,3.404296875,15799,,2.35465145111084
81,,,,,,,0.3125547170639038,,0.46855783462524414,,3.43359375,15849,,2.288965940475464
81,,,,,,,0.34448325634002686,,0.4901008903980255,,3.255859375,15899,,2.1651387214660645
81,,,,,,,0.3551563024520874,,0.5021933913230896,,3.294921875,15949,,2.0646743774414062
,,,0.4987599551677704,,0.7737830877304077,,,,,,,3240,,
,,,0.416294664144516,,0.7684524059295654,,,,,,,3241,,
,,,0.40559279918670654,,0.7478571534156799,,,,,,,3242,,
,,,0.4058922529220581,,0.7838906049728394,,,,,,,3243,,
,,,0.4742424488067627,,0.8365248441696167,,,,,,,3244,,
,,,0.4408075213432312,,0.7935393452644348,,,,,,,3245,,
,,,0.42828282713890076,,0.75902259349823,,,,,,,3246,,
,,,0.5257731676101685,,0.8303508758544922,,,,,,,3247,,
,,,0.3936346173286438,,0.73335862159729,,,,,,,3248,,
,,,0.42895185947418213,,0.8144689202308655,,,,,,,3249,,
,,,0.4406970739364624,,0.7608915567398071,,,,,,,3250,,
,,,0.43703705072402954,,0.7545289993286133,,,,,,,3251,,
,,,0.38235148787498474,,0.7527691721916199,,,,,,,3252,,
,,,0.4040350914001465,,0.7642322182655334,,,,,,,3253,,
,,,0.4598124325275421,,0.823169469833374,,,,,,,3254,,
,,,0.47744107246398926,,0.7926116585731506,,,,,,,3255,,
,,,0.4499508738517761,,0.7473118305206299,,,,,,,3256,,
,,,0.477314829826355,,0.7680851221084595,,,,,,,3257,,
,,,0.3786848187446594,,0.7167277932167053,,,,,,,3258,,
,,,0.3982750177383423,,0.7326008081436157,,,,,,,3259,,
,,,0.4458697736263275,,0.824418306350708,,,,,,,3260,,
,,,0.49533334374427795,,0.7984929084777832,,,,,,,3261,,
,,,0.49618059396743774,,0.8112902641296387,,,,,,,3262,,
,,,0.45567581057548523,,0.8121234178543091,,,,,,,3263,,
,,,0.4607385993003845,,0.8085088729858398,,,,,,,3264,,
,,,0.44037801027297974,,0.7910526990890503,,,,,,,3265,,
,,,0.4860544204711914,,0.8129825592041016,,,,,,,3266,,
,,,0.4051066040992737,,0.7588411569595337,,,,,,,3267,,
,,,0.3805393576622009,,0.7698757648468018,,,,,,,3268,,
,,,0.48384881019592285,,0.7940972447395325,,,,,,,3269,,
,,,0.4022827744483948,,0.7432712316513062,,,,,,,3270,,
,,,0.3850826025009155,,0.7761774063110352,,,,,,,3271,,
,,,0.505490779876709,,0.7879432439804077,,,,,,,3272,,
,,,0.48534607887268066,,0.8367063999176025,,,,,,,3273,,
,,,0.4740549921989441,,0.7985662817955017,,,,,,,3274,,
,,,0.4243386387825012,,0.7660585045814514,,,,,,,3275,,
,,,0.45749375224113464,,0.7590320706367493,,,,,,,3276,,
,,,0.4935198426246643,,0.8136271238327026,,,,,,,3277,,
,,,0.4420875608921051,,0.7790780067443848,,,,,,,3278,,
,,,0.27272728085517883,,0.6666667461395264,,,,,,,3279,,
81,0.35030001401901245,0.46549999713897705,,0.7829000353813171,,,,,,,,15989,,
81,,,,,,0.34372401237487793,,0.49634143710136414,,3.395963430404663,,15989,2.2383384704589844,
82,,,,,,,0.3715452551841736,,0.5220353603363037,,3.380859375,15999,,2.351536273956299
82,,,,,,,0.3465223014354706,,0.49203798174858093,,3.255859375,16049,,2.2072947025299072
82,,,,,,,0.3535839915275574,,0.5058266520500183,,3.3984375,16099,,2.5027987957000732
82,,,,,,,0.34890294075012207,,0.502112090587616,,3.4140625,16149,,2.241011142730713
,,,0.4539923071861267,,0.7942328453063965,,,,,,,3280,,
,,,0.4125814437866211,,0.7285196781158447,,,,,,,3281,,
,,,0.44539764523506165,,0.7440608739852905,,,,,,,3282,,
,,,0.44838863611221313,,0.775557279586792,,,,,,,3283,,
,,,0.45294442772865295,,0.8306146264076233,,,,,,,3284,,
,,,0.4683159589767456,,0.8123595714569092,,,,,,,3285,,
,,,0.4699615240097046,,0.7630326151847839,,,,,,,3286,,
,,,0.5360269546508789,,0.8126316070556641,,,,,,,3287,,
,,,0.40400874614715576,,0.7396910190582275,,,,,,,3288,,
,,,0.4265305995941162,,0.8097985982894897,,,,,,,3289,,
,,,0.4720116853713989,,0.7328773736953735,,,,,,,3290,,
,,,0.42205387353897095,,0.7554348111152649,,,,,,,3291,,
,,,0.4121747612953186,,0.7796584367752075,,,,,,,3292,,
,,,0.43652480840682983,,0.7870786190032959,,,,,,,3293,,
,,,0.4667152762413025,,0.8237327337265015,,,,,,,3294,,
,,,0.5074074268341064,,0.7936425805091858,,,,,,,3295,,
,,,0.4587874412536621,,0.7562724351882935,,,,,,,3296,,
,,,0.483918160200119,,0.8109928965568542,,,,,,,3297,,
,,,0.35718294978141785,,0.7614164352416992,,,,,,,3298,,
,,,0.4067010283470154,,0.735714316368103,,,,,,,3299,,
,,,0.428313672542572,,0.8033009171485901,,,,,,,3300,,
,,,0.48992303013801575,,0.7911220788955688,,,,,,,3301,,
,,,0.4945017099380493,,0.7931900024414062,,,,,,,3302,,
,,,0.4946609139442444,,0.8082361221313477,,,,,,,3303,,
,,,0.4974003732204437,,0.8320927619934082,,,,,,,3304,,
,,,0.4790816307067871,,0.8150877356529236,,,,,,,3305,,
,,,0.4979798197746277,,0.8235087990760803,,,,,,,3306,,
,,,0.4368888735771179,,0.7629629373550415,,,,,,,3307,,
,,,0.37832847237586975,,0.7829192876815796,,,,,,,3308,,
,,,0.4594276249408722,,0.7588541507720947,,,,,,,3309,,
,,,0.39562681317329407,,0.7549689412117004,,,,,,,3310,,
,,,0.4028860330581665,,0.7126897573471069,,,,,,,3311,,
,,,0.5270165205001831,,0.8054964542388916,,,,,,,3312,,
,,,0.45695048570632935,,0.8092013597488403,,,,,,,3313,,
,,,0.4339999854564667,,0.8037634491920471,,,,,,,3314,,
,,,0.439047634601593,,0.7729684114456177,,,,,,,3315,,
,,,0.4508928656578064,,0.7805124521255493,,,,,,,3316,,
,,,0.5152429938316345,,0.7790526747703552,,,,,,,3317,,
,,,0.44883331656455994,,0.763563871383667,,,,,,,3318,,
,,,0.260869562625885,,0.8666666746139526,,,,,,,3319,,
82,0.336899995803833,0.4757000207901001,,0.7826000452041626,,,,,,,,16184,,
82,,,,,,0.3444649279117584,,0.4973389804363251,,3.401883125305176,,16184,2.2359426021575928,
83,,,,,,,0.2873794734477997,,0.4439089298248291,,3.41796875,16199,,2.0138604640960693
83,,,,,,,0.3181859254837036,,0.474517822265625,,3.4453125,16249,,2.359130859375
83,,,,,,,0.37674060463905334,,0.5302668809890747,,3.447265625,16299,,2.393641233444214
83,,,,,,,0.36189576983451843,,0.5137228965759277,,3.3984375,16349,,2.280494213104248
,,,0.46197837591171265,,0.7771958112716675,,,,,,,3320,,
,,,0.42110276222229004,,0.7774326801300049,,,,,,,3321,,
,,,0.39533525705337524,,0.7679365873336792,,,,,,,3322,,
,,,0.4548846483230591,,0.7770516276359558,,,,,,,3323,,
,,,0.4262065291404724,,0.8088652491569519,,,,,,,3324,,
,,,0.45241934061050415,,0.7690075039863586,,,,,,,3325,,
,,,0.46880465745925903,,0.7814286351203918,,,,,,,3326,,
,,,0.5235395431518555,,0.8236842751502991,,,,,,,3327,,
,,,0.38476189970970154,,0.773024320602417,,,,,,,3328,,
,,,0.44536080956459045,,0.8188645839691162,,,,,,,3329,,
,,,0.4646539092063904,,0.7610688805580139,,,,,,,3330,,
,,,0.44587627053260803,,0.7708333134651184,,,,,,,3331,,
,,,0.43750613927841187,,0.7805641889572144,,,,,,,3332,,
,,,0.43510639667510986,,0.7735954523086548,,,,,,,3333,,
,,,0.4201166033744812,,0.8196108341217041,,,,,,,3334,,
,,,0.4001666307449341,,0.7372851967811584,,,,,,,3335,,
,,,0.4205782115459442,,0.7464157342910767,,,,,,,3336,,
,,,0.45543980598449707,,0.7981087565422058,,,,,,,3337,,
,,,0.36371883749961853,,0.7146520614624023,,,,,,,3338,,
,,,0.3769436478614807,,0.7137362957000732,,,,,,,3339,,
,,,0.4561136066913605,,0.8355790376663208,,,,,,,3340,,
,,,0.43940475583076477,,0.7918439507484436,,,,,,,3341,,
,,,0.44930556416511536,,0.80501788854599,,,,,,,3342,,
,,,0.4627224802970886,,0.8367103934288025,,,,,,,3343,,
,,,0.47136783599853516,,0.7902632355690002,,,,,,,3344,,
,,,0.46958762407302856,,0.8010526895523071,,,,,,,3345,,
,,,0.45962196588516235,,0.8007017970085144,,,,,,,3346,,
,,,0.45266205072402954,,0.7492234110832214,,,,,,,3347,,
,,,0.38841432332992554,,0.788095235824585,,,,,,,3348,,
,,,0.45151516795158386,,0.7755208611488342,,,,,,,3349,,
,,,0.4068973958492279,,0.7398291826248169,,,,,,,3350,,
,,,0.38557928800582886,,0.7468734383583069,,,,,,,3351,,
,,,0.434800386428833,,0.7867780923843384,,,,,,,3352,,
,,,0.42657139897346497,,0.8153274059295654,,,,,,,3353,,
,,,0.4692176878452301,,0.8008960485458374,,,,,,,3354,,
,,,0.42698007822036743,,0.7647256851196289,,,,,,,3355,,
,,,0.4797493815422058,,0.7669254541397095,,,,,,,3356,,
,,,0.48328471183776855,,0.7950100898742676,,,,,,,3357,,
,,,0.42750000953674316,,0.7759751677513123,,,,,,,3358,,
,,,0.260869562625885,,0.8000000715255737,,,,,,,3359,,
83,0.3467000126838684,0.4608999788761139,,0.7807999849319458,,,,,,,,16379,,
83,,,,,,0.34361913800239563,,0.4955919682979584,,3.3831229209899902,,16379,2.2308461666107178,
84,,,,,,,0.3299819529056549,,0.4821840226650238,,3.375,16399,,2.374843120574951
84,,,,,,,0.34774839878082275,,0.4947896897792816,,3.2890625,16449,,2.1494252681732178
84,,,,,,,0.36344602704048157,,0.5086038112640381,,3.267578125,16499,,2.165022373199463
84,,,,,,,0.3476020097732544,,0.49086642265319824,,3.212890625,16549,,2.1787118911743164
,,,0.46782028675079346,,0.7923016548156738,,,,,,,3360,,
,,,0.4024057686328888,,0.7613872289657593,,,,,,,3361,,
,,,0.3918590843677521,,0.73119056224823,,,,,,,3362,,
,,,0.46197766065597534,,0.7735055685043335,,,,,,,3363,,
,,,0.4364197552204132,,0.834456205368042,,,,,,,3364,,
,,,0.44001737236976624,,0.7877340912818909,,,,,,,3365,,
,,,0.47859519720077515,,0.7741855382919312,,,,,,,3366,,
,,,0.526190459728241,,0.8166667222976685,,,,,,,3367,,
,,,0.44458210468292236,,0.7639817595481873,,,,,,,3368,,
,,,0.41237109899520874,,0.7869963645935059,,,,,,,3369,,
,,,0.47847118973731995,,0.7591185569763184,,,,,,,3370,,
,,,0.4341750741004944,,0.7528985738754272,,,,,,,3371,,
,,,0.4295238256454468,,0.752070426940918,,,,,,,3372,,
,,,0.42087721824645996,,0.79007488489151,,,,,,,3373,,
,,,0.4535834491252899,,0.8097286224365234,,,,,,,3374,,
,,,0.4516666531562805,,0.7742267847061157,,,,,,,3375,,
,,,0.42596954107284546,,0.7397849559783936,,,,,,,3376,,
,,,0.45891204476356506,,0.7874704599380493,,,,,,,3377,,
,,,0.35830527544021606,,0.7379732131958008,,,,,,,3378,,
,,,0.4661347568035126,,0.7067766189575195,,,,,,,3379,,
,,,0.43937253952026367,,0.8052083253860474,,,,,,,3380,,
,,,0.44797980785369873,,0.7740248441696167,,,,,,,3381,,
,,,0.45791247487068176,,0.7999999523162842,,,,,,,3382,,
,,,0.49372297525405884,,0.8110543489456177,,,,,,,3383,,
,,,0.4677343964576721,,0.8151755332946777,,,,,,,3384,,
,,,0.48775508999824524,,0.7928070425987244,,,,,,,3385,,
,,,0.4892255961894989,,0.8052631616592407,,,,,,,3386,,
,,,0.42879819869995117,,0.7591397762298584,,,,,,,3387,,
,,,0.35935544967651367,,0.7745083570480347,,,,,,,3388,,
,,,0.43316325545310974,,0.7690972089767456,,,,,,,3389,,
,,,0.40165209770202637,,0.6909938454627991,,,,,,,3390,,
,,,0.381742000579834,,0.7346677780151367,,,,,,,3391,,
,,,0.5154393911361694,,0.7803951501846313,,,,,,,3392,,
,,,0.4416787028312683,,0.8266369104385376,,,,,,,3393,,
,,,0.4372852146625519,,0.7872759699821472,,,,,,,3394,,
,,,0.4257068634033203,,0.7475155591964722,,,,,,,3395,,
,,,0.43924814462661743,,0.7532608509063721,,,,,,,3396,,
,,,0.49416908621788025,,0.7873860001564026,,,,,,,3397,,
,,,0.4359999895095825,,0.7472517490386963,,,,,,,3398,,
,,,0.380952388048172,,0.8000000715255737,,,,,,,3399,,
84,0.3352999985218048,0.46619999408721924,,0.7727999687194824,,,,,,,,16574,,
84,,,,,,0.3397386968135834,,0.49187055230140686,,3.3823819160461426,,16574,2.2149276733398438,
85,,,,,,,0.3616640269756317,,0.5086199045181274,,3.30078125,16599,,2.3924007415771484
85,,,,,,,0.36855679750442505,,0.5140693783760071,,3.279296875,16649,,2.1943507194519043
85,,,,,,,0.3233368992805481,,0.4871017038822174,,3.59765625,16699,,2.2122178077697754
85,,,,,,,0.3658844828605652,,0.5084789395332336,,3.21875,16749,,2.200852394104004
,,,0.44675323367118835,,0.7962698936462402,,,,,,,3400,,
,,,0.43923503160476685,,0.749404788017273,,,,,,,3401,,
,,,0.3927970230579376,,0.7281349301338196,,,,,,,3402,,
,,,0.4533429443836212,,0.7424771785736084,,,,,,,3403,,
,,,0.43557801842689514,,0.8372340202331543,,,,,,,3404,,
,,,0.4477836787700653,,0.7896067500114441,,,,,,,3405,,
,,,0.41866666078567505,,0.7780200839042664,,,,,,,3406,,
,,,0.5232993364334106,,0.8121052980422974,,,,,,,3407,,
,,,0.43610700964927673,,0.7544072866439819,,,,,,,3408,,
,,,0.44644099473953247,,0.8069597482681274,,,,,,,3409,,
,,,0.4797371029853821,,0.758586585521698,,,,,,,3410,,
,,,0.42233332991600037,,0.7384058237075806,,,,,,,3411,,
,,,0.41341108083724976,,0.7572722434997559,,,,,,,3412,,
,,,0.4098958373069763,,0.779026210308075,,,,,,,3413,,
,,,0.4745383858680725,,0.8211981654167175,,,,,,,3414,,
,,,0.47233331203460693,,0.7738831043243408,,,,,,,3415,,
,,,0.3930029273033142,,0.7641576528549194,,,,,,,3416,,
,,,0.4419883191585541,,0.7998226881027222,,,,,,,3417,,
,,,0.330471396446228,,0.7238706350326538,,,,,,,3418,,
,,,0.45975178480148315,,0.7298535108566284,,,,,,,3419,,
,,,0.47113704681396484,,0.8193046450614929,,,,,,,3420,,
,,,0.4992142915725708,,0.7897922992706299,,,,,,,3421,,
,,,0.4868421256542206,,0.7989247441291809,,,,,,,3422,,
,,,0.4606541395187378,,0.7857871651649475,,,,,,,3423,,
,,,0.4499386250972748,,0.8287720084190369,,,,,,,3424,,
,,,0.43911564350128174,,0.7799999713897705,,,,,,,3425,,
,,,0.48452383279800415,,0.8282456398010254,,,,,,,3426,,
,,,0.4053310751914978,,0.7334527969360352,,,,,,,3427,,
,,,0.39796268939971924,,0.7817546725273132,,,,,,,3428,,
,,,0.45272108912467957,,0.8015625476837158,,,,,,,3429,,
,,,0.41102108359336853,,0.7315993905067444,,,,,,,3430,,
,,,0.43182373046875,,0.7121533155441284,,,,,,,3431,,
,,,0.53168123960495,,0.8053951263427734,,,,,,,3432,,
,,,0.45775026082992554,,0.81411212682724,,,,,,,3433,,
,,,0.4313333332538605,,0.8001792430877686,,,,,,,3434,,
,,,0.44045141339302063,,0.7857272028923035,,,,,,,3435,,
,,,0.4965413808822632,,0.7648550271987915,,,,,,,3436,,
,,,0.5087301731109619,,0.8062816858291626,,,,,,,3437,,
,,,0.4426767826080322,,0.7456560134887695,,,,,,,3438,,
,,,0.34090912342071533,,0.7333333492279053,,,,,,,3439,,
85,0.3377000093460083,0.4692000150680542,,0.7769999504089355,,,,,,,,16769,,
85,,,,,,0.34091171622276306,,0.49229493737220764,,3.368609666824341,,16769,2.214677095413208,
86,,,,,,,0.3633393943309784,,0.5146059989929199,,3.388671875,16799,,2.205714464187622
86,,,,,,,0.34028977155685425,,0.49380749464035034,,3.41015625,16849,,2.377110719680786
86,,,,,,,0.37745869159698486,,0.5302165746688843,,3.431640625,16899,,2.1731748580932617
86,,,,,,,0.30492472648620605,,0.4527644217014313,,3.26171875,16949,,2.2197749614715576
,,,0.4679785966873169,,0.7978571653366089,,,,,,,3440,,
,,,0.4114286005496979,,0.7749741077423096,,,,,,,3441,,
,,,0.4260554909706116,,0.7567460536956787,,,,,,,3442,,
,,,0.476336270570755,,0.7859169244766235,,,,,,,3443,,
,,,0.4868888556957245,,0.8494089841842651,,,,,,,3444,,
,,,0.4609965682029724,,0.8124531507492065,,,,,,,3445,,
,,,0.4612794518470764,,0.7664661407470703,,,,,,,3446,,
,,,0.5324999690055847,,0.8096491694450378,,,,,,,3447,,
,,,0.4033527672290802,,0.7577000856399536,,,,,,,3448,,
,,,0.46170035004615784,,0.8468865156173706,,,,,,,3449,,
,,,0.5039098262786865,,0.8050404787063599,,,,,,,3450,,
,,,0.4508417546749115,,0.7233695983886719,,,,,,,3451,,
,,,0.4072655439376831,,0.7697981595993042,,,,,,,3452,,
,,,0.3993055522441864,,0.7698501944541931,,,,,,,3453,,
,,,0.4818663001060486,,0.8212237358093262,,,,,,,3454,,
,,,0.4573333263397217,,0.7747422456741333,,,,,,,3455,,
,,,0.4270893931388855,,0.7682795524597168,,,,,,,3456,,
,,,0.4453125,,0.8062056303024292,,,,,,,3457,,
,,,0.36099773645401,,0.7533577680587769,,,,,,,3458,,
,,,0.4099999964237213,,0.7093406915664673,,,,,,,3459,,
,,,0.43149900436401367,,0.8036931753158569,,,,,,,3460,,
,,,0.4960884153842926,,0.8184397220611572,,,,,,,3461,,
,,,0.4819728136062622,,0.7799283266067505,,,,,,,3462,,
,,,0.47326189279556274,,0.8124878406524658,,,,,,,3463,,
,,,0.47632548213005066,,0.8373559713363647,,,,,,,3464,,
,,,0.45399999618530273,,0.8015789985656738,,,,,,,3465,,
,,,0.552920937538147,,0.8150877952575684,,,,,,,3466,,
,,,0.43790507316589355,,0.749462366104126,,,,,,,3467,,
,,,0.3926870822906494,,0.7965320944786072,,,,,,,3468,,
,,,0.47558921575546265,,0.7729166746139526,,,,,,,3469,,
,,,0.3922983407974243,,0.7178053855895996,,,,,,,3470,,
,,,0.3892616629600525,,0.7403584718704224,,,,,,,3471,,
,,,0.5068756341934204,,0.8108155727386475,,,,,,,3472,,
,,,0.46796536445617676,,0.8464285731315613,,,,,,,3473,,
,,,0.4556700587272644,,0.8120071291923523,,,,,,,3474,,
,,,0.4292638301849365,,0.788703441619873,,,,,,,3475,,
,,,0.4400588870048523,,0.797619104385376,,,,,,,3476,,
,,,0.4898509085178375,,0.850683867931366,,,,,,,3477,,
,,,0.4493265748023987,,0.792553186416626,,,,,,,3478,,
,,,0.30434781312942505,,0.8000000715255737,,,,,,,3479,,
86,0.351500004529953,0.4772000014781952,,0.7893999814987183,,,,,,,,16964,,
86,,,,,,0.34106317162513733,,0.4927532374858856,,3.3748397827148438,,16964,2.2126808166503906,
87,,,,,,,0.32262229919433594,,0.4751923382282257,,3.373046875,16999,,2.1692447662353516
87,,,,,,,0.34844452142715454,,0.4966717064380646,,3.3125,17049,,2.3572728633880615
87,,,,,,,0.3026445209980011,,0.45328378677368164,,3.31640625,17099,,2.0355725288391113
87,,,,,,,0.36026304960250854,,0.504969596862793,,3.25390625,17149,,2.318559408187866
,,,0.4843151569366455,,0.7767460346221924,,,,,,,3480,,
,,,0.4458581507205963,,0.7407349944114685,,,,,,,3481,,
,,,0.4461585581302643,,0.7520238161087036,,,,,,,3482,,
,,,0.4083213210105896,,0.7661601305007935,,,,,,,3483,,
,,,0.4563411474227905,,0.8355791568756104,,,,,,,3484,,
,,,0.47455674409866333,,0.7912921905517578,,,,,,,3485,,
,,,0.48189032077789307,,0.7527819871902466,,,,,,,3486,,
,,,0.5416666269302368,,0.832105278968811,,,,,,,3487,,
,,,0.4240038990974426,,0.7686929702758789,,,,,,,3488,,
,,,0.43195873498916626,,0.8104395866394043,,,,,,,3489,,
,,,0.49248892068862915,,0.7725937366485596,,,,,,,3490,,
,,,0.4129999876022339,,0.7760869860649109,,,,,,,3491,,
,,,0.40421628952026367,,0.7837991714477539,,,,,,,3492,,
,,,0.41788196563720703,,0.8076778650283813,,,,,,,3493,,
,,,0.45598918199539185,,0.8074244856834412,,,,,,,3494,,
,,,0.47450000047683716,,0.7768040895462036,,,,,,,3495,,
,,,0.4238591194152832,,0.7526881694793701,,,,,,,3496,,
,,,0.47349539399147034,,0.7771867513656616,,,,,,,3497,,
,,,0.37239229679107666,,0.7266179323196411,,,,,,,3498,,
,,,0.40481096506118774,,0.7152014970779419,,,,,,,3499,,
,,,0.44817784428596497,,0.8019886612892151,,,,,,,3500,,
,,,0.4814574122428894,,0.8190603256225586,,,,,,,3501,,
,,,0.4467354118824005,,0.7460573315620422,,,,,,,3502,,
,,,0.5009620189666748,,0.8119776248931885,,,,,,,3503,,
,,,0.45629599690437317,,0.7976942658424377,,,,,,,3504,,
,,,0.43316328525543213,,0.8019298911094666,,,,,,,3505,,
,,,0.496088445186615,,0.8224561810493469,,,,,,,3506,,
,,,0.4319014549255371,,0.7847670316696167,,,,,,,3507,,
,,,0.38116884231567383,,0.7862060070037842,,,,,,,3508,,
,,,0.4505102038383484,,0.7920138835906982,,,,,,,3509,,
,,,0.3936588764190674,,0.7357401847839355,,,,,,,3510,,
,,,0.4261418879032135,,0.7366039156913757,,,,,,,3511,,
,,,0.49314576387405396,,0.8117021322250366,,,,,,,3512,,
,,,0.44676870107650757,,0.8050099611282349,,,,,,,3513,,
,,,0.4914141297340393,,0.7860214710235596,,,,,,,3514,,
,,,0.4283284842967987,,0.8128235340118408,,,,,,,3515,,
,,,0.4753546118736267,,0.7889233827590942,,,,,,,3516,,
,,,0.5265792608261108,,0.7877405881881714,,,,,,,3517,,
,,,0.44991666078567505,,0.797517716884613,,,,,,,3518,,
,,,0.30434781312942505,,0.7333333492279053,,,,,,,3519,,
87,0.34689998626708984,0.47280001640319824,,0.7821000218391418,,,,,,,,17159,,
87,,,,,,0.3433586657047272,,0.4943697154521942,,3.3636016845703125,,17159,2.2073330879211426,
88,,,,,,,0.3663681745529175,,0.5068632364273071,,3.17578125,17199,,2.4486422538757324
88,,,,,,,0.30889806151390076,,0.4602012038230896,,3.3359375,17249,,2.089566230773926
88,,,,,,,0.33343306183815,,0.48912468552589417,,3.447265625,17299,,2.189865827560425
88,,,,,,,0.39379042387008667,,0.537919282913208,,3.27734375,17349,,2.3327341079711914
,,,0.48745042085647583,,0.7909259796142578,,,,,,,3520,,
,,,0.4569692611694336,,0.7470755577087402,,,,,,,3521,,
,,,0.4407707154750824,,0.7709127068519592,,,,,,,3522,,
,,,0.4851852059364319,,0.7767983675003052,,,,,,,3523,,
,,,0.4755330979824066,,0.8314420580863953,,,,,,,3524,,
,,,0.491753488779068,,0.784925103187561,,,,,,,3525,,
,,,0.497474730014801,,0.7718045711517334,,,,,,,3526,,
,,,0.5087541937828064,,0.8257895112037659,,,,,,,3527,,
,,,0.4393218159675598,,0.7869554162025452,,,,,,,3528,,
,,,0.44489794969558716,,0.8123626708984375,,,,,,,3529,,
,,,0.4473981261253357,,0.770997941493988,,,,,,,3530,,
,,,0.4394557774066925,,0.7528985738754272,,,,,,,3531,,
,,,0.45355889201164246,,0.7890528440475464,,,,,,,3532,,
,,,0.46927082538604736,,0.7911984920501709,,,,,,,3533,,
,,,0.4599125385284424,,0.8187915682792664,,,,,,,3534,,
,,,0.4443333148956299,,0.7771477699279785,,,,,,,3535,,
,,,0.43734970688819885,,0.7759856581687927,,,,,,,3536,,
,,,0.46264171600341797,,0.7812647819519043,,,,,,,3537,,
,,,0.3996632993221283,,0.7797314524650574,,,,,,,3538,,
,,,0.4316716194152832,,0.7510989904403687,,,,,,,3539,,
,,,0.45786213874816895,,0.7988501191139221,,,,,,,3540,,
,,,0.4909047484397888,,0.8054964542388916,,,,,,,3541,,
,,,0.4948979616165161,,0.815412163734436,,,,,,,3542,,
,,,0.498965859413147,,0.8058551549911499,,,,,,,3543,,
,,,0.4849165081977844,,0.815175473690033,,,,,,,3544,,
,,,0.4632996916770935,,0.7914035320281982,,,,,,,3545,,
,,,0.5013745427131653,,0.8264912366867065,,,,,,,3546,,
,,,0.4555555582046509,,0.7782557010650635,,,,,,,3547,,
,,,0.43902796506881714,,0.7855590581893921,,,,,,,3548,,
,,,0.4542517066001892,,0.7741319537162781,,,,,,,3549,,
,,,0.39467930793762207,,0.7379399538040161,,,,,,,3550,,
,,,0.4150192439556122,,0.7833203077316284,,,,,,,3551,,
,,,0.4906948506832123,,0.7745441198348999,,,,,,,3552,,
,,,0.4621904492378235,,0.8235119581222534,,,,,,,3553,,
,,,0.4714285731315613,,0.8238351345062256,,,,,,,3554,,
,,,0.47641366720199585,,0.7678959965705872,,,,,,,3555,,
,,,0.4704762101173401,,0.7497153282165527,,,,,,,3556,,
,,,0.5229662656784058,,0.7905775308609009,,,,,,,3557,,
,,,0.45715487003326416,,0.7832446098327637,,,,,,,3558,,
,,,0.30434781312942505,,0.8000000715255737,,,,,,,3559,,
88,0.3517000079154968,0.4853000044822693,,0.790399968624115,,,,,,,,17354,,
88,,,,,,0.3378361165523529,,0.4882023334503174,,3.3451621532440186,,17354,2.198870897293091,
89,,,,,,,0.36067140102386475,,0.507798969745636,,3.302734375,17399,,2.2942609786987305
89,,,,,,,0.31946057081222534,,0.46254515647888184,,3.181640625,17449,,2.1713762283325195
89,,,,,,,0.33660727739334106,,0.4826187193393707,,3.255859375,17499,,2.13692569732666
89,,,,,,,0.2959113121032715,,0.44725343585014343,,3.322265625,17549,,2.010867118835449
,,,0.477098673582077,,0.7827777862548828,,,,,,,3560,,
,,,0.4186635911464691,,0.7453415989875793,,,,,,,3561,,
,,,0.4200923442840576,,0.7556217312812805,,,,,,,3562,,
,,,0.4326666593551636,,0.7736068964004517,,,,,,,3563,,
,,,0.47777777910232544,,0.8796690106391907,,,,,,,3564,,
,,,0.4576241075992584,,0.7800561785697937,,,,,,,3565,,
,,,0.45478594303131104,,0.7651629447937012,,,,,,,3566,,
,,,0.5091666579246521,,0.8171930313110352,,,,,,,3567,,
,,,0.41907191276550293,,0.7479482889175415,,,,,,,3568,,
,,,0.4348333477973938,,0.7952381372451782,,,,,,,3569,,
,,,0.4594992399215698,,0.7644376754760742,,,,,,,3570,,
,,,0.41766664385795593,,0.7260869741439819,,,,,,,3571,,
,,,0.42921626567840576,,0.7642598748207092,,,,,,,3572,,
,,,0.41185566782951355,,0.7838951349258423,,,,,,,3573,,
,,,0.49810492992401123,,0.816922664642334,,,,,,,3574,,
,,,0.49666666984558105,,0.7798968553543091,,,,,,,3575,,
,,,0.4122238755226135,,0.7804659605026245,,,,,,,3576,,
,,,0.4434027671813965,,0.8226950168609619,,,,,,,3577,,
,,,0.35260769724845886,,0.7572039365768433,,,,,,,3578,,
,,,0.39295637607574463,,0.6994506120681763,,,,,,,3579,,
,,,0.41681548953056335,,0.7833333611488342,,,,,,,3580,,
,,,0.5149538516998291,,0.8149822950363159,,,,,,,3581,,
,,,0.4602040648460388,,0.7881720066070557,,,,,,,3582,,
,,,0.482619047164917,,0.7862973213195801,,,,,,,3583,,
,,,0.4462241232395172,,0.8096491694450378,,,,,,,3584,,
,,,0.42878788709640503,,0.7705263495445251,,,,,,,3585,,
,,,0.4544217884540558,,0.7878947854042053,,,,,,,3586,,
,,,0.40056687593460083,,0.7406212687492371,,,,,,,3587,,
,,,0.37063491344451904,,0.7624741792678833,,,,,,,3588,,
,,,0.43855220079421997,,0.8154513835906982,,,,,,,3589,,
,,,0.3922925591468811,,0.7121118307113647,,,,,,,3590,,
,,,0.37112489342689514,,0.7116954922676086,,,,,,,3591,,
,,,0.5356646776199341,,0.7881205677986145,,,,,,,3592,,
,,,0.4623333215713501,,0.8149057626724243,,,,,,,3593,,
,,,0.4400343596935272,,0.7747311592102051,,,,,,,3594,,
,,,0.4248388111591339,,0.7506858706474304,,,,,,,3595,,
,,,0.4447717070579529,,0.7576863765716553,,,,,,,3596,,
,,,0.5057191848754883,,0.7732016444206238,,,,,,,3597,,
,,,0.47216492891311646,,0.783599317073822,,,,,,,3598,,
,,,0.3863636553287506,,0.8000000715255737,,,,,,,3599,,
89,0.34060001373291016,0.4660000205039978,,0.7771999835968018,,,,,,,,17549,,
89,,,,,,0.3366486728191376,,0.48689860105514526,,3.3416266441345215,,17549,2.195296287536621,
90,,,,,,,0.3199445605278015,,0.4719160795211792,,3.359375,17599,,2.160090446472168
90,,,,,,,0.3812836706638336,,0.5271364450454712,,3.298828125,17649,,2.4000988006591797
90,,,,,,,0.3032572269439697,,0.4460533559322357,,3.16015625,17699,,2.070201873779297
,,,0.46746841073036194,,0.7401587963104248,,,,,,,3600,,
,,,0.40258148312568665,,0.7479555010795593,,,,,,,3601,,
,,,0.42772817611694336,,0.7465608716011047,,,,,,,3602,,
,,,0.4505771994590759,,0.7613475322723389,,,,,,,3603,,
,,,0.4465208053588867,,0.8471039533615112,,,,,,,3604,,
,,,0.42184215784072876,,0.7676966190338135,,,,,,,3605,,
,,,0.4472857117652893,,0.7552381753921509,,,,,,,3606,,
,,,0.5111111402511597,,0.7849122881889343,,,,,,,3607,,
,,,0.4307805597782135,,0.7225936651229858,,,,,,,3608,,
,,,0.427920937538147,,0.7970696687698364,,,,,,,3609,,
,,,0.4893483817577362,,0.7488348484039307,,,,,,,3610,,
,,,0.4297619163990021,,0.7556159496307373,,,,,,,3611,,
,,,0.4170677065849304,,0.7615165710449219,,,,,,,3612,,
,,,0.43020835518836975,,0.7664793729782104,,,,,,,3613,,
,,,0.4720422029495239,,0.8079620599746704,,,,,,,3614,,
,,,0.4528333246707916,,0.7683848142623901,,,,,,,3615,,
,,,0.41242021322250366,,0.7317204475402832,,,,,,,3616,,
,,,0.42922455072402954,,0.7957446575164795,,,,,,,3617,,
,,,0.35090702772140503,,0.7121490240097046,,,,,,,3618,,
,,,0.4265664219856262,,0.7239927053451538,,,,,,,3619,,
,,,0.46926066279411316,,0.7947646379470825,,,,,,,3620,,
,,,0.49860087037086487,,0.7901595234870911,,,,,,,3621,,
,,,0.468367338180542,,0.7804659605026245,,,,,,,3622,,
,,,0.4470177888870239,,0.7942177057266235,,,,,,,3623,,
,,,0.45202502608299255,,0.7907895445823669,,,,,,,3624,,
,,,0.43653202056884766,,0.7743860483169556,,,,,,,3625,,
,,,0.48367345333099365,,0.7877193689346313,,,,,,,3626,,
,,,0.43997707962989807,,0.7419952750205994,,,,,,,3627,,
,,,0.40043729543685913,,0.7263199090957642,,,,,,,3628,,
,,,0.4365646243095398,,0.784375011920929,,,,,,,3629,,
,,,0.39481645822525024,,0.7417184114456177,,,,,,,3630,,
,,,0.386576771736145,,0.7137755155563354,,,,,,,3631,,
,,,0.494179904460907,,0.7636524438858032,,,,,,,3632,,
,,,0.43816667795181274,,0.7854911088943481,,,,,,,3633,,
,,,0.45034363865852356,,0.782974898815155,,,,,,,3634,,
,,,0.4372115731239319,,0.7506599426269531,,,,,,,3635,,
,,,0.4575689435005188,,0.7704710364341736,,,,,,,3636,,
,,,0.505490779876709,,0.7976697087287903,,,,,,,3637,,
,,,0.4558081030845642,,0.7499113082885742,,,,,,,3638,,
,,,0.34090912342071533,,0.6666667461395264,,,,,,,3639,,
90,0.3472999930381775,0.4646000266075134,,0.7651000022888184,,,,,,,,17744,,
90,,,,,,0.33802157640457153,,0.4881790578365326,,3.3410656452178955,,17744,2.185574769973755,
91,,,,,,,0.2916228771209717,,0.4398835301399231,,3.2578125,17749,,2.0495786666870117
91,,,,,,,0.3369644582271576,,0.48600977659225464,,3.318359375,17799,,2.095317840576172
91,,,,,,,0.3392575681209564,,0.489775151014328,,3.349609375,17849,,2.303955554962158
91,,,,,,,0.32052043080329895,,0.4707541763782501,,3.326171875,17899,,2.3150296211242676
,,,0.49754539132118225,,0.7918254137039185,,,,,,,3640,,
,,,0.4339412450790405,,0.7573240399360657,,,,,,,3641,,
,,,0.4496234059333801,,0.7691534757614136,,,,,,,3642,,
,,,0.4862244725227356,,0.7830040454864502,,,,,,,3643,,
,,,0.48232322931289673,,0.8633569478988647,,,,,,,3644,,
,,,0.42577317357063293,,0.8115168809890747,,,,,,,3645,,
,,,0.4702020287513733,,0.7712531685829163,,,,,,,3646,,
,,,0.5516834855079651,,0.8256140947341919,,,,,,,3647,,
,,,0.4097181558609009,,0.7825227975845337,,,,,,,3648,,
,,,0.40963542461395264,,0.8000000715255737,,,,,,,3649,,
,,,0.48357880115509033,,0.8020263314247131,,,,,,,3650,,
,,,0.43149998784065247,,0.7492753267288208,,,,,,,3651,,
,,,0.4234126806259155,,0.780176043510437,,,,,,,3652,,
,,,0.43316328525543213,,0.7779026031494141,,,,,,,3653,,
,,,0.4643819332122803,,0.805555522441864,,,,,,,3654,,
,,,0.5069023370742798,,0.7898625135421753,,,,,,,3655,,
,,,0.4394179880619049,,0.7756272554397583,,,,,,,3656,,
,,,0.44935673475265503,,0.8174349665641785,,,,,,,3657,,
,,,0.3710767328739166,,0.7561050653457642,,,,,,,3658,,
,,,0.4631320536136627,,0.7446887493133545,,,,,,,3659,,
,,,0.44748541712760925,,0.8120265007019043,,,,,,,3660,,
,,,0.48928573727607727,,0.7969858050346375,,,,,,,3661,,
,,,0.4717171788215637,,0.7842293977737427,,,,,,,3662,,
,,,0.47380954027175903,,0.8018707036972046,,,,,,,3663,,
,,,0.4854956269264221,,0.8546491861343384,,,,,,,3664,,
,,,0.4829966425895691,,0.7761403918266296,,,,,,,3665,,
,,,0.5037415027618408,,0.7887719869613647,,,,,,,3666,,
,,,0.45853376388549805,,0.7946833372116089,,,,,,,3667,,
,,,0.4126822054386139,,0.7842133045196533,,,,,,,3668,,
,,,0.470408171415329,,0.8157986402511597,,,,,,,3669,,
,,,0.43637698888778687,,0.7107401490211487,,,,,,,3670,,
,,,0.38959836959838867,,0.7461408376693726,,,,,,,3671,,
,,,0.5356899499893188,,0.8143616914749146,,,,,,,3672,,
,,,0.4816738963127136,,0.8283730149269104,,,,,,,3673,,
,,,0.44387754797935486,,0.8039426803588867,,,,,,,3674,,
,,,0.44124937057495117,,0.7912654876708984,,,,,,,3675,,
,,,0.46167922019958496,,0.7834886312484741,,,,,,,3676,,
,,,0.5361030101776123,,0.8154001832008362,,,,,,,3677,,
,,,0.4286666512489319,,0.7872340679168701,,,,,,,3678,,
,,,0.34090909361839294,,0.8000000715255737,,,,,,,3679,,
91,0.34609997272491455,0.4807000160217285,,0.7876999378204346,,,,,,,,17939,,
91,,,,,,0.3373507857322693,,0.48767638206481934,,3.343900203704834,,17939,2.1846237182617188,
92,,,,,,,0.3352920413017273,,0.4930879771709442,,3.490234375,17949,,2.1222591400146484
92,,,,,,,0.3284338712692261,,0.4798588454723358,,3.357421875,17999,,2.2102739810943604
92,,,,,,,0.32393330335617065,,0.4782688617706299,,3.41015625,18049,,2.245898723602295
92,,,,,,,0.3464551568031311,,0.49490389227867126,,3.31640625,18099,,2.2794899940490723
,,,0.4706997275352478,,0.7945238351821899,,,,,,,3680,,
,,,0.44987598061561584,,0.7676242589950562,,,,,,,3681,,
,,,0.4580327272415161,,0.7736904621124268,,,,,,,3682,,
,,,0.48962587118148804,,0.7842451930046082,,,,,,,3683,,
,,,0.4556116759777069,,0.852482259273529,,,,,,,3684,,
,,,0.4145407974720001,,0.8088951110839844,,,,,,,3685,,
,,,0.4829244911670685,,0.7706767320632935,,,,,,,3686,,
,,,0.5217686891555786,,0.8324562311172485,,,,,,,3687,,
,,,0.4114629626274109,,0.7612462043762207,,,,,,,3688,,
,,,0.4253436326980591,,0.811721682548523,,,,,,,3689,,
,,,0.45935195684432983,,0.7835866212844849,,,,,,,3690,,
,,,0.43911564350128174,,0.7652174234390259,,,,,,,3691,,
,,,0.4067418873310089,,0.7986024618148804,,,,,,,3692,,
,,,0.4255208373069763,,0.7925093770027161,,,,,,,3693,,
,,,0.5015632510185242,,0.8424731492996216,,,,,,,3694,,
,,,0.4976666569709778,,0.8132301568984985,,,,,,,3695,,
,,,0.46423712372779846,,0.7560932040214539,,,,,,,3696,,
,,,0.47005850076675415,,0.8094562292098999,,,,,,,3697,,
,,,0.3841189742088318,,0.7491453886032104,,,,,,,3698,,
,,,0.41156458854675293,,0.7152015566825867,,,,,,,3699,,
,,,0.4190962314605713,,0.8046401739120483,,,,,,,3700,,
,,,0.5266520977020264,,0.8093971610069275,,,,,,,3701,,
,,,0.476632297039032,,0.792831540107727,,,,,,,3702,,
,,,0.49574315547943115,,0.8324829936027527,,,,,,,3703,,
,,,0.4942784309387207,,0.8304386138916016,,,,,,,3704,,
,,,0.49690720438957214,,0.7835087776184082,,,,,,,3705,,
,,,0.4792516827583313,,0.8243860006332397,,,,,,,3706,,
,,,0.4806414842605591,,0.7937276363372803,,,,,,,3707,,
,,,0.3799285888671875,,0.7610248327255249,,,,,,,3708,,
,,,0.47755104303359985,,0.7749999761581421,,,,,,,3709,,
,,,0.3962690234184265,,0.7303054332733154,,,,,,,3710,,
,,,0.4265128970146179,,0.7491627931594849,,,,,,,3711,,
,,,0.5107020139694214,,0.8028115630149841,,,,,,,3712,,
,,,0.4885762631893158,,0.814384937286377,,,,,,,3713,,
,,,0.4359999895095825,,0.7915770411491394,,,,,,,3714,,
,,,0.4409211277961731,,0.7630823254585266,,,,,,,3715,,
,,,0.4662002921104431,,0.7962733507156372,,,,,,,3716,,
,,,0.5187039375305176,,0.7879179120063782,,,,,,,3717,,
,,,0.42266666889190674,,0.7821807861328125,,,,,,,3718,,
,,,0.3181818127632141,,0.8000000715255737,,,,,,,3719,,
92,0.35680001974105835,0.4812999963760376,,0.7914999723434448,,,,,,,,18134,,
92,,,,,,0.3351270258426666,,0.4848000109195709,,3.3285555839538574,,18134,2.179004430770874,
93,,,,,,,0.2843301296234131,,0.42917123436927795,,3.181640625,18149,,2.1735987663269043
93,,,,,,,0.3529662489891052,,0.5025542974472046,,3.34375,18199,,2.1911070346832275
93,,,,,,,0.333492249250412,,0.48332154750823975,,3.330078125,18249,,2.208317518234253
93,,,,,,,0.36550623178482056,,0.5120258331298828,,3.294921875,18299,,2.1728382110595703
,,,0.4768221378326416,,0.7957143783569336,,,,,,,3720,,
,,,0.4595997929573059,,0.7747929692268372,,,,,,,3721,,
,,,0.42766615748405457,,0.7617460489273071,,,,,,,3722,,
,,,0.45832130312919617,,0.7667933106422424,,,,,,,3723,,
,,,0.46341192722320557,,0.8519503474235535,,,,,,,3724,,
,,,0.43724489212036133,,0.7836142182350159,,,,,,,3725,,
,,,0.44976189732551575,,0.7875940203666687,,,,,,,3726,,
,,,0.5057239532470703,,0.8292982578277588,,,,,,,3727,,
,,,0.41094744205474854,,0.7559270858764648,,,,,,,3728,,
,,,0.4233676791191101,,0.811813235282898,,,,,,,3729,,
,,,0.49533623456954956,,0.7793313264846802,,,,,,,3730,,
,,,0.4365319609642029,,0.7382246255874634,,,,,,,3731,,
,,,0.40856653451919556,,0.7807971239089966,,,,,,,3732,,
,,,0.43929827213287354,,0.7938202023506165,,,,,,,3733,,
,,,0.4675503075122833,,0.8126983642578125,,,,,,,3734,,
,,,0.4923333525657654,,0.7747422456741333,,,,,,,3735,,
,,,0.40675413608551025,,0.7867383360862732,,,,,,,3736,,
,,,0.46059030294418335,,0.8044326305389404,,,,,,,3737,,
,,,0.3840206265449524,,0.7485958933830261,,,,,,,3738,,
,,,0.4454861283302307,,0.7426739931106567,,,,,,,3739,,
,,,0.43236151337623596,,0.7972402572631836,,,,,,,3740,,
,,,0.5305271744728088,,0.8485815525054932,,,,,,,3741,,
,,,0.4967687129974365,,0.810931921005249,,,,,,,3742,,
,,,0.49389129877090454,,0.7996598482131958,,,,,,,3743,,
,,,0.47239813208580017,,0.8300877809524536,,,,,,,3744,,
,,,0.43636366724967957,,0.7840350866317749,,,,,,,3745,,
,,,0.4744897782802582,,0.8194737434387207,,,,,,,3746,,
,,,0.43287983536720276,,0.7498207688331604,,,,,,,3747,,
,,,0.41698575019836426,,0.7662526369094849,,,,,,,3748,,
,,,0.4552188515663147,,0.7829861044883728,,,,,,,3749,,
,,,0.41123515367507935,,0.7562370896339417,,,,,,,3750,,
,,,0.4204835295677185,,0.7418367862701416,,,,,,,3751,,
,,,0.522827684879303,,0.7907801270484924,,,,,,,3752,,
,,,0.4782106876373291,,0.8012897372245789,,,,,,,3753,,
,,,0.4592592716217041,,0.8017921447753906,,,,,,,3754,,
,,,0.4471331238746643,,0.7727872729301453,,,,,,,3755,,
,,,0.45476192235946655,,0.779347836971283,,,,,,,3756,,
,,,0.5012147426605225,,0.82054203748703,,,,,,,3757,,
,,,0.4102500081062317,,0.8109928965568542,,,,,,,3758,,
,,,0.3636363744735718,,0.8000000715255737,,,,,,,3759,,
93,0.3481000065803528,0.47859999537467957,,0.7872999906539917,,,,,,,,18329,,
93,,,,,,0.33220699429512024,,0.48118776082992554,,3.311818838119507,,18329,2.167025566101074,
94,,,,,,,0.3750196695327759,,0.5307071208953857,,3.48828125,18349,,2.2210729122161865
94,,,,,,,0.35207781195640564,,0.5025647282600403,,3.361328125,18399,,2.24869441986084
94,,,,,,,0.3265916705131531,,0.4734700918197632,,3.263671875,18449,,2.04093074798584
94,,,,,,,0.3349575698375702,,0.4834928810596466,,3.3046875,18499,,2.1316096782684326
,,,0.5013254880905151,,0.802486777305603,,,,,,,3760,,
,,,0.4701140820980072,,0.7604813575744629,,,,,,,3761,,
,,,0.43294060230255127,,0.7594312429428101,,,,,,,3762,,
,,,0.4297979772090912,,0.7746453285217285,,,,,,,3763,,
,,,0.43849605321884155,,0.8583332896232605,,,,,,,3764,,
,,,0.4524305462837219,,0.8083333969116211,,,,,,,3765,,
,,,0.43026188015937805,,0.7780451774597168,,,,,,,3766,,
,,,0.5372448563575745,,0.8328070640563965,,,,,,,3767,,
,,,0.45297619700431824,,0.7488348484039307,,,,,,,3768,,
,,,0.44515305757522583,,0.8295787572860718,,,,,,,3769,,
,,,0.4833085536956787,,0.7979483008384705,,,,,,,3770,,
,,,0.4256666302680969,,0.7777173519134521,,,,,,,3771,,
,,,0.4239322543144226,,0.7863612771034241,,,,,,,3772,,
,,,0.42569446563720703,,0.8003745079040527,,,,,,,3773,,
,,,0.4783041775226593,,0.81638503074646,,,,,,,3774,,
,,,0.5299663543701172,,0.7750858664512634,,,,,,,3775,,
,,,0.45083457231521606,,0.7792114615440369,,,,,,,3776,,
,,,0.46391814947128296,,0.783687949180603,,,,,,,3777,,
,,,0.39226803183555603,,0.7354090809822083,,,,,,,3778,,
,,,0.46296024322509766,,0.711721658706665,,,,,,,3779,,
,,,0.4434903860092163,,0.8131629228591919,,,,,,,3780,,
,,,0.4942663013935089,,0.8072694540023804,,,,,,,3781,,
,,,0.4870748221874237,,0.7806451320648193,,,,,,,3782,,
,,,0.49694564938545227,,0.789018452167511,,,,,,,3783,,
,,,0.48334556818008423,,0.7852381467819214,,,,,,,3784,,
,,,0.47268038988113403,,0.7791228294372559,,,,,,,3785,,
,,,0.5006734132766724,,0.7880702018737793,,,,,,,3786,,
,,,0.43958333134651184,,0.7486259937286377,,,,,,,3787,,
,,,0.38797253370285034,,0.8006728887557983,,,,,,,3788,,
,,,0.4439394176006317,,0.7685763835906982,,,,,,,3789,,
,,,0.4245213568210602,,0.7333074808120728,,,,,,,3790,,
,,,0.4151725172996521,,0.7240581512451172,,,,,,,3791,,
,,,0.48994168639183044,,0.8085106611251831,,,,,,,3792,,
,,,0.47244900465011597,,0.7874007821083069,,,,,,,3793,,
,,,0.42414966225624084,,0.7815412282943726,,,,,,,3794,,
,,,0.43709078431129456,,0.7831133604049683,,,,,,,3795,,
,,,0.45360904932022095,,0.769616961479187,,,,,,,3796,,
,,,0.5143343210220337,,0.8205419778823853,,,,,,,3797,,
,,,0.48198652267456055,,0.7738474607467651,,,,,,,3798,,
,,,0.30434781312942505,,0.8000000715255737,,,,,,,3799,,
94,0.34939998388290405,0.47859999537467957,,0.7858999967575073,,,,,,,,18524,,
94,,,,,,0.33546745777130127,,0.48457399010658264,,3.3177082538604736,,18524,2.1656594276428223,
95,,,,,,,0.30487900972366333,,0.4599231481552124,,3.40625,18549,,2.149423122406006
95,,,,,,,0.34183305501937866,,0.499301940202713,,3.490234375,18599,,2.171488046646118
95,,,,,,,0.3568219840526581,,0.5135414600372314,,3.4921875,18649,,2.2544875144958496
95,,,,,,,0.30990391969680786,,0.4631098806858063,,3.375,18699,,2.139913558959961
,,,0.47280314564704895,,0.7870371341705322,,,,,,,3800,,
,,,0.4245864748954773,,0.781262993812561,,,,,,,3801,,
,,,0.44143107533454895,,0.7487831115722656,,,,,,,3802,,
,,,0.44982993602752686,,0.7820922136306763,,,,,,,3803,,
,,,0.48436424136161804,,0.8201535940170288,,,,,,,3804,,
,,,0.46356382966041565,,0.7778090238571167,,,,,,,3805,,
,,,0.4301428496837616,,0.7706767320632935,,,,,,,3806,,
,,,0.5430271625518799,,0.8026316165924072,,,,,,,3807,,
,,,0.40610119700431824,,0.7591184973716736,,,,,,,3808,,
,,,0.4824652671813965,,0.7920330166816711,,,,,,,3809,,
,,,0.523164689540863,,0.7748227119445801,,,,,,,3810,,
,,,0.43075600266456604,,0.7449275255203247,,,,,,,3811,,
,,,0.4303571581840515,,0.7581004500389099,,,,,,,3812,,
,,,0.46182796359062195,,0.809175968170166,,,,,,,3813,,
,,,0.4851006269454956,,0.8188683986663818,,,,,,,3814,,
,,,0.5136363506317139,,0.7927834987640381,,,,,,,3815,,
,,,0.3696792721748352,,0.7727598547935486,,,,,,,3816,,
,,,0.460090696811676,,0.7847517728805542,,,,,,,3817,,
,,,0.35668933391571045,,0.7504273653030396,,,,,,,3818,,
,,,0.41828668117523193,,0.7276557683944702,,,,,,,3819,,
,,,0.47175100445747375,,0.7845643758773804,,,,,,,3820,,
,,,0.5143464803695679,,0.7929077744483948,,,,,,,3821,,
,,,0.48969072103500366,,0.7849462032318115,,,,,,,3822,,
,,,0.46806156635284424,,0.7891156077384949,,,,,,,3823,,
,,,0.47871869802474976,,0.82068932056427,,,,,,,3824,,
,,,0.46060606837272644,,0.7835087776184082,,,,,,,3825,,
,,,0.47272729873657227,,0.7712280750274658,,,,,,,3826,,
,,,0.4630011320114136,,0.7558542490005493,,,,,,,3827,,
,,,0.3676046133041382,,0.7885352373123169,,,,,,,3828,,
,,,0.4447811543941498,,0.7767361402511597,,,,,,,3829,,
,,,0.41601067781448364,,0.7099378705024719,,,,,,,3830,,
,,,0.38101252913475037,,0.7324045896530151,,,,,,,3831,,
,,,0.5146224498748779,,0.7826241254806519,,,,,,,3832,,
,,,0.4658406376838684,,0.807812511920929,,,,,,,3833,,
,,,0.4476190209388733,,0.7958781719207764,,,,,,,3834,,
,,,0.4403645992279053,,0.759019136428833,,,,,,,3835,,
,,,0.43897244334220886,,0.7565994262695312,,,,,,,3836,,
,,,0.5014820098876953,,0.8109675645828247,,,,,,,3837,,
,,,0.4621666669845581,,0.7370567321777344,,,,,,,3838,,
,,,0.32608693838119507,,0.8000000715255737,,,,,,,3839,,
95,0.3531000018119812,0.47519999742507935,,0.7788000106811523,,,,,,,,18719,,
95,,,,,,0.33624857664108276,,0.48540106415748596,,3.3192708492279053,,18719,2.165895700454712,
96,,,,,,,0.32332396507263184,,0.4674360752105713,,3.205078125,18749,,1.9827464818954468
96,,,,,,,0.3739027678966522,,0.517072856426239,,3.23828125,18799,,2.246540069580078
96,,,,,,,0.31773343682289124,,0.46554306149482727,,3.2734375,18849,,2.254086494445801
96,,,,,,,0.2965172529220581,,0.44355660676956177,,3.236328125,18899,,2.052328586578369
,,,0.47331860661506653,,0.7764550447463989,,,,,,,3840,,
,,,0.4283284544944763,,0.7593685388565063,,,,,,,3841,,
,,,0.42893585562705994,,0.7674867510795593,,,,,,,3842,,
,,,0.4427599608898163,,0.7844984531402588,,,,,,,3843,,
,,,0.46593713760375977,,0.8552600145339966,,,,,,,3844,,
,,,0.4020618498325348,,0.8068352341651917,,,,,,,3845,,
,,,0.45932942628860474,,0.7627820372581482,,,,,,,3846,,
,,,0.4915825128555298,,0.8498246073722839,,,,,,,3847,,
,,,0.45029762387275696,,0.7548632025718689,,,,,,,3848,,
,,,0.4573882818222046,,0.8086081147193909,,,,,,,3849,,
,,,0.48010915517807007,,0.7821682095527649,,,,,,,3850,,
,,,0.4388315975666046,,0.7699275016784668,,,,,,,3851,,
,,,0.4451388716697693,,0.7743271589279175,,,,,,,3852,,
,,,0.43385419249534607,,0.7889512777328491,,,,,,,3853,,
,,,0.5184094309806824,,0.7966461181640625,,,,,,,3854,,
,,,0.4981481432914734,,0.7977663278579712,,,,,,,3855,,
,,,0.41248786449432373,,0.7648745179176331,,,,,,,3856,,
,,,0.47465279698371887,,0.8239361643791199,,,,,,,3857,,
,,,0.38849204778671265,,0.7384616136550903,,,,,,,3858,,
,,,0.4302506446838379,,0.7261905670166016,,,,,,,3859,,
,,,0.4405878186225891,,0.8227137327194214,,,,,,,3860,,
,,,0.5235422849655151,,0.8355496525764465,,,,,,,3861,,
,,,0.45420873165130615,,0.8082437515258789,,,,,,,3862,,
,,,0.5384318828582764,,0.8459912538528442,,,,,,,3863,,
,,,0.5089714527130127,,0.8121052980422974,,,,,,,3864,,
,,,0.4698653221130371,,0.8015789985656738,,,,,,,3865,,
,,,0.5123710632324219,,0.8247368931770325,,,,,,,3866,,
,,,0.4370931386947632,,0.7244921922683716,,,,,,,3867,,
,,,0.41264110803604126,,0.7844721078872681,,,,,,,3868,,
,,,0.43215489387512207,,0.8019096851348877,,,,,,,3869,,
,,,0.40393584966659546,,0.7543995976448059,,,,,,,3870,,
,,,0.4006854295730591,,0.7722266316413879,,,,,,,3871,,
,,,0.49670514464378357,,0.7826241254806519,,,,,,,3872,,
,,,0.4504999816417694,,0.8197668790817261,,,,,,,3873,,
,,,0.46464645862579346,,0.8184587955474854,,,,,,,3874,,
,,,0.4697420597076416,,0.7762293219566345,,,,,,,3875,,
,,,0.44751983880996704,,0.7938147187232971,,,,,,,3876,,
,,,0.5403289198875427,,0.8025582432746887,,,,,,,3877,,
,,,0.42516666650772095,,0.7947695255279541,,,,,,,3878,,
,,,0.25,,0.8000000715255737,,,,,,,3879,,
96,0.36039999127388,0.4803999960422516,,0.7934000492095947,,,,,,,,18914,,
96,,,,,,0.3342975974082947,,0.48297154903411865,,3.307762384414673,,18914,2.15777850151062,
97,,,,,,,0.30295294523239136,,0.4433228671550751,,3.111328125,18949,,1.975389838218689
97,,,,,,,0.3559192419052124,,0.49217599630355835,,3.080078125,18999,,2.241910696029663
97,,,,,,,0.3215099573135376,,0.4687645435333252,,3.265625,19049,,2.0559849739074707
97,,,,,,,0.3468768000602722,,0.4938395917415619,,3.28515625,19099,,2.2264275550842285
,,,0.5198493599891663,,0.8164814710617065,,,,,,,3880,,
,,,0.4742356240749359,,0.7793219685554504,,,,,,,3881,,
,,,0.4441569447517395,,0.7853571176528931,,,,,,,3882,,
,,,0.47881436347961426,,0.7743921279907227,,,,,,,3883,,
,,,0.4963524341583252,,0.8550236225128174,,,,,,,3884,,
,,,0.46275508403778076,,0.8158239126205444,,,,,,,3885,,
,,,0.48342952132225037,,0.7638346552848816,,,,,,,3886,,
,,,0.568686842918396,,0.8210526704788208,,,,,,,3887,,
,,,0.4608492851257324,,0.7655014991760254,,,,,,,3888,,
,,,0.48055556416511536,,0.8133699893951416,,,,,,,3889,,
,,,0.5134756565093994,,0.7931610345840454,,,,,,,3890,,
,,,0.43673470616340637,,0.7762681245803833,,,,,,,3891,,
,,,0.45065855979919434,,0.79076087474823,,,,,,,3892,,
,,,0.45584189891815186,,0.7544943690299988,,,,,,,3893,,
,,,0.4872205853462219,,0.8110086917877197,,,,,,,3894,,
,,,0.49057239294052124,,0.8060137033462524,,,,,,,3895,,
,,,0.4231049418449402,,0.800537645816803,,,,,,,3896,,
,,,0.49780091643333435,,0.7918439507484436,,,,,,,3897,,
,,,0.40436509251594543,,0.7802808880805969,,,,,,,3898,,
,,,0.4322041869163513,,0.7492674589157104,,,,,,,3899,,
,,,0.511398196220398,,0.8139204978942871,,,,,,,3900,,
,,,0.5016595125198364,,0.8226823806762695,,,,,,,3901,,
,,,0.495360791683197,,0.829569935798645,,,,,,,3902,,
,,,0.5134198665618896,,0.789018452167511,,,,,,,3903,,
,,,0.4982326626777649,,0.8299875259399414,,,,,,,3904,,
,,,0.4887755215167999,,0.8042105436325073,,,,,,,3905,,
,,,0.5182130336761475,,0.8145614862442017,,,,,,,3906,,
,,,0.4436507821083069,,0.7657108902931213,,,,,,,3907,,
,,,0.42034852504730225,,0.7898033261299133,,,,,,,3908,,
,,,0.47448980808258057,,0.8145833611488342,,,,,,,3909,,
,,,0.4062100946903229,,0.744176983833313,,,,,,,3910,,
,,,0.4097883701324463,,0.7409210205078125,,,,,,,3911,,
,,,0.5050777196884155,,0.8122340440750122,,,,,,,3912,,
,,,0.4844396412372589,,0.849454402923584,,,,,,,3913,,
,,,0.47993195056915283,,0.8283153772354126,,,,,,,3914,,
,,,0.48539847135543823,,0.7852872610092163,,,,,,,3915,,
,,,0.4785463809967041,,0.7943581938743591,,,,,,,3916,,
,,,0.5127638578414917,,0.7927051186561584,,,,,,,3917,,
,,,0.45663267374038696,,0.7802304625511169,,,,,,,3918,,
,,,0.25,,0.8666666746139526,,,,,,,3919,,
97,0.3554999828338623,0.49390000104904175,,0.7962000370025635,,,,,,,,19109,,
97,,,,,,0.3336016535758972,,0.48127642273902893,,3.286999225616455,,19109,2.1523654460906982,
98,,,,,,,0.3264206647872925,,0.47440627217292786,,3.28515625,19149,,1.992550015449524
98,,,,,,,0.31023839116096497,,0.4669676721096039,,3.4453125,19199,,2.011690139770508
98,,,,,,,0.34289073944091797,,0.49188390374183655,,3.322265625,19249,,2.061946153640747
98,,,,,,,0.32600313425064087,,0.46766194701194763,,3.158203125,19299,,2.0955090522766113
,,,0.4744412302970886,,0.8044180274009705,,,,,,,3920,,
,,,0.473984956741333,,0.7566770315170288,,,,,,,3921,,
,,,0.47064733505249023,,0.7778571844100952,,,,,,,3922,,
,,,0.5035466551780701,,0.7836119532585144,,,,,,,3923,,
,,,0.49147024750709534,,0.8552009463310242,,,,,,,3924,,
,,,0.4650173783302307,,0.7997190952301025,,,,,,,3925,,
,,,0.48369407653808594,,0.7818045616149902,,,,,,,3926,,
,,,0.5423469543457031,,0.8219298720359802,,,,,,,3927,,
,,,0.4551791846752167,,0.8045846223831177,,,,,,,3928,,
,,,0.43862849473953247,,0.8166667222976685,,,,,,,3929,,
,,,0.5187468528747559,,0.7887284755706787,,,,,,,3930,,
,,,0.4702748954296112,,0.7813405990600586,,,,,,,3931,,
,,,0.45778772234916687,,0.8096532225608826,,,,,,,3932,,
,,,0.43487972021102905,,0.8119850158691406,,,,,,,3933,,
,,,0.4923039972782135,,0.8308756351470947,,,,,,,3934,,
,,,0.4720538854598999,,0.7941580414772034,,,,,,,3935,,
,,,0.41780951619148254,,0.7598565816879272,,,,,,,3936,,
,,,0.4894676208496094,,0.805141806602478,,,,,,,3937,,
,,,0.4095398783683777,,0.7555556297302246,,,,,,,3938,,
,,,0.4218416213989258,,0.7536630630493164,,,,,,,3939,,
,,,0.4640253186225891,,0.820738673210144,,,,,,,3940,,
,,,0.5182539820671082,,0.8094857931137085,,,,,,,3941,,
,,,0.5095238089561462,,0.8333333134651184,,,,,,,3942,,
,,,0.5075277090072632,,0.828474223613739,,,,,,,3943,,
,,,0.5022827386856079,,0.8038471937179565,,,,,,,3944,,
,,,0.4819587469100952,,0.8024562001228333,,,,,,,3945,,
,,,0.5246527791023254,,0.8219298720359802,,,,,,,3946,,
,,,0.43722793459892273,,0.8066308498382568,,,,,,,3947,,
,,,0.43892979621887207,,0.7887163758277893,,,,,,,3948,,
,,,0.44158250093460083,,0.8107638955116272,,,,,,,3949,,
,,,0.4539027810096741,,0.7776138782501221,,,,,,,3950,,
,,,0.42993026971817017,,0.7641026377677917,,,,,,,3951,,
,,,0.5265063047409058,,0.818794310092926,,,,,,,3952,,
,,,0.47873976826667786,,0.808134913444519,,,,,,,3953,,
,,,0.4803030490875244,,0.8087813854217529,,,,,,,3954,,
,,,0.4610491394996643,,0.7663561105728149,,,,,,,3955,,
,,,0.49204713106155396,,0.8093944787979126,,,,,,,3956,,
,,,0.5344133377075195,,0.820719301700592,,,,,,,3957,,
,,,0.476262629032135,,0.7817375659942627,,,,,,,3958,,
,,,0.25,,0.8000000715255737,,,,,,,3959,,
98,0.35510000586509705,0.4959999918937683,,0.7990000247955322,,,,,,,,19304,,
98,,,,,,0.3316735029220581,,0.47998180985450745,,3.297856569290161,,19304,2.1430580615997314,
99,,,,,,,0.30233168601989746,,0.45042309165000916,,3.263671875,19349,,2.1853952407836914
99,,,,,,,0.2900637984275818,,0.4381582736968994,,3.251953125,19399,,2.0570554733276367
99,,,,,,,0.35916686058044434,,0.5094214081764221,,3.36328125,19449,,2.2906246185302734
99,,,,,,,0.3524753451347351,,0.5023320317268372,,3.349609375,19499,,2.206983804702759
,,,0.4557337164878845,,0.779894232749939,,,,,,,3960,,
,,,0.42599207162857056,,0.7394409775733948,,,,,,,3961,,
,,,0.42693912982940674,,0.7558201551437378,,,,,,,3962,,
,,,0.4870748221874237,,0.7892097234725952,,,,,,,3963,,
,,,0.4334999918937683,,0.824999988079071,,,,,,,3964,,
,,,0.4247368574142456,,0.7819288372993469,,,,,,,3965,,
,,,0.43436747789382935,,0.7413784861564636,,,,,,,3966,,
,,,0.5429552793502808,,0.8268421292304993,,,,,,,3967,,
,,,0.40280258655548096,,0.7406787872314453,,,,,,,3968,,
,,,0.4370274841785431,,0.7707875967025757,,,,,,,3969,,
,,,0.43888068199157715,,0.7546858787536621,,,,,,,3970,,
,,,0.4069727957248688,,0.7327898740768433,,,,,,,3971,,
,,,0.4071919322013855,,0.7443581819534302,,,,,,,3972,,
,,,0.40893471240997314,,0.7670412063598633,,,,,,,3973,,
,,,0.4671039581298828,,0.7944188714027405,,,,,,,3974,,
,,,0.47983330488204956,,0.7726803421974182,,,,,,,3975,,
,,,0.40925657749176025,,0.7594982385635376,,,,,,,3976,,
,,,0.43900227546691895,,0.76524817943573,,,,,,,3977,,
,,,0.4030355215072632,,0.7463980913162231,,,,,,,3978,,
,,,0.42351192235946655,,0.7219780683517456,,,,,,,3979,,
,,,0.3927466869354248,,0.7714962363243103,,,,,,,3980,,
,,,0.5036200284957886,,0.7779255509376526,,,,,,,3981,,
,,,0.46411561965942383,,0.7915770411491394,,,,,,,3982,,
,,,0.49347618222236633,,0.7794217467308044,,,,,,,3983,,
,,,0.4194970726966858,,0.7735965251922607,,,,,,,3984,,
,,,0.44360271096229553,,0.7580702304840088,,,,,,,3985,,
,,,0.4481481611728668,,0.7810527086257935,,,,,,,3986,,
,,,0.42828798294067383,,0.7479689121246338,,,,,,,3987,,
,,,0.3555150628089905,,0.7590062618255615,,,,,,,3988,,
,,,0.41784512996673584,,0.7637152671813965,,,,,,,3989,,
,,,0.42140376567840576,,0.7285196781158447,,,,,,,3990,,
,,,0.41483885049819946,,0.7316458225250244,,,,,,,3991,,
,,,0.47313612699508667,,0.7769503593444824,,,,,,,3992,,
,,,0.44278502464294434,,0.7881696224212646,,,,,,,3993,,
,,,0.4393470585346222,,0.7881720066070557,,,,,,,3994,,
,,,0.4083581566810608,,0.751591682434082,,,,,,,3995,,
,,,0.41799214482307434,,0.7405538558959961,,,,,,,3996,,
,,,0.4734451174736023,,0.8060030341148376,,,,,,,3997,,
,,,0.40574997663497925,,0.7725176811218262,,,,,,,3998,,
,,,0.3863636553287506,,0.8000000715255737,,,,,,,3999,,
99,0.35409998893737793,0.4602000117301941,,0.76829993724823,,,,,,,,19499,,
99,,,,,,0.33143743872642517,,0.4794175624847412,,3.2909655570983887,,19499,2.1424708366394043,
100,,,,,,,0.30819591879844666,,0.4553837776184082,,3.251953125,19549,,2.180706739425659
100,,,,,,,0.32681941986083984,,0.47148919105529785,,3.220703125,19599,,2.277322769165039
100,,,,,,,0.30557605624198914,,0.4447161853313446,,3.087890625,19649,,2.0242133140563965
,,,0.513452410697937,,0.8244180679321289,,,,,,,4000,,
,,,0.42653411626815796,,0.7966096997261047,,,,,,,4001,,
,,,0.4486880302429199,,0.7684259414672852,,,,,,,4002,,
,,,0.4653198719024658,,0.7868034243583679,,,,,,,4003,,
,,,0.4444444477558136,,0.8657210469245911,,,,,,,4004,,
,,,0.47728073596954346,,0.8012171983718872,,,,,,,4005,,
,,,0.4966810941696167,,0.7800752520561218,,,,,,,4006,,
,,,0.577104389667511,,0.8356140851974487,,,,,,,4007,,
,,,0.41499027609825134,,0.7813576459884644,,,,,,,4008,,
,,,0.4660526514053345,,0.8341575860977173,,,,,,,4009,,
,,,0.4992145299911499,,0.7958206534385681,,,,,,,4010,,
,,,0.46580755710601807,,0.7867753505706787,,,,,,,4011,,
,,,0.4125062823295593,,0.8208591938018799,,,,,,,4012,,
,,,0.42553192377090454,,0.7921348214149475,,,,,,,4013,,
,,,0.48304763436317444,,0.823169469833374,,,,,,,4014,,
,,,0.4914141595363617,,0.7881442904472351,,,,,,,4015,,
,,,0.43056365847587585,,0.7596774101257324,,,,,,,4016,,
,,,0.49760234355926514,,0.8306737542152405,,,,,,,4017,,
,,,0.3863075077533722,,0.7716728448867798,,,,,,,4018,,
,,,0.47086402773857117,,0.7373627424240112,,,,,,,4019,,
,,,0.47694361209869385,,0.8370265364646912,,,,,,,4020,,
,,,0.49013951420783997,,0.7930850982666016,,,,,,,4021,,
,,,0.5048822164535522,,0.8130824565887451,,,,,,,4022,,
,,,0.5174762010574341,,0.7969387769699097,,,,,,,4023,,
,,,0.5086033344268799,,0.8455890417098999,,,,,,,4024,,
,,,0.4570707082748413,,0.8331578969955444,,,,,,,4025,,
,,,0.519727885723114,,0.8124561905860901,,,,,,,4026,,
,,,0.47187501192092896,,0.8036440014839172,,,,,,,4027,,
,,,0.3867965340614319,,0.791356086730957,,,,,,,4028,,
,,,0.4522109031677246,,0.8053819537162781,,,,,,,4029,,
,,,0.4529455006122589,,0.7290372848510742,,,,,,,4030,,
,,,0.4292881488800049,,0.755834698677063,,,,,,,4031,,
,,,0.5418262481689453,,0.8001773357391357,,,,,,,4032,,
,,,0.504665732383728,,0.8333333730697632,,,,,,,4033,,
,,,0.4616161584854126,,0.8134407997131348,,,,,,,4034,,
,,,0.4432215690612793,,0.7955098152160645,,,,,,,4035,,
,,,0.45493370294570923,,0.7813147306442261,,,,,,,4036,,
,,,0.5027453899383545,,0.8444021940231323,,,,,,,4037,,
,,,0.44366663694381714,,0.791223406791687,,,,,,,4038,,
,,,0.260869562625885,,0.7000000476837158,,,,,,,4039,,
100,0.3521000146865845,0.49140000343322754,,0.7993000149726868,,,,,,,,19694,,
100,,,,,,0.3328622579574585,,0.480007529258728,,3.2757911682128906,,19694,2.146909713745117,
101,,,,,,,0.3853552043437958,,0.5428452491760254,,3.53515625,19699,,2.223264694213867
101,,,,,,,0.3339378237724304,,0.4770309627056122,,3.1953125,19749,,2.0113630294799805
101,,,,,,,0.29973337054252625,,0.4499078392982483,,3.302734375,19799,,2.080124855041504
101,,,,,,,0.31777679920196533,,0.46411940455436707,,3.244140625,19849,,2.028944492340088
,,,0.49162983894348145,,0.7487037181854248,,,,,,,4040,,
,,,0.4226190447807312,,0.7454192638397217,,,,,,,4041,,
,,,0.41166913509368896,,0.7308201193809509,,,,,,,4042,,
,,,0.4382876753807068,,0.7611955404281616,,,,,,,4043,,
,,,0.4658648371696472,,0.8135342597961426,,,,,,,4044,,
,,,0.43634748458862305,,0.7892322540283203,,,,,,,4045,,
,,,0.4490000009536743,,0.7501504421234131,,,,,,,4046,,
,,,0.5121666193008423,,0.8096491694450378,,,,,,,4047,,
,,,0.44565534591674805,,0.7143363952636719,,,,,,,4048,,
,,,0.4338435232639313,,0.7769231796264648,,,,,,,4049,,
,,,0.46550101041793823,,0.778900682926178,,,,,,,4050,,
,,,0.4442760944366455,,0.7746376991271973,,,,,,,4051,,
,,,0.45874691009521484,,0.7564699649810791,,,,,,,4052,,
,,,0.42210525274276733,,0.8001872301101685,,,,,,,4053,,
,,,0.46661853790283203,,0.7977214455604553,,,,,,,4054,,
,,,0.5010101199150085,,0.7632302045822144,,,,,,,4055,,
,,,0.4034499526023865,,0.7799283266067505,,,,,,,4056,,
,,,0.44762733578681946,,0.7640070915222168,,,,,,,4057,,
,,,0.39175087213516235,,0.7458486557006836,,,,,,,4058,,
,,,0.4311043620109558,,0.7086081504821777,,,,,,,4059,,
,,,0.44668111205101013,,0.810592532157898,,,,,,,4060,,
,,,0.5267059206962585,,0.7882091999053955,,,,,,,4061,,
,,,0.5029209852218628,,0.8026881217956543,,,,,,,4062,,
,,,0.4706830382347107,,0.7862244844436646,,,,,,,4063,,
,,,0.4654025435447693,,0.7926191091537476,,,,,,,4064,,
,,,0.45235690474510193,,0.7712280750274658,,,,,,,4065,,
,,,0.47268038988113403,,0.7942105531692505,,,,,,,4066,,
,,,0.4463718831539154,,0.7504779100418091,,,,,,,4067,,
,,,0.4119047522544861,,0.7799431085586548,,,,,,,4068,,
,,,0.4427609443664551,,0.7644097805023193,,,,,,,4069,,
,,,0.4123663902282715,,0.7236025333404541,,,,,,,4070,,
,,,0.41985762119293213,,0.7194793820381165,,,,,,,4071,,
,,,0.5128036737442017,,0.7827000617980957,,,,,,,4072,,
,,,0.4851130247116089,,0.7998015880584717,,,,,,,4073,,
,,,0.480976402759552,,0.8019713163375854,,,,,,,4074,,
,,,0.4593107998371124,,0.7706133723258972,,,,,,,4075,,
,,,0.41083577275276184,,0.7625517845153809,,,,,,,4076,,
,,,0.4955817461013794,,0.7967832088470459,,,,,,,4077,,
,,,0.41466665267944336,,0.7677304744720459,,,,,,,4078,,
,,,0.3181818127632141,,0.8000000715255737,,,,,,,4079,,
101,0.34700000286102295,0.47189998626708984,,0.7710999846458435,,,,,,,,19889,,
101,,,,,,0.33169791102409363,,0.47884121537208557,,3.274609327316284,,19889,2.1411349773406982,
102,,,,,,,0.336202472448349,,0.4830886423587799,,3.2734375,19899,,2.077564001083374
102,,,,,,,0.3401670455932617,,0.4952778220176697,,3.44140625,19949,,2.197704315185547
102,,,,,,,0.3162555694580078,,0.46780118346214294,,3.34765625,19999,,2.1648268699645996
102,,,,,,,0.33718666434288025,,0.4847560524940491,,3.2890625,20049,,2.2760536670684814
,,,0.4541606903076172,,0.7775925993919373,,,,,,,4080,,
,,,0.44563496112823486,,0.7498705983161926,,,,,,,4081,,
,,,0.43442660570144653,,0.7676719427108765,,,,,,,4082,,
,,,0.5211340188980103,,0.7903496026992798,,,,,,,4083,,
,,,0.4427222013473511,,0.840661883354187,,,,,,,4084,,
,,,0.4440104365348816,,0.8087078332901001,,,,,,,4085,,
,,,0.4765993356704712,,0.767769455909729,,,,,,,4086,,
,,,0.5213804841041565,,0.8259649276733398,,,,,,,4087,,
,,,0.4085277020931244,,0.7376645803451538,,,,,,,4088,,
,,,0.4628472328186035,,0.8094322681427002,,,,,,,4089,,
,,,0.4599611163139343,,0.7461752891540527,,,,,,,4090,,
,,,0.4424999952316284,,0.7416666746139526,,,,,,,4091,,
,,,0.43829160928726196,,0.7784938216209412,,,,,,,4092,,
,,,0.4347078800201416,,0.7752808928489685,,,,,,,4093,,
,,,0.48107144236564636,,0.8056323528289795,,,,,,,4094,,
,,,0.4780000150203705,,0.7802404761314392,,,,,,,4095,,
,,,0.4255031943321228,,0.7931900024414062,,,,,,,4096,,
,,,0.44409722089767456,,0.8437943458557129,,,,,,,4097,,
,,,0.3709315359592438,,0.7504273653030396,,,,,,,4098,,
,,,0.43865978717803955,,0.7210623025894165,,,,,,,4099,,
,,,0.4424889385700226,,0.785700798034668,,,,,,,4100,,
,,,0.49064284563064575,,0.8367908000946045,,,,,,,4101,,
,,,0.46666666865348816,,0.7833333015441895,,,,,,,4102,,
,,,0.50574791431427,,0.7988823652267456,,,,,,,4103,,
,,,0.49949678778648376,,0.8035839796066284,,,,,,,4104,,
,,,0.4739795923233032,,0.7949122786521912,,,,,,,4105,,
,,,0.5190721750259399,,0.8217544555664062,,,,,,,4106,,
,,,0.46995463967323303,,0.7525089383125305,,,,,,,4107,,
,,,0.3932659924030304,,0.7951604723930359,,,,,,,4108,,
,,,0.45420876145362854,,0.7883681058883667,,,,,,,4109,,
,,,0.41722390055656433,,0.735222578048706,,,,,,,4110,,
,,,0.428460955619812,,0.7290031909942627,,,,,,,4111,,
,,,0.5102111101150513,,0.8037233948707581,,,,,,,4112,,
,,,0.4452381134033203,,0.8233382701873779,,,,,,,4113,,
,,,0.43299663066864014,,0.8075268268585205,,,,,,,4114,,
,,,0.47380951046943665,,0.7769280672073364,,,,,,,4115,,
,,,0.4413374066352844,,0.7793219685554504,,,,,,,4116,,
,,,0.5539097785949707,,0.8115754723548889,,,,,,,4117,,
,,,0.4259999990463257,,0.8066489696502686,,,,,,,4118,,
,,,0.2291666865348816,,0.8000000715255737,,,,,,,4119,,
102,0.349700003862381,0.4819999933242798,,0.7843999862670898,,,,,,,,20084,,
102,,,,,,0.3309577703475952,,0.4775172173976898,,3.2621493339538574,,20084,2.140188694000244,
103,,,,,,,0.3407771587371826,,0.48291799426078796,,3.18359375,20099,,2.033543586730957
103,,,,,,,0.3512318730354309,,0.4961458742618561,,3.25,20149,,2.075099229812622
103,,,,,,,0.31189852952957153,,0.4567039906978607,,3.208984375,20199,,2.109215259552002
103,,,,,,,0.3579781651496887,,0.5059728026390076,,3.318359375,20249,,2.258739948272705
,,,0.4784499406814575,,0.7896296381950378,,,,,,,4120,,
,,,0.4417162835597992,,0.7082815766334534,,,,,,,4121,,
,,,0.41129112243652344,,0.7588756680488586,,,,,,,4122,,
,,,0.4167395532131195,,0.7705926895141602,,,,,,,4123,,
,,,0.4691609740257263,,0.8500590920448303,,,,,,,4124,,
,,,0.4290798604488373,,0.7688202261924744,,,,,,,4125,,
,,,0.4276190400123596,,0.7848120331764221,,,,,,,4126,,
,,,0.5356902480125427,,0.818947434425354,,,,,,,4127,,
,,,0.3911634683609009,,0.7497214078903198,,,,,,,4128,,
,,,0.4389473795890808,,0.7934982180595398,,,,,,,4129,,
,,,0.4647473394870758,,0.7665653228759766,,,,,,,4130,,
,,,0.4189999997615814,,0.7376811504364014,,,,,,,4131,,
,,,0.4429062306880951,,0.756366491317749,,,,,,,4132,,
,,,0.43802082538604736,,0.7559925317764282,,,,,,,4133,,
,,,0.4831389784812927,,0.8181771636009216,,,,,,,4134,,
,,,0.46026936173439026,,0.7819586992263794,,,,,,,4135,,
,,,0.4150145649909973,,0.7672042846679688,,,,,,,4136,,
,,,0.4566551148891449,,0.8248226642608643,,,,,,,4137,,
,,,0.3785073161125183,,0.7366911768913269,,,,,,,4138,,
,,,0.44578951597213745,,0.7111722230911255,,,,,,,4139,,
,,,0.4861152768135071,,0.8204410076141357,,,,,,,4140,,
,,,0.4931851327419281,,0.8026595115661621,,,,,,,4141,,
,,,0.46924397349357605,,0.8041218519210815,,,,,,,4142,,
,,,0.5020442008972168,,0.7823128700256348,,,,,,,4143,,
,,,0.46156108379364014,,0.7950000762939453,,,,,,,4144,,
,,,0.4880952537059784,,0.7866666913032532,,,,,,,4145,,
,,,0.522680401802063,,0.7821053266525269,,,,,,,4146,,
,,,0.41995465755462646,,0.7513738870620728,,,,,,,4147,,
,,,0.42537203431129456,,0.7928053736686707,,,,,,,4148,,
,,,0.44562292098999023,,0.8045139312744141,,,,,,,4149,,
,,,0.3767978549003601,,0.7244306802749634,,,,,,,4150,,
,,,0.4227162301540375,,0.7209445238113403,,,,,,,4151,,
,,,0.5040991306304932,,0.8047872185707092,,,,,,,4152,,
,,,0.4536190629005432,,0.8412946462631226,,,,,,,4153,,
,,,0.44387754797935486,,0.8084229230880737,,,,,,,4154,,
,,,0.41642120480537415,,0.7793866991996765,,,,,,,4155,,
,,,0.4359148144721985,,0.7825828790664673,,,,,,,4156,,
,,,0.519023060798645,,0.801291823387146,,,,,,,4157,,
,,,0.42100000381469727,,0.7517729997634888,,,,,,,4158,,
,,,0.34090909361839294,,0.8000000715255737,,,,,,,4159,,
103,0.3571000099182129,0.4742000102996826,,0.7791999578475952,,,,,,,,20279,,
103,,,,,,0.330283522605896,,0.4768821895122528,,3.262249708175659,,20279,2.126941680908203,
104,,,,,,,0.32688337564468384,,0.47386929392814636,,3.267578125,20299,,2.0673446655273438
104,,,,,,,0.28958213329315186,,0.43391650915145874,,3.17578125,20349,,1.9963828325271606
104,,,,,,,0.3132859468460083,,0.45643511414527893,,3.17578125,20399,,2.0344605445861816
104,,,,,,,0.33595022559165955,,0.47552478313446045,,3.126953125,20449,,2.0981802940368652
,,,0.49342167377471924,,0.8188624382019043,,,,,,,4160,,
,,,0.47453635931015015,,0.7648032903671265,,,,,,,4161,,
,,,0.42608001828193665,,0.7872090339660645,,,,,,,4162,,
,,,0.48090431094169617,,0.7904508709907532,,,,,,,4163,,
,,,0.4862542748451233,,0.8460992574691772,,,,,,,4164,,
,,,0.48067009449005127,,0.79353928565979,,,,,,,4165,,
,,,0.4589225649833679,,0.7746115922927856,,,,,,,4166,,
,,,0.5272108912467957,,0.7959649562835693,,,,,,,4167,,
,,,0.40971818566322327,,0.7664639949798584,,,,,,,4168,,
,,,0.4530068635940552,,0.8298535346984863,,,,,,,4169,,
,,,0.4973735809326172,,0.7775582075119019,,,,,,,4170,,
,,,0.4603092670440674,,0.7961956858634949,,,,,,,4171,,
,,,0.49067461490631104,,0.7905020713806152,,,,,,,4172,,
,,,0.42405498027801514,,0.8013108372688293,,,,,,,4173,,
,,,0.48994168639183044,,0.8317204117774963,,,,,,,4174,,
,,,0.4779461622238159,,0.8121992349624634,,,,,,,4175,,
,,,0.44463685154914856,,0.7783154249191284,,,,,,,4176,,
,,,0.45543980598449707,,0.8370566964149475,,,,,,,4177,,
,,,0.4067460298538208,,0.7857754230499268,,,,,,,4178,,
,,,0.42107143998146057,,0.7391942143440247,,,,,,,4179,,
,,,0.4262518286705017,,0.7917613983154297,,,,,,,4180,,
,,,0.5248196125030518,,0.8190602660179138,,,,,,,4181,,
,,,0.5340206027030945,,0.7781361937522888,,,,,,,4182,,
,,,0.5221741199493408,,0.8040816187858582,,,,,,,4183,,
,,,0.4942808151245117,,0.8437719345092773,,,,,,,4184,,
,,,0.5072164535522461,,0.8103508949279785,,,,,,,4185,,
,,,0.5018707513809204,,0.8219298720359802,,,,,,,4186,,
,,,0.472505658864975,,0.756750226020813,,,,,,,4187,,
,,,0.396219938993454,,0.775879979133606,,,,,,,4188,,
,,,0.48282313346862793,,0.7913194298744202,,,,,,,4189,,
,,,0.4454324543476105,,0.746350884437561,,,,,,,4190,,
,,,0.43867242336273193,,0.7640895247459412,,,,,,,4191,,
,,,0.5161321759223938,,0.8088652491569519,,,,,,,4192,,
,,,0.46102380752563477,,0.8263641595840454,,,,,,,4193,,
,,,0.4744107723236084,,0.8272401094436646,,,,,,,4194,,
,,,0.46909672021865845,,0.7885481119155884,,,,,,,4195,,
,,,0.46924811601638794,,0.7925724983215332,,,,,,,4196,,
,,,0.5294703245162964,,0.8414640426635742,,,,,,,4197,,
,,,0.4651515483856201,,0.7950354814529419,,,,,,,4198,,
,,,0.260869562625885,,0.8000000715255737,,,,,,,4199,,
104,0.3482000231742859,0.49140000343322754,,0.7971999645233154,,,,,,,,20474,,
104,,,,,,0.3309080898761749,,0.4777815639972687,,3.2682993412017822,,20474,2.124499559402466,
105,,,,,,,0.34640663862228394,,0.4908294677734375,,3.234375,20499,,2.0099234580993652
105,,,,,,,0.32718855142593384,,0.47159573435783386,,3.21484375,20549,,2.1912455558776855
105,,,,,,,0.31426382064819336,,0.45663169026374817,,3.162109375,20599,,1.983330488204956
105,,,,,,,0.32394564151763916,,0.47791436314582825,,3.404296875,20649,,2.0544474124908447
,,,0.509151816368103,,0.8087831139564514,,,,,,,4200,,
,,,0.4582837224006653,,0.7816770076751709,,,,,,,4201,,
,,,0.4463678300380707,,0.770912766456604,,,,,,,4202,,
,,,0.4729677736759186,,0.8208459615707397,,,,,,,4203,,
,,,0.49792370200157166,,0.8559101819992065,,,,,,,4204,,
,,,0.46872758865356445,,0.8205056190490723,,,,,,,4205,,
,,,0.4945952296257019,,0.8023309111595154,,,,,,,4206,,
,,,0.5207070708274841,,0.8184211254119873,,,,,,,4207,,
,,,0.41999512910842896,,0.7786220908164978,,,,,,,4208,,
,,,0.47242265939712524,,0.8406593799591064,,,,,,,4209,,
,,,0.506671667098999,,0.7944022417068481,,,,,,,4210,,
,,,0.45292091369628906,,0.7945652008056641,,,,,,,4211,,
,,,0.44880953431129456,,0.7961956262588501,,,,,,,4212,,
,,,0.45434027910232544,,0.8155430555343628,,,,,,,4213,,
,,,0.4747955799102783,,0.8466717600822449,,,,,,,4214,,
,,,0.49932658672332764,,0.7902061939239502,,,,,,,4215,,
,,,0.37847423553466797,,0.781361997127533,,,,,,,4216,,
,,,0.4785301089286804,,0.8101063966751099,,,,,,,4217,,
,,,0.41271474957466125,,0.7757021188735962,,,,,,,4218,,
,,,0.419460654258728,,0.7274725437164307,,,,,,,4219,,
,,,0.4528980255126953,,0.8147592544555664,,,,,,,4220,,
,,,0.4807840585708618,,0.8117021322250366,,,,,,,4221,,
,,,0.5061855316162109,,0.7965949773788452,,,,,,,4222,,
,,,0.525877833366394,,0.8049319982528687,,,,,,,4223,,
,,,0.5092169642448425,,0.8396366834640503,,,,,,,4224,,
,,,0.4486532211303711,,0.8261404037475586,,,,,,,4225,,
,,,0.5230240821838379,,0.8335088491439819,,,,,,,4226,,
,,,0.4672335386276245,,0.7949820756912231,,,,,,,4227,,
,,,0.4180803894996643,,0.8090320825576782,,,,,,,4228,,
,,,0.4714285731315613,,0.8072916865348816,,,,,,,4229,,
,,,0.4074314534664154,,0.7527950406074524,,,,,,,4230,,
,,,0.4300318956375122,,0.7833203077316284,,,,,,,4231,,
,,,0.520821213722229,,0.8283687829971313,,,,,,,4232,,
,,,0.505806565284729,,0.8486855030059814,,,,,,,4233,,
,,,0.45370370149612427,,0.8220430016517639,,,,,,,4234,,
,,,0.4488953948020935,,0.7899068593978882,,,,,,,4235,,
,,,0.469949871301651,,0.7854813933372498,,,,,,,4236,,
,,,0.5626240372657776,,0.8184143304824829,,,,,,,4237,,
,,,0.4592592716217041,,0.8023935556411743,,,,,,,4238,,
,,,0.30434781312942505,,0.8666666746139526,,,,,,,4239,,
105,0.35680001974105835,0.49379998445510864,,0.8034000396728516,,,,,,,,20669,,
105,,,,,,0.32815179228782654,,0.4746549427509308,,3.258152961730957,,20669,2.1133556365966797,
106,,,,,,,0.32276931405067444,,0.46544432640075684,,3.17578125,20699,,2.128213882446289
106,,,,,,,0.3207366168498993,,0.47291266918182373,,3.365234375,20749,,2.048100233078003
106,,,,,,,0.35302257537841797,,0.5045608878135681,,3.3828125,20799,,2.155813217163086
106,,,,,,,0.3224344253540039,,0.4695207178592682,,3.263671875,20849,,2.0927059650421143
,,,0.5236591696739197,,0.8073016405105591,,,,,,,4240,,
,,,0.42251986265182495,,0.7589544057846069,,,,,,,4241,,
,,,0.44679200649261475,,0.7737830877304077,,,,,,,4242,,
,,,0.44113218784332275,,0.7932623624801636,,,,,,,4243,,
,,,0.4911896884441376,,0.8690307140350342,,,,,,,4244,,
,,,0.44689714908599854,,0.7867977619171143,,,,,,,4245,,
,,,0.4579124450683594,,0.7779449224472046,,,,,,,4246,,
,,,0.512666642665863,,0.8278948068618774,,,,,,,4247,,
,,,0.3793169856071472,,0.7670972347259521,,,,,,,4248,,
,,,0.4437500238418579,,0.8218865394592285,,,,,,,4249,,
,,,0.4633237421512604,,0.7678064703941345,,,,,,,4250,,
,,,0.42878788709640503,,0.780978262424469,,,,,,,4251,,
,,,0.41399115324020386,,0.7974120378494263,,,,,,,4252,,
,,,0.42903777956962585,,0.7807115912437439,,,,,,,4253,,
,,,0.4838143289089203,,0.7907577753067017,,,,,,,4254,,
,,,0.49016663432121277,,0.7804123163223267,,,,,,,4255,,
,,,0.4475944936275482,,0.7827957272529602,,,,,,,4256,,
,,,0.4546875059604645,,0.8212765455245972,,,,,,,4257,,
,,,0.4126574993133545,,0.7769842147827148,,,,,,,4258,,
,,,0.43656641244888306,,0.7456044554710388,,,,,,,4259,,
,,,0.43057578802108765,,0.8013122081756592,,,,,,,4260,,
,,,0.5362542867660522,,0.797517716884613,,,,,,,4261,,
,,,0.4659932851791382,,0.8017920851707458,,,,,,,4262,,
,,,0.4998571276664734,,0.8263605237007141,,,,,,,4263,,
,,,0.4689747095108032,,0.8285714983940125,,,,,,,4264,,
,,,0.4755101799964905,,0.8059649467468262,,,,,,,4265,,
,,,0.4991496503353119,,0.8324562311172485,,,,,,,4266,,
,,,0.4168934226036072,,0.7640979290008545,,,,,,,4267,,
,,,0.38685616850852966,,0.8010610938072205,,,,,,,4268,,
,,,0.49639174342155457,,0.8123264312744141,,,,,,,4269,,
,,,0.39484935998916626,,0.7116718292236328,,,,,,,4270,,
,,,0.3881785571575165,,0.7181973457336426,,,,,,,4271,,
,,,0.48569023609161377,,0.8044326305389404,,,,,,,4272,,
,,,0.4509718418121338,,0.8332341909408569,,,,,,,4273,,
,,,0.46275508403778076,,0.809319019317627,,,,,,,4274,,
,,,0.43369296193122864,,0.7790243625640869,,,,,,,4275,,
,,,0.4263392686843872,,0.7883023023605347,,,,,,,4276,,
,,,0.48641884326934814,,0.82196044921875,,,,,,,4277,,
,,,0.4478956162929535,,0.7596631050109863,,,,,,,4278,,
,,,0.2083333432674408,,0.8000000715255737,,,,,,,4279,,
106,0.36489999294281006,0.4796000123023987,,0.7933000326156616,,,,,,,,20864,,
106,,,,,,0.33022186160087585,,0.47689130902290344,,3.263561725616455,,20864,2.109522819519043,
107,,,,,,,0.3495693504810333,,0.5022568702697754,,3.40234375,20899,,2.1973209381103516
107,,,,,,,0.33036115765571594,,0.46813997626304626,,3.0859375,20949,,2.131707191467285
107,,,,,,,0.3204849362373352,,0.46962180733680725,,3.302734375,20999,,2.1587929725646973
107,,,,,,,0.3480679392814636,,0.4954594671726227,,3.296875,21049,,2.3499832153320312
,,,0.5005587935447693,,0.8131481409072876,,,,,,,4280,,
,,,0.4631696343421936,,0.7766045331954956,,,,,,,4281,,
,,,0.4647941589355469,,0.768412709236145,,,,,,,4282,,
,,,0.45832133293151855,,0.7894630432128906,,,,,,,4283,,
,,,0.493378221988678,,0.8701536655426025,,,,,,,4284,,
,,,0.4982638955116272,,0.8132022619247437,,,,,,,4285,,
,,,0.48516666889190674,,0.7838096022605896,,,,,,,4286,,
,,,0.5314815044403076,,0.8500000238418579,,,,,,,4287,,
,,,0.44682538509368896,,0.8078774213790894,,,,,,,4288,,
,,,0.4743986129760742,,0.826831579208374,,,,,,,4289,,
,,,0.499379962682724,,0.798302948474884,,,,,,,4290,,
,,,0.45171821117401123,,0.7985507249832153,,,,,,,4291,,
,,,0.4344361126422882,,0.7853519916534424,,,,,,,4292,,
,,,0.46877193450927734,,0.7988764047622681,,,,,,,4293,,
,,,0.4537554979324341,,0.8140552639961243,,,,,,,4294,,
,,,0.5198653340339661,,0.8192439079284668,,,,,,,4295,,
,,,0.4385416805744171,,0.7639784812927246,,,,,,,4296,,
,,,0.5253216624259949,,0.8283687829971313,,,,,,,4297,,
,,,0.36503928899765015,,0.7826617956161499,,,,,,,4298,,
,,,0.45177358388900757,,0.7673993110656738,,,,,,,4299,,
,,,0.4699680805206299,,0.820711612701416,,,,,,,4300,,
,,,0.5053141713142395,,0.8162233829498291,,,,,,,4301,,
,,,0.5147958993911743,,0.824731171131134,,,,,,,4302,,
,,,0.49111902713775635,,0.8265305757522583,,,,,,,4303,,
,,,0.4808187782764435,,0.8430576920509338,,,,,,,4304,,
,,,0.4695286154747009,,0.8291228413581848,,,,,,,4305,,
,,,0.5034013390541077,,0.8045614957809448,,,,,,,4306,,
,,,0.46924397349357605,,0.7731780409812927,,,,,,,4307,,
,,,0.45456552505493164,,0.8150880336761475,,,,,,,4308,,
,,,0.49438774585723877,,0.7967014312744141,,,,,,,4309,,
,,,0.4411807358264923,,0.7689958810806274,,,,,,,4310,,
,,,0.45921117067337036,,0.7704998254776001,,,,,,,4311,,
,,,0.5391642451286316,,0.8023049831390381,,,,,,,4312,,
,,,0.49212828278541565,,0.8269841074943542,,,,,,,4313,,
,,,0.5039116144180298,,0.8034049868583679,,,,,,,4314,,
,,,0.4943080544471741,,0.8102872967720032,,,,,,,4315,,
,,,0.502207338809967,,0.8136645555496216,,,,,,,4316,,
,,,0.5839849710464478,,0.8621073961257935,,,,,,,4317,,
,,,0.5010101199150085,,0.7971631288528442,,,,,,,4318,,
,,,0.1666666716337204,,0.7333333492279053,,,,,,,4319,,
107,0.3716000020503998,0.5054000020027161,,0.8057000041007996,,,,,,,,21059,,
107,,,,,,0.3293329179286957,,0.475134015083313,,3.2453725337982178,,21059,2.1142094135284424,
108,,,,,,,0.3355371356010437,,0.4852641820907593,,3.330078125,21099,,2.1215951442718506
108,,,,,,,0.3158409595489502,,0.46423348784446716,,3.283203125,21149,,2.0943164825439453
108,,,,,,,0.3329068422317505,,0.47885915637016296,,3.251953125,21199,,2.068006753921509
108,,,,,,,0.31609976291656494,,0.46850764751434326,,3.365234375,21249,,2.030562400817871
,,,0.49698734283447266,,0.8216667175292969,,,,,,,4320,,
,,,0.4138144850730896,,0.7538561224937439,,,,,,,4321,,
,,,0.47797003388404846,,0.7636904716491699,,,,,,,4322,,
,,,0.4633381962776184,,0.7907041311264038,,,,,,,4323,,
,,,0.49143993854522705,,0.8553191423416138,,,,,,,4324,,
,,,0.4750000238418579,,0.805898904800415,,,,,,,4325,,
,,,0.4629148542881012,,0.7754135727882385,,,,,,,4326,,
,,,0.5082491636276245,,0.8336842060089111,,,,,,,4327,,
,,,0.41304564476013184,,0.7637284994125366,,,,,,,4328,,
,,,0.47302404046058655,,0.8025641441345215,,,,,,,4329,,
,,,0.5067746639251709,,0.7958206534385681,,,,,,,4330,,
,,,0.4729591906070709,,0.7416666746139526,,,,,,,4331,,
,,,0.43789684772491455,,0.7776397466659546,,,,,,,4332,,
,,,0.4523809552192688,,0.7588014602661133,,,,,,,4333,,
,,,0.5084821581840515,,0.820865273475647,,,,,,,4334,,
,,,0.47699999809265137,,0.807216465473175,,,,,,,4335,,
,,,0.42051470279693604,,0.7969534397125244,,,,,,,4336,,
,,,0.4895321726799011,,0.8283687829971313,,,,,,,4337,,
,,,0.4247106909751892,,0.769108772277832,,,,,,,4338,,
,,,0.44050127267837524,,0.7551282644271851,,,,,,,4339,,
,,,0.4719246029853821,,0.8328598737716675,,,,,,,4340,,
,,,0.5247499942779541,,0.8125886917114258,,,,,,,4341,,
,,,0.47159865498542786,,0.83243727684021,,,,,,,4342,,
,,,0.527417004108429,,0.7989795804023743,,,,,,,4343,,
,,,0.48361271619796753,,0.8366667032241821,,,,,,,4344,,
,,,0.47159862518310547,,0.7910526394844055,,,,,,,4345,,
,,,0.5127147436141968,,0.8129824995994568,,,,,,,4346,,
,,,0.42789000272750854,,0.7620669603347778,,,,,,,4347,,
,,,0.4246686100959778,,0.8292183876037598,,,,,,,4348,,
,,,0.48983335494995117,,0.8029513955116272,,,,,,,4349,,
,,,0.44050127267837524,,0.7442805767059326,,,,,,,4350,,
,,,0.4100409150123596,,0.768184244632721,,,,,,,4351,,
,,,0.5387512445449829,,0.8397163152694702,,,,,,,4352,,
,,,0.4863155484199524,,0.8460813760757446,,,,,,,4353,,
,,,0.4554421901702881,,0.8191756010055542,,,,,,,4354,,
,,,0.44872361421585083,,0.7928054332733154,,,,,,,4355,,
,,,0.45289114117622375,,0.7963509559631348,,,,,,,4356,,
,,,0.5264410972595215,,0.826747715473175,,,,,,,4357,,
,,,0.47163301706314087,,0.7689716219902039,,,,,,,4358,,
,,,0.2199999988079071,,0.8666666746139526,,,,,,,4359,,
108,0.37709999084472656,0.49140000343322754,,0.7969000339508057,,,,,,,,21254,,
108,,,,,,0.3295179009437561,,0.4751739203929901,,3.242608070373535,,21254,2.102613687515259,
109,,,,,,,0.32821282744407654,,0.4725687801837921,,3.21484375,21299,,2.006498336791992
109,,,,,,,0.33814579248428345,,0.4881086051464081,,3.337890625,21349,,2.0631799697875977
109,,,,,,,0.31652477383613586,,0.45719265937805176,,3.130859375,21399,,2.0996289253234863
109,,,,,,,0.36131200194358826,,0.5134124159812927,,3.404296875,21449,,2.3388912677764893
,,,0.4838045537471771,,0.7883333563804626,,,,,,,4360,,
,,,0.41914787888526917,,0.7827640175819397,,,,,,,4361,,
,,,0.4403166174888611,,0.752579391002655,,,,,,,4362,,
,,,0.4530303180217743,,0.7753799557685852,,,,,,,4363,,
,,,0.465656578540802,,0.8384751677513123,,,,,,,4364,,
,,,0.43828123807907104,,0.8029026389122009,,,,,,,4365,,
,,,0.4814140200614929,,0.7631579637527466,,,,,,,4366,,
,,,0.5701030492782593,,0.815789520740509,,,,,,,4367,,
,,,0.430976927280426,,0.7557497620582581,,,,,,,4368,,
,,,0.44450169801712036,,0.8064103126525879,,,,,,,4369,,
,,,0.5031002759933472,,0.7748226523399353,,,,,,,4370,,
,,,0.44713807106018066,,0.740217387676239,,,,,,,4371,,
,,,0.4087386131286621,,0.7861542701721191,,,,,,,4372,,
,,,0.4095486104488373,,0.798127293586731,,,,,,,4373,,
,,,0.5204222202301025,,0.8291090726852417,,,,,,,4374,,
,,,0.43683332204818726,,0.7572164535522461,,,,,,,4375,,
,,,0.4060252606868744,,0.7894265651702881,,,,,,,4376,,
,,,0.45912283658981323,,0.820212721824646,,,,,,,4377,,
,,,0.4152348041534424,,0.7504273653030396,,,,,,,4378,,
,,,0.44921451807022095,,0.718315064907074,,,,,,,4379,,
,,,0.4446064233779907,,0.8103219866752625,,,,,,,4380,,
,,,0.5285714268684387,,0.806382954120636,,,,,,,4381,,
,,,0.4811224341392517,,0.8019713163375854,,,,,,,4382,,
,,,0.48328521847724915,,0.8256802558898926,,,,,,,4383,,
,,,0.5012277364730835,,0.8023684620857239,,,,,,,4384,,
,,,0.45204079151153564,,0.8028070330619812,,,,,,,4385,,
,,,0.49166664481163025,,0.8168421387672424,,,,,,,4386,,
,,,0.4250280559062958,,0.748327374458313,,,,,,,4387,,
,,,0.42682865262031555,,0.7975155711174011,,,,,,,4388,,
,,,0.459090918302536,,0.7967014312744141,,,,,,,4389,,
,,,0.41837799549102783,,0.7230849266052246,,,,,,,4390,,
,,,0.40637755393981934,,0.7262428998947144,,,,,,,4391,,
,,,0.521904706954956,,0.7945035696029663,,,,,,,4392,,
,,,0.45342564582824707,,0.8068452477455139,,,,,,,4393,,
,,,0.46868687868118286,,0.7939068078994751,,,,,,,4394,,
,,,0.43776723742485046,,0.7320005297660828,,,,,,,4395,,
,,,0.4220602512359619,,0.8026138544082642,,,,,,,4396,,
,,,0.4720422029495239,,0.8427051305770874,,,,,,,4397,,
,,,0.43265992403030396,,0.7753546237945557,,,,,,,4398,,
,,,0.239130437374115,,0.8666667342185974,,,,,,,4399,,
109,0.35350000858306885,0.4797000288963318,,0.7863999605178833,,,,,,,,21449,,
109,,,,,,0.32924285531044006,,0.47589948773384094,,3.2623798847198486,,21449,2.1004438400268555,
110,,,,,,,0.3440776765346527,,0.490814208984375,,3.279296875,21499,,2.253237247467041
110,,,,,,,0.34353354573249817,,0.4909076392650604,,3.291015625,21549,,2.036160945892334
110,,,,,,,0.35045886039733887,,0.4989515244960785,,3.3203125,21599,,2.347900867462158
,,,0.5411027669906616,,0.8363757133483887,,,,,,,4400,,
,,,0.44558534026145935,,0.7967909574508667,,,,,,,4401,,
,,,0.449590802192688,,0.7764682769775391,,,,,,,4402,,
,,,0.44684159755706787,,0.7856636047363281,,,,,,,4403,,
,,,0.48764175176620483,,0.8651891350746155,,,,,,,4404,,
,,,0.4982638955116272,,0.7772471904754639,,,,,,,4405,,
,,,0.4769268333911896,,0.7538596987724304,,,,,,,4406,,
,,,0.5442761182785034,,0.8470175862312317,,,,,,,4407,,
,,,0.4117364287376404,,0.7866008281707764,,,,,,,4408,,
,,,0.4513888955116272,,0.8329671025276184,,,,,,,4409,,
,,,0.49816468358039856,,0.7737588882446289,,,,,,,4410,,
,,,0.4594275951385498,,0.7663043737411499,,,,,,,4411,,
,,,0.44687503576278687,,0.7962214946746826,,,,,,,4412,,
,,,0.45508772134780884,,0.7486891150474548,,,,,,,4413,,
,,,0.48994168639183044,,0.8253456354141235,,,,,,,4414,,
,,,0.5001683235168457,,0.7994844913482666,,,,,,,4415,,
,,,0.4168853163719177,,0.8270609378814697,,,,,,,4416,,
,,,0.4645833373069763,,0.8375886678695679,,,,,,,4417,,
,,,0.38859957456588745,,0.7606837749481201,,,,,,,4418,,
,,,0.44947919249534607,,0.7739927172660828,,,,,,,4419,,
,,,0.45102760195732117,,0.7953598499298096,,,,,,,4420,,
,,,0.5157191157341003,,0.8227837085723877,,,,,,,4421,,
,,,0.48673468828201294,,0.791756272315979,,,,,,,4422,,
,,,0.4975709915161133,,0.8346938490867615,,,,,,,4423,,
,,,0.5029032826423645,,0.8382331132888794,,,,,,,4424,,
,,,0.48061224818229675,,0.8142105340957642,,,,,,,4425,,
,,,0.5126262903213501,,0.8054386377334595,,,,,,,4426,,
,,,0.4490162134170532,,0.7805854082107544,,,,,,,4427,,
,,,0.44409722089767456,,0.8294772505760193,,,,,,,4428,,
,,,0.4574074149131775,,0.8121527433395386,,,,,,,4429,,
,,,0.3875364363193512,,0.7535973191261292,,,,,,,4430,,
,,,0.43513745069503784,,0.7610282897949219,,,,,,,4431,,
,,,0.5452138185501099,,0.8205673694610596,,,,,,,4432,,
,,,0.4751904606819153,,0.8489583730697632,,,,,,,4433,,
,,,0.47789114713668823,,0.8204300999641418,,,,,,,4434,,
,,,0.49624449014663696,,0.8115554451942444,,,,,,,4435,,
,,,0.47901788353919983,,0.7752329111099243,,,,,,,4436,,
,,,0.5249504446983337,,0.7903242111206055,,,,,,,4437,,
,,,0.5184343457221985,,0.7793439626693726,,,,,,,4438,,
,,,0.32608696818351746,,0.8000000715255737,,,,,,,4439,,
110,0.36629998683929443,0.4958999752998352,,0.7996000051498413,,,,,,,,21644,,
110,,,,,,0.32545343041419983,,0.4713376462459564,,3.24320912361145,,21644,2.0919573307037354,
111,,,,,,,0.30065011978149414,,0.4457738697528839,,3.203125,21649,,2.1027379035949707
111,,,,,,,0.33812546730041504,,0.47991058230400085,,3.173828125,21699,,2.1272590160369873
111,,,,,,,0.30360305309295654,,0.4488232731819153,,3.208984375,21749,,2.15630841255188
111,,,,,,,0.3234682083129883,,0.4730662703514099,,3.314453125,21799,,2.1716256141662598
,,,0.4874752163887024,,0.8176720142364502,,,,,,,4440,,
,,,0.46438491344451904,,0.8173654079437256,,,,,,,4441,,
,,,0.4309037923812866,,0.7848016023635864,,,,,,,4442,,
,,,0.5032312870025635,,0.8104863166809082,,,,,,,4443,,
,,,0.5007936954498291,,0.8708037734031677,,,,,,,4444,,
,,,0.46970486640930176,,0.8023408651351929,,,,,,,4445,,
,,,0.4697618782520294,,0.7958396673202515,,,,,,,4446,,
,,,0.5872448682785034,,0.8631579875946045,,,,,,,4447,,
,,,0.4256073832511902,,0.7647923231124878,,,,,,,4448,,
,,,0.47035086154937744,,0.8067766427993774,,,,,,,4449,,
,,,0.4950397312641144,,0.7881965041160583,,,,,,,4450,,
,,,0.4726666510105133,,0.7998188734054565,,,,,,,4451,,
,,,0.44918155670166016,,0.7886645793914795,,,,,,,4452,,
,,,0.44392362236976624,,0.8277153372764587,,,,,,,4453,,
,,,0.5218173265457153,,0.8330516815185547,,,,,,,4454,,
,,,0.4957912564277649,,0.7874569892883301,,,,,,,4455,,
,,,0.4100340008735657,,0.801612913608551,,,,,,,4456,,
,,,0.46231383085250854,,0.8205673694610596,,,,,,,4457,,
,,,0.396541953086853,,0.7674603462219238,,,,,,,4458,,
,,,0.45049092173576355,,0.7426740527153015,,,,,,,4459,,
,,,0.44435131549835205,,0.8377841114997864,,,,,,,4460,,
,,,0.5837463140487671,,0.8307623863220215,,,,,,,4461,,
,,,0.5141156911849976,,0.8234766721725464,,,,,,,4462,,
,,,0.529365062713623,,0.8285714387893677,,,,,,,4463,,
,,,0.5129494667053223,,0.8253508806228638,,,,,,,4464,,
,,,0.478231281042099,,0.8326315879821777,,,,,,,4465,,
,,,0.4829999804496765,,0.8005263209342957,,,,,,,4466,,
,,,0.44579124450683594,,0.7909796833992004,,,,,,,4467,,
,,,0.418679416179657,,0.8008540868759155,,,,,,,4468,,
,,,0.49251696467399597,,0.8175347447395325,,,,,,,4469,,
,,,0.43714287877082825,,0.7259834408760071,,,,,,,4470,,
,,,0.46730485558509827,,0.7720565795898438,,,,,,,4471,,
,,,0.5441690683364868,,0.8104609847068787,,,,,,,4472,,
,,,0.5052381157875061,,0.8088542222976685,,,,,,,4473,,
,,,0.48078233003616333,,0.796236515045166,,,,,,,4474,,
,,,0.47560739517211914,,0.8124611973762512,,,,,,,4475,,
,,,0.44255954027175903,,0.8046066761016846,,,,,,,4476,,
,,,0.5476435422897339,,0.8323454856872559,,,,,,,4477,,
,,,0.46183329820632935,,0.82491135597229,,,,,,,4478,,
,,,0.4285714328289032,,0.8000000715255737,,,,,,,4479,,
111,0.3654000163078308,0.5016999840736389,,0.8068999648094177,,,,,,,,21839,,
111,,,,,,0.3241235017776489,,0.4687264561653137,,3.2161757946014404,,21839,2.0850472450256348,
112,,,,,,,0.3117087483406067,,0.46274927258491516,,3.33203125,21849,,1.9238760471343994
112,,,,,,,0.34970152378082275,,0.49725550413131714,,3.30078125,21899,,2.1004481315612793
112,,,,,,,0.31939250230789185,,0.46309083700180054,,3.193359375,21949,,2.043233871459961
112,,,,,,,0.29528772830963135,,0.4392147362232208,,3.173828125,21999,,2.1491098403930664
,,,0.5037698745727539,,0.8184921741485596,,,,,,,4480,,
,,,0.43814486265182495,,0.764078676700592,,,,,,,4481,,
,,,0.44238337874412537,,0.7567460536956787,,,,,,,4482,,
,,,0.4380461573600769,,0.79655522108078,,,,,,,4483,,
,,,0.4696449041366577,,0.8606973886489868,,,,,,,4484,,
,,,0.4825354516506195,,0.8141385912895203,,,,,,,4485,,
,,,0.46242856979370117,,0.7888220548629761,,,,,,,4486,,
,,,0.5821548700332642,,0.8245614767074585,,,,,,,4487,,
,,,0.3845481276512146,,0.7527355551719666,,,,,,,4488,,
,,,0.4334219694137573,,0.8108059167861938,,,,,,,4489,,
,,,0.490111768245697,,0.808586597442627,,,,,,,4490,,
,,,0.4404999911785126,,0.7813405990600586,,,,,,,4491,,
,,,0.4355424642562866,,0.7628881931304932,,,,,,,4492,,
,,,0.4564515948295593,,0.8011235594749451,,,,,,,4493,,
,,,0.4899470806121826,,0.8043778538703918,,,,,,,4494,,
,,,0.47833332419395447,,0.7754294872283936,,,,,,,4495,,
,,,0.41563254594802856,,0.782974898815155,,,,,,,4496,,
,,,0.44745373725891113,,0.8168439865112305,,,,,,,4497,,
,,,0.3928980231285095,,0.7778999209403992,,,,,,,4498,,
,,,0.4684397280216217,,0.7307692766189575,,,,,,,4499,,
,,,0.4483487010002136,,0.8214962482452393,,,,,,,4500,,
,,,0.47757938504219055,,0.8458333015441895,,,,,,,4501,,
,,,0.49455782771110535,,0.8060932159423828,,,,,,,4502,,
,,,0.48938095569610596,,0.8391885161399841,,,,,,,4503,,
,,,0.46373260021209717,,0.8211027979850769,,,,,,,4504,,
,,,0.47946128249168396,,0.7957894802093506,,,,,,,4505,,
,,,0.4753401279449463,,0.8205263614654541,,,,,,,4506,,
,,,0.4591435492038727,,0.7611708641052246,,,,,,,4507,,
,,,0.41750842332839966,,0.7967908978462219,,,,,,,4508,,
,,,0.44716665148735046,,0.8026041984558105,,,,,,,4509,,
,,,0.41136473417282104,,0.7423654794692993,,,,,,,4510,,
,,,0.4370238184928894,,0.7232208847999573,,,,,,,4511,,
,,,0.5295917987823486,,0.789893627166748,,,,,,,4512,,
,,,0.46785712242126465,,0.8228174448013306,,,,,,,4513,,
,,,0.44696974754333496,,0.8270609378814697,,,,,,,4514,,
,,,0.40373265743255615,,0.7600802183151245,,,,,,,4515,,
,,,0.4857887029647827,,0.8027691841125488,,,,,,,4516,,
,,,0.5276141166687012,,0.8044832944869995,,,,,,,4517,,
,,,0.45766666531562805,,0.7820035219192505,,,,,,,4518,,
,,,0.2826087176799774,,0.8000000715255737,,,,,,,4519,,
112,0.366100013256073,0.48330000042915344,,0.7912999391555786,,,,,,,,22034,,
112,,,,,,0.32616353034973145,,0.4706381857395172,,3.215665102005005,,22034,2.0840048789978027,
113,,,,,,,0.33396726846694946,,0.48401695489883423,,3.333984375,22049,,2.3550376892089844
113,,,,,,,0.2996959388256073,,0.44303634762763977,,3.166015625,22099,,1.9888389110565186
113,,,,,,,0.33092689514160156,,0.47758856415748596,,3.263671875,22149,,2.059919595718384
113,,,,,,,0.3138757348060608,,0.45992511510849,,3.234375,22199,,1.8284595012664795
,,,0.4572643041610718,,0.7953703999519348,,,,,,,4520,,
,,,0.4240601658821106,,0.734083890914917,,,,,,,4521,,
,,,0.43795883655548096,,0.7548016309738159,,,,,,,4522,,
,,,0.405796080827713,,0.7637537717819214,,,,,,,4523,,
,,,0.43411898612976074,,0.8713947534561157,,,,,,,4524,,
,,,0.4440104365348816,,0.7999063730239868,,,,,,,4525,,
,,,0.45476192235946655,,0.7636591792106628,,,,,,,4526,,
,,,0.582302451133728,,0.8110526204109192,,,,,,,4527,,
,,,0.41192907094955444,,0.7444022297859192,,,,,,,4528,,
,,,0.4767181873321533,,0.807509183883667,,,,,,,4529,,
,,,0.48021596670150757,,0.7801418304443359,,,,,,,4530,,
,,,0.43316665291786194,,0.7527173757553101,,,,,,,4531,,
,,,0.4037555158138275,,0.765062153339386,,,,,,,4532,,
,,,0.47684213519096375,,0.806367039680481,,,,,,,4533,,
,,,0.43254759907722473,,0.8289298415184021,,,,,,,4534,,
,,,0.47333329916000366,,0.7707903385162354,,,,,,,4535,,
,,,0.41749271750450134,,0.7836917638778687,,,,,,,4536,,
,,,0.438265323638916,,0.7948580980300903,,,,,,,4537,,
,,,0.38751429319381714,,0.7517094612121582,,,,,,,4538,,
,,,0.4649122953414917,,0.7166666984558105,,,,,,,4539,,
,,,0.44437897205352783,,0.7861607074737549,,,,,,,4540,,
,,,0.5306423902511597,,0.8204786777496338,,,,,,,4541,,
,,,0.45252525806427,,0.7894265055656433,,,,,,,4542,,
,,,0.5060476064682007,,0.797278881072998,,,,,,,4543,,
,,,0.47921526432037354,,0.8137719631195068,,,,,,,4544,,
,,,0.44098639488220215,,0.7908772230148315,,,,,,,4545,,
,,,0.4952380657196045,,0.7903509140014648,,,,,,,4546,,
,,,0.4334455728530884,,0.7402628660202026,,,,,,,4547,,
,,,0.41151201725006104,,0.7698758244514465,,,,,,,4548,,
,,,0.4890572726726532,,0.7685763835906982,,,,,,,4549,,
,,,0.3983479142189026,,0.7209109663963318,,,,,,,4550,,
,,,0.4155122935771942,,0.7142596244812012,,,,,,,4551,,
,,,0.5038143992424011,,0.7833333611488342,,,,,,,4552,,
,,,0.4499285817146301,,0.813095211982727,,,,,,,4553,,
,,,0.4481666684150696,,0.7783154249191284,,,,,,,4554,,
,,,0.46277284622192383,,0.7541407346725464,,,,,,,4555,,
,,,0.44008344411849976,,0.803260862827301,,,,,,,4556,,
,,,0.4741040766239166,,0.799442708492279,,,,,,,4557,,
,,,0.4793770909309387,,0.7556737661361694,,,,,,,4558,,
,,,0.3095238208770752,,0.7333333492279053,,,,,,,4559,,
113,0.35509997606277466,0.47920000553131104,,0.7799000144004822,,,,,,,,22229,,
113,,,,,,0.3264239430427551,,0.47036439180374146,,3.2052183151245117,,22229,2.082411289215088,
114,,,,,,,0.3302173614501953,,0.48106488585472107,,3.34765625,22249,,2.2524449825286865
114,,,,,,,0.31671807169914246,,0.46335774660110474,,3.25,22299,,2.142409086227417
114,,,,,,,0.31691765785217285,,0.46293699741363525,,3.236328125,22349,,2.0073585510253906
114,,,,,,,0.32698875665664673,,0.46469205617904663,,3.080078125,22399,,2.1051318645477295
,,,0.5197103023529053,,0.8251851797103882,,,,,,,4560,,
,,,0.47487854957580566,,0.8192805051803589,,,,,,,4561,,
,,,0.4543974995613098,,0.764232873916626,,,,,,,4562,,
,,,0.4642135798931122,,0.8163373470306396,,,,,,,4563,,
,,,0.47049999237060547,,0.881205677986145,,,,,,,4564,,
,,,0.5213768482208252,,0.8378276824951172,,,,,,,4565,,
,,,0.5099523663520813,,0.7819298505783081,,,,,,,4566,,
,,,0.5571428537368774,,0.8415789604187012,,,,,,,4567,,
,,,0.4383624792098999,,0.7850050926208496,,,,,,,4568,,
,,,0.4538659453392029,,0.8304029703140259,,,,,,,4569,,
,,,0.5405257940292358,,0.7999999523162842,,,,,,,4570,,
,,,0.45257729291915894,,0.7951086759567261,,,,,,,4571,,
,,,0.46005016565322876,,0.8041149377822876,,,,,,,4572,,
,,,0.4489898979663849,,0.8284644484519958,,,,,,,4573,,
,,,0.48439154028892517,,0.853379487991333,,,,,,,4574,,
,,,0.5160000324249268,,0.8214776515960693,,,,,,,4575,,
,,,0.477283775806427,,0.7933691740036011,,,,,,,4576,,
,,,0.4800925850868225,,0.8179078102111816,,,,,,,4577,,
,,,0.4016439914703369,,0.7874237298965454,,,,,,,4578,,
,,,0.4553571343421936,,0.7626374363899231,,,,,,,4579,,
,,,0.4604565501213074,,0.8192235231399536,,,,,,,4580,,
,,,0.504676878452301,,0.8369680643081665,,,,,,,4581,,
,,,0.5280612111091614,,0.8216845989227295,,,,,,,4582,,
,,,0.5138528347015381,,0.8370748162269592,,,,,,,4583,,
,,,0.5373420715332031,,0.8211905360221863,,,,,,,4584,,
,,,0.5090136528015137,,0.8387719392776489,,,,,,,4585,,
,,,0.49863943457603455,,0.8229824900627136,,,,,,,4586,,
,,,0.4663802981376648,,0.8021504878997803,,,,,,,4587,,
,,,0.44465500116348267,,0.8168219923973083,,,,,,,4588,,
,,,0.5042955875396729,,0.7975694537162781,,,,,,,4589,,
,,,0.4213070869445801,,0.7633022665977478,,,,,,,4590,,
,,,0.4539886713027954,,0.7912611961364746,,,,,,,4591,,
,,,0.5543731451034546,,0.799544095993042,,,,,,,4592,,
,,,0.5086580514907837,,0.84375,,,,,,,4593,,
,,,0.5035713911056519,,0.820788562297821,,,,,,,4594,,
,,,0.4731026887893677,,0.8026785850524902,,,,,,,4595,,
,,,0.49551093578338623,,0.7901915311813354,,,,,,,4596,,
,,,0.5867167711257935,,0.8402228951454163,,,,,,,4597,,
,,,0.4907407760620117,,0.7876772880554199,,,,,,,4598,,
,,,0.25,,0.8666667342185974,,,,,,,4599,,
114,0.37779998779296875,0.5108000040054321,,0.8137000203132629,,,,,,,,22424,,
114,,,,,,0.3265564441680908,,0.4713670015335083,,3.222736358642578,,22424,2.080989360809326,
115,,,,,,,0.31204670667648315,,0.4617275595664978,,3.306640625,22449,,1.9998152256011963
115,,,,,,,0.33314019441604614,,0.48164430260658264,,3.302734375,22499,,2.1177334785461426
115,,,,,,,0.3292607367038727,,0.4689256250858307,,3.123046875,22549,,2.0841708183288574
115,,,,,,,0.34279388189315796,,0.48544421792030334,,3.1953125,22599,,2.124490737915039
,,,0.4695092439651489,,0.7887037396430969,,,,,,,4600,,
,,,0.4513393044471741,,0.7894409894943237,,,,,,,4601,,
,,,0.44262635707855225,,0.7713756561279297,,,,,,,4602,,
,,,0.49227404594421387,,0.7989615201950073,,,,,,,4603,,
,,,0.5138322114944458,,0.8630614280700684,,,,,,,4604,,
,,,0.48794323205947876,,0.8221909999847412,,,,,,,4605,,
,,,0.4559285640716553,,0.7846366167068481,,,,,,,4606,,
,,,0.5698979496955872,,0.8298245668411255,,,,,,,4607,,
,,,0.4464528560638428,,0.7870314121246338,,,,,,,4608,,
,,,0.4700520932674408,,0.8202381134033203,,,,,,,4609,,
,,,0.46673956513404846,,0.7884751558303833,,,,,,,4610,,
,,,0.4613945782184601,,0.7764493227005005,,,,,,,4611,,
,,,0.45634108781814575,,0.7831780910491943,,,,,,,4612,,
,,,0.4732639193534851,,0.8123595714569092,,,,,,,4613,,
,,,0.4993683397769928,,0.813671350479126,,,,,,,4614,,
,,,0.4808333218097687,,0.7965635657310486,,,,,,,4615,,
,,,0.4326460361480713,,0.8193548321723938,,,,,,,4616,,
,,,0.47628864645957947,,0.8271276354789734,,,,,,,4617,,
,,,0.3833906054496765,,0.7683761119842529,,,,,,,4618,,
,,,0.4446180462837219,,0.7752747535705566,,,,,,,4619,,
,,,0.4289201498031616,,0.806912899017334,,,,,,,4620,,
,,,0.5295068025588989,,0.8254432678222656,,,,,,,4621,,
,,,0.487113356590271,,0.8172042965888977,,,,,,,4622,,
,,,0.48321306705474854,,0.8318027257919312,,,,,,,4623,,
,,,0.5138561725616455,,0.8551504611968994,,,,,,,4624,,
,,,0.48163264989852905,,0.8001754879951477,,,,,,,4625,,
,,,0.5244897603988647,,0.8229824900627136,,,,,,,4626,,
,,,0.456509530544281,,0.779629647731781,,,,,,,4627,,
,,,0.42940598726272583,,0.8247929811477661,,,,,,,4628,,
,,,0.4879724681377411,,0.8201388716697693,,,,,,,4629,,
,,,0.40104469656944275,,0.7457298040390015,,,,,,,4630,,
,,,0.4536450505256653,,0.7677525281906128,,,,,,,4631,,
,,,0.5525012016296387,,0.8232269287109375,,,,,,,4632,,
,,,0.5078809261322021,,0.8312500715255737,,,,,,,4633,,
,,,0.4698653221130371,,0.8182796239852905,,,,,,,4634,,
,,,0.46590572595596313,,0.7884446382522583,,,,,,,4635,,
,,,0.4621031880378723,,0.7992753982543945,,,,,,,4636,,
,,,0.5362051725387573,,0.8199341297149658,,,,,,,4637,,
,,,0.44233331084251404,,0.797606348991394,,,,,,,4638,,
,,,0.30434781312942505,,0.8666667342185974,,,,,,,4639,,
115,0.3675000071525574,0.49699997901916504,,0.8040000200271606,,,,,,,,22619,,
115,,,,,,0.32507050037384033,,0.4689500331878662,,3.202674388885498,,22619,2.0709645748138428,
116,,,,,,,0.28943097591400146,,0.43291839957237244,,3.158203125,22649,,2.0722789764404297
116,,,,,,,0.33812978863716125,,0.48125746846199036,,3.201171875,22699,,2.1534502506256104
116,,,,,,,0.3034980297088623,,0.44982215762138367,,3.23046875,22749,,2.0640549659729004
116,,,,,,,0.35667288303375244,,0.49716442823410034,,3.166015625,22799,,1.9814419746398926
,,,0.49867451190948486,,0.8007407784461975,,,,,,,4640,,
,,,0.48614951968193054,,0.7680900692939758,,,,,,,4641,,
,,,0.44866225123405457,,0.7591534852981567,,,,,,,4642,,
,,,0.43799805641174316,,0.8013677597045898,,,,,,,4643,,
,,,0.45970818400382996,,0.8521867394447327,,,,,,,4644,,
,,,0.43548110127449036,,0.7964419722557068,,,,,,,4645,,
,,,0.48773449659347534,,0.7464661598205566,,,,,,,4646,,
,,,0.5653061270713806,,0.8356140851974487,,,,,,,4647,,
,,,0.42084550857543945,,0.777026355266571,,,,,,,4648,,
,,,0.4522336721420288,,0.8217949271202087,,,,,,,4649,,
,,,0.47028666734695435,,0.7842957973480225,,,,,,,4650,,
,,,0.4465986490249634,,0.7985507249832153,,,,,,,4651,,
,,,0.4742758870124817,,0.8035714030265808,,,,,,,4652,,
,,,0.4448581337928772,,0.7792134881019592,,,,,,,4653,,
,,,0.5035471320152283,,0.8303635120391846,,,,,,,4654,,
,,,0.48633334040641785,,0.7888315916061401,,,,,,,4655,,
,,,0.4757094979286194,,0.7702509164810181,,,,,,,4656,,
,,,0.42534011602401733,,0.8514183759689331,,,,,,,4657,,
,,,0.39820602536201477,,0.7513431906700134,,,,,,,4658,,
,,,0.4514334201812744,,0.7100732922554016,,,,,,,4659,,
,,,0.46444204449653625,,0.8176001310348511,,,,,,,4660,,
,,,0.5080660581588745,,0.8100177049636841,,,,,,,4661,,
,,,0.49846941232681274,,0.7636200785636902,,,,,,,4662,,
,,,0.5122174024581909,,0.8198978900909424,,,,,,,4663,,
,,,0.4976671636104584,,0.8464661836624146,,,,,,,4664,,
,,,0.44676870107650757,,0.8050877451896667,,,,,,,4665,,
,,,0.5298969149589539,,0.8273684978485107,,,,,,,4666,,
,,,0.4325963854789734,,0.7875149250030518,,,,,,,4667,,
,,,0.4416298270225525,,0.8284161686897278,,,,,,,4668,,
,,,0.5017361640930176,,0.779513955116272,,,,,,,4669,,
,,,0.4048340320587158,,0.7301242351531982,,,,,,,4670,,
,,,0.4336856007575989,,0.7647174596786499,,,,,,,4671,,
,,,0.5461805462837219,,0.8014184236526489,,,,,,,4672,,
,,,0.4544285833835602,,0.8264385461807251,,,,,,,4673,,
,,,0.4493265748023987,,0.8046594858169556,,,,,,,4674,,
,,,0.4304954409599304,,0.7501423358917236,,,,,,,4675,,
,,,0.4165194034576416,,0.8318840861320496,,,,,,,4676,,
,,,0.5118065476417542,,0.8137031197547913,,,,,,,4677,,
,,,0.4455000162124634,,0.7849290370941162,,,,,,,4678,,
,,,0.22727273404598236,,0.8666666746139526,,,,,,,4679,,
116,0.35510000586509705,0.4904000163078308,,0.7942000031471252,,,,,,,,22814,,
116,,,,,,0.32268282771110535,,0.4662904441356659,,3.1948418617248535,,22814,2.0744056701660156,
117,,,,,,,0.3488628566265106,,0.4927966594696045,,3.228515625,22849,,2.141606330871582
117,,,,,,,0.3474796414375305,,0.48940742015838623,,3.185546875,22899,,2.118056297302246
117,,,,,,,0.34078046679496765,,0.48023557662963867,,3.130859375,22949,,2.0528526306152344
117,,,,,,,0.3244001269340515,,0.4611342251300812,,3.05859375,22999,,2.2046918869018555
,,,0.4817378520965576,,0.7989683151245117,,,,,,,4680,,
,,,0.4938492178916931,,0.7817546725273132,,,,,,,4681,,
,,,0.4625188112258911,,0.7893386483192444,,,,,,,4682,,
,,,0.449562668800354,,0.7823708057403564,,,,,,,4683,,
,,,0.5024943351745605,,0.8999999761581421,,,,,,,4684,,
,,,0.499824583530426,,0.8230336904525757,,,,,,,4685,,
,,,0.493434339761734,,0.7854135632514954,,,,,,,4686,,
,,,0.5279461741447449,,0.8561403751373291,,,,,,,4687,,
,,,0.4241010844707489,,0.7850050330162048,,,,,,,4688,,
,,,0.531336784362793,,0.8296703696250916,,,,,,,4689,,
,,,0.5364335179328918,,0.799721360206604,,,,,,,4690,,
,,,0.47104376554489136,,0.7994565367698669,,,,,,,4691,,
,,,0.4549582600593567,,0.791796088218689,,,,,,,4692,,
,,,0.44123709201812744,,0.7992509007453918,,,,,,,4693,,
,,,0.5292587280273438,,0.8343062400817871,,,,,,,4694,,
,,,0.5174999833106995,,0.7805841565132141,,,,,,,4695,,
,,,0.43858110904693604,,0.8247312307357788,,,,,,,4696,,
,,,0.49774307012557983,,0.8265957832336426,,,,,,,4697,,
,,,0.3972777724266052,,0.8067765831947327,,,,,,,4698,,
,,,0.4857388138771057,,0.723626434803009,,,,,,,4699,,
,,,0.4693634510040283,,0.8209280371665955,,,,,,,4700,,
,,,0.5132154822349548,,0.8156028389930725,,,,,,,4701,,
,,,0.5137457251548767,,0.8293907046318054,,,,,,,4702,,
,,,0.4953102469444275,,0.8442176580429077,,,,,,,4703,,
,,,0.5246233940124512,,0.8528071045875549,,,,,,,4704,,
,,,0.47176873683929443,,0.8194737434387207,,,,,,,4705,,
,,,0.5134020447731018,,0.8375438451766968,,,,,,,4706,,
,,,0.43024688959121704,,0.808721661567688,,,,,,,4707,,
,,,0.438912957906723,,0.8245083093643188,,,,,,,4708,,
,,,0.46734005212783813,,0.7940972447395325,,,,,,,4709,,
,,,0.4152717590332031,,0.7689958810806274,,,,,,,4710,,
,,,0.4408978223800659,,0.7947672009468079,,,,,,,4711,,
,,,0.5264334678649902,,0.8170212507247925,,,,,,,4712,,
,,,0.48005345463752747,,0.8446925282478333,,,,,,,4713,,
,,,0.514285683631897,,0.8170250654220581,,,,,,,4714,,
,,,0.45472586154937744,,0.7993141412734985,,,,,,,4715,,
,,,0.46258145570755005,,0.8059782981872559,,,,,,,4716,,
,,,0.5264113545417786,,0.8393363356590271,,,,,,,4717,,
,,,0.463131308555603,,0.824999988079071,,,,,,,4718,,
,,,0.30434781312942505,,0.8666667342185974,,,,,,,4719,,
117,0.36899998784065247,0.5033000111579895,,0.8116999864578247,,,,,,,,23009,,
117,,,,,,0.32244211435317993,,0.4661145806312561,,3.1958534717559814,,23009,2.077077865600586,
118,,,,,,,0.30980896949768066,,0.4605782926082611,,3.32421875,23049,,2.0631465911865234
118,,,,,,,0.3188825845718384,,0.46138572692871094,,3.169921875,23099,,2.118596076965332
118,,,,,,,0.3227105140686035,,0.4716140329837799,,3.30078125,23149,,1.9911322593688965
118,,,,,,,0.34399861097335815,,0.493912935256958,,3.341796875,23199,,2.139096975326538
,,,0.4922371208667755,,0.8431482315063477,,,,,,,4720,,
,,,0.4667157530784607,,0.7774068117141724,,,,,,,4721,,
,,,0.4389820098876953,,0.77312171459198,,,,,,,4722,,
,,,0.4480563700199127,,0.8132472038269043,,,,,,,4723,,
,,,0.4833333492279053,,0.8798463344573975,,,,,,,4724,,
,,,0.46927085518836975,,0.8170412182807922,,,,,,,4725,,
,,,0.4760221242904663,,0.770751953125,,,,,,,4726,,
,,,0.560606062412262,,0.8233333230018616,,,,,,,4727,,
,,,0.4262866973876953,,0.8004305958747864,,,,,,,4728,,
,,,0.509042501449585,,0.8639194369316101,,,,,,,4729,,
,,,0.5084077715873718,,0.8295085430145264,,,,,,,4730,,
,,,0.4437710642814636,,0.741847813129425,,,,,,,4731,,
,,,0.43024781346321106,,0.8204192519187927,,,,,,,4732,,
,,,0.4237113296985626,,0.79007488489151,,,,,,,4733,,
,,,0.5156948566436768,,0.8488991260528564,,,,,,,4734,,
,,,0.5031986236572266,,0.8046391606330872,,,,,,,4735,,
,,,0.446571409702301,,0.8032257556915283,,,,,,,4736,,
,,,0.5033918619155884,,0.8464539051055908,,,,,,,4737,,
,,,0.3973064124584198,,0.7775336503982544,,,,,,,4738,,
,,,0.4343537390232086,,0.7661172747612,,,,,,,4739,,
,,,0.45494598150253296,,0.8474432229995728,,,,,,,4740,,
,,,0.5392976999282837,,0.8063830137252808,,,,,,,4741,,
,,,0.5301346778869629,,0.8184587955474854,,,,,,,4742,,
,,,0.5010582208633423,,0.826020359992981,,,,,,,4743,,
,,,0.47097164392471313,,0.8514786958694458,,,,,,,4744,,
,,,0.5001700520515442,,0.8115789890289307,,,,,,,4745,,
,,,0.5549319386482239,,0.8124561905860901,,,,,,,4746,,
,,,0.4222795069217682,,0.7845280766487122,,,,,,,4747,,
,,,0.3931486904621124,,0.8199793100357056,,,,,,,4748,,
,,,0.4870370328426361,,0.8227430582046509,,,,,,,4749,,
,,,0.42461952567100525,,0.7482660412788391,,,,,,,4750,,
,,,0.47627466917037964,,0.7825745940208435,,,,,,,4751,,
,,,0.5382876396179199,,0.8170212507247925,,,,,,,4752,,
,,,0.4878571629524231,,0.8525794148445129,,,,,,,4753,,
,,,0.4792516827583313,,0.8401433825492859,,,,,,,4754,,
,,,0.467881441116333,,0.7669901847839355,,,,,,,4755,,
,,,0.5059400796890259,,0.7894668579101562,,,,,,,4756,,
,,,0.5507288575172424,,0.8344731330871582,,,,,,,4757,,
,,,0.4592592418193817,,0.8022162914276123,,,,,,,4758,,
,,,0.19999998807907104,,0.8666667342185974,,,,,,,4759,,
118,0.37400001287460327,0.503000020980835,,0.8080999851226807,,,,,,,,23204,,
118,,,,,,0.32446610927581787,,0.4685893654823303,,3.2068309783935547,,23204,2.062959671020508,
119,,,,,,,0.32354384660720825,,0.46556976437568665,,3.1640625,23249,,2.088031530380249
119,,,,,,,0.3181753158569336,,0.45815032720565796,,3.1171875,23299,,2.0800700187683105
119,,,,,,,0.34055233001708984,,0.48795342445373535,,3.2890625,23349,,2.0117719173431396
119,,,,,,,0.316947340965271,,0.455274760723114,,3.083984375,23399,,2.094045639038086
,,,0.48964160680770874,,0.8158200979232788,,,,,,,4760,,
,,,0.46774667501449585,,0.8131211400032043,,,,,,,4761,,
,,,0.4602926969528198,,0.7624868154525757,,,,,,,4762,,
,,,0.47794613242149353,,0.7831053733825684,,,,,,,4763,,
,,,0.5034580230712891,,0.869208037853241,,,,,,,4764,,
,,,0.4858247637748718,,0.8298689126968384,,,,,,,4765,,
,,,0.5148388743400574,,0.7500752210617065,,,,,,,4766,,
,,,0.5767006874084473,,0.8377193212509155,,,,,,,4767,,
,,,0.44288164377212524,,0.8108915686607361,,,,,,,4768,,
,,,0.4690972566604614,,0.8373627066612244,,,,,,,4769,,
,,,0.5394207239151001,,0.8221631050109863,,,,,,,4770,,
,,,0.45391157269477844,,0.8021739721298218,,,,,,,4771,,
,,,0.47192463278770447,,0.8216874003410339,,,,,,,4772,,
,,,0.4578947424888611,,0.796441912651062,,,,,,,4773,,
,,,0.5115855932235718,,0.8036609888076782,,,,,,,4774,,
,,,0.5227272510528564,,0.8154639005661011,,,,,,,4775,,
,,,0.4378497898578644,,0.7935483455657959,,,,,,,4776,,
,,,0.4940393567085266,,0.8370566964149475,,,,,,,4777,,
,,,0.4139169752597809,,0.7826617956161499,,,,,,,4778,,
,,,0.4306015372276306,,0.7941392660140991,,,,,,,4779,,
,,,0.45482391119003296,,0.8335092067718506,,,,,,,4780,,
,,,0.5313131809234619,,0.7993794083595276,,,,,,,4781,,
,,,0.4918367564678192,,0.8039426207542419,,,,,,,4782,,
,,,0.5273448824882507,,0.8023809194564819,,,,,,,4783,,
,,,0.5053510069847107,,0.8427695035934448,,,,,,,4784,,
,,,0.47558921575546265,,0.8094737529754639,,,,,,,4785,,
,,,0.5335034132003784,,0.8268421292304993,,,,,,,4786,,
,,,0.46460479497909546,,0.7797490954399109,,,,,,,4787,,
,,,0.445626825094223,,0.8182712197303772,,,,,,,4788,,
,,,0.47183331847190857,,0.800694465637207,,,,,,,4789,,
,,,0.42859622836112976,,0.7442805767059326,,,,,,,4790,,
,,,0.4363756775856018,,0.7618917226791382,,,,,,,4791,,
,,,0.5254858732223511,,0.8289007544517517,,,,,,,4792,,
,,,0.4860510230064392,,0.8420138955116272,,,,,,,4793,,
,,,0.47474223375320435,,0.8186379671096802,,,,,,,4794,,
,,,0.4571428894996643,,0.7860119342803955,,,,,,,4795,,
,,,0.47451406717300415,,0.8126553297042847,,,,,,,4796,,
,,,0.5552036762237549,,0.830825686454773,,,,,,,4797,,
,,,0.48908334970474243,,0.7919325828552246,,,,,,,4798,,
,,,0.3181818127632141,,0.8666667342185974,,,,,,,4799,,
119,0.36629998683929443,0.5042999982833862,,0.8062000274658203,,,,,,,,23399,,
119,,,,,,0.3230677545070648,,0.46659621596336365,,3.1935696601867676,,23399,2.0644290447235107,
120,,,,,,,0.32196491956710815,,0.46724361181259155,,3.2265625,23449,,2.071917772293091
120,,,,,,,0.351969838142395,,0.49440550804138184,,3.201171875,23499,,2.07641863822937
120,,,,,,,0.3182224929332733,,0.45636409521102905,,3.080078125,23549,,2.0495433807373047
,,,0.5195091962814331,,0.828597903251648,,,,,,,4800,,
,,,0.4534837305545807,,0.8189958333969116,,,,,,,4801,,
,,,0.4676607847213745,,0.7729498147964478,,,,,,,4802,,
,,,0.48755520582199097,,0.8008358478546143,,,,,,,4803,,
,,,0.5081369280815125,,0.8854609727859497,,,,,,,4804,,
,,,0.4346354305744171,,0.8281835317611694,,,,,,,4805,,
,,,0.5030126571655273,,0.7760401368141174,,,,,,,4806,,
,,,0.5437710285186768,,0.84333336353302,,,,,,,4807,,
,,,0.43464529514312744,,0.7773809432983398,,,,,,,4808,,
,,,0.4804982542991638,,0.8232601284980774,,,,,,,4809,,
,,,0.5327197313308716,,0.8041539788246155,,,,,,,4810,,
,,,0.41904759407043457,,0.7673913240432739,,,,,,,4811,,
,,,0.45178574323654175,,0.8051242828369141,,,,,,,4812,,
,,,0.4680555462837219,,0.7955056428909302,,,,,,,4813,,
,,,0.5622483491897583,,0.838146448135376,,,,,,,4814,,
,,,0.5324999690055847,,0.7994844913482666,,,,,,,4815,,
,,,0.4961708188056946,,0.8220430016517639,,,,,,,4816,,
,,,0.5063000917434692,,0.8283687829971313,,,,,,,4817,,
,,,0.4265305995941162,,0.7817460894584656,,,,,,,4818,,
,,,0.46406251192092896,,0.763736367225647,,,,,,,4819,,
,,,0.4588865041732788,,0.8278273344039917,,,,,,,4820,,
,,,0.5362123250961304,,0.8465425372123718,,,,,,,4821,,
,,,0.5233676433563232,,0.8170251250267029,,,,,,,4822,,
,,,0.535834550857544,,0.8205782175064087,,,,,,,4823,,
,,,0.528706431388855,,0.8160526752471924,,,,,,,4824,,
,,,0.4872449040412903,,0.8229824900627136,,,,,,,4825,,
,,,0.5030612349510193,,0.8221052885055542,,,,,,,4826,,
,,,0.42097505927085876,,0.7689366936683655,,,,,,,4827,,
,,,0.47770339250564575,,0.810921311378479,,,,,,,4828,,
,,,0.5121212005615234,,0.8371528387069702,,,,,,,4829,,
,,,0.44513988494873047,,0.7609472274780273,,,,,,,4830,,
,,,0.45978838205337524,,0.7833857536315918,,,,,,,4831,,
,,,0.5280559062957764,,0.8129432201385498,,,,,,,4832,,
,,,0.5052669644355774,,0.8280258178710938,,,,,,,4833,,
,,,0.4471380412578583,,0.8534049987792969,,,,,,,4834,,
,,,0.45192211866378784,,0.7876423597335815,,,,,,,4835,,
,,,0.4786967635154724,,0.8073239922523499,,,,,,,4836,,
,,,0.5346115231513977,,0.8415653705596924,,,,,,,4837,,
,,,0.4871598482131958,,0.786524772644043,,,,,,,4838,,
,,,0.25,,0.8000000715255737,,,,,,,4839,,
120,0.3765000104904175,0.5083000063896179,,0.8102999925613403,,,,,,,,23594,,
120,,,,,,0.32343751192092896,,0.46605780720710754,,3.1758813858032227,,23594,2.0576188564300537,
121,,,,,,,0.3231198787689209,,0.47236916422843933,,3.30859375,23599,,2.010950803756714
121,,,,,,,0.3241424858570099,,0.46601641178131104,,3.162109375,23649,,2.009477138519287
121,,,,,,,0.3133542835712433,,0.4596738815307617,,3.240234375,23699,,2.0244193077087402
121,,,,,,,0.31087109446525574,,0.4582914113998413,,3.259765625,23749,,2.0699996948242188
,,,0.5161266326904297,,0.8229629993438721,,,,,,,4840,,
,,,0.45749008655548096,,0.7947981357574463,,,,,,,4841,,
,,,0.46922123432159424,,0.7858201265335083,,,,,,,4842,,
,,,0.49398624897003174,,0.8087132573127747,,,,,,,4843,,
,,,0.49208754301071167,,0.8634160757064819,,,,,,,4844,,
,,,0.46606528759002686,,0.820973813533783,,,,,,,4845,,
,,,0.4815840423107147,,0.7663910388946533,,,,,,,4846,,
,,,0.5400343537330627,,0.8382456302642822,,,,,,,4847,,
,,,0.3984937071800232,,0.7814589738845825,,,,,,,4848,,
,,,0.46779516339302063,,0.8091575503349304,,,,,,,4849,,
,,,0.49491897225379944,,0.7984802722930908,,,,,,,4850,,
,,,0.4401666522026062,,0.7615941762924194,,,,,,,4851,,
,,,0.4583210349082947,,0.7855331301689148,,,,,,,4852,,
,,,0.46824562549591064,,0.7719101309776306,,,,,,,4853,,
,,,0.5183430314064026,,0.826779305934906,,,,,,,4854,,
,,,0.4906666576862335,,0.8089346885681152,,,,,,,4855,,
,,,0.46595484018325806,,0.8068100214004517,,,,,,,4856,,
,,,0.4583911895751953,,0.834456205368042,,,,,,,4857,,
,,,0.40802469849586487,,0.7623321413993835,,,,,,,4858,,
,,,0.42206674814224243,,0.7646521329879761,,,,,,,4859,,
,,,0.43681883811950684,,0.8128652572631836,,,,,,,4860,,
,,,0.5315476059913635,,0.8390957117080688,,,,,,,4861,,
,,,0.4915807545185089,,0.8034050464630127,,,,,,,4862,,
,,,0.5169095993041992,,0.8430272340774536,,,,,,,4863,,
,,,0.5028718709945679,,0.836391031742096,,,,,,,4864,,
,,,0.49642857909202576,,0.7870175838470459,,,,,,,4865,,
,,,0.506462574005127,,0.8150877952575684,,,,,,,4866,,
,,,0.43304991722106934,,0.7655913829803467,,,,,,,4867,,
,,,0.4194403290748596,,0.8085662722587585,,,,,,,4868,,
,,,0.48619529604911804,,0.8019097447395325,,,,,,,4869,,
,,,0.4081001281738281,,0.7504140734672546,,,,,,,4870,,
,,,0.4349004030227661,,0.7464155554771423,,,,,,,4871,,
,,,0.5102527141571045,,0.7931610941886902,,,,,,,4872,,
,,,0.44828569889068604,,0.8405010104179382,,,,,,,4873,,
,,,0.4659932851791382,,0.8198924660682678,,,,,,,4874,,
,,,0.493561714887619,,0.7643633484840393,,,,,,,4875,,
,,,0.45131194591522217,,0.7956262826919556,,,,,,,4876,,
,,,0.5268222093582153,,0.8169959187507629,,,,,,,4877,,
,,,0.47741663455963135,,0.7911347150802612,,,,,,,4878,,
,,,0.30434781312942505,,0.8666666746139526,,,,,,,4879,,
121,0.3772999942302704,0.5017000436782837,,0.8008000254631042,,,,,,,,23789,,
121,,,,,,0.32374030351638794,,0.4669245779514313,,3.187429904937744,,23789,2.056443214416504,
122,,,,,,,0.3397336006164551,,0.4825369417667389,,3.1953125,23799,,2.1378979682922363
122,,,,,,,0.30963045358657837,,0.45613622665405273,,3.240234375,23849,,2.0676040649414062
122,,,,,,,0.29053813219070435,,0.44141650199890137,,3.30859375,23899,,1.9285075664520264
122,,,,,,,0.2831297516822815,,0.4391392767429352,,3.404296875,23949,,1.9079129695892334
,,,0.49389129877090454,,0.8381482362747192,,,,,,,4880,,
,,,0.48675277829170227,,0.8317805528640747,,,,,,,4881,,
,,,0.43926092982292175,,0.7700793743133545,,,,,,,4882,,
,,,0.45598846673965454,,0.8350557088851929,,,,,,,4883,,
,,,0.5198652744293213,,0.8569740056991577,,,,,,,4884,,
,,,0.5125868320465088,,0.8306180238723755,,,,,,,4885,,
,,,0.5321067571640015,,0.7780702114105225,,,,,,,4886,,
,,,0.5965635776519775,,0.8484210968017578,,,,,,,4887,,
,,,0.4102934002876282,,0.7915652990341187,,,,,,,4888,,
,,,0.47881945967674255,,0.8274725675582886,,,,,,,4889,,
,,,0.5051091909408569,,0.8011398315429688,,,,,,,4890,,
,,,0.44037801027297974,,0.7740942239761353,,,,,,,4891,,
,,,0.49692460894584656,,0.8043219447135925,,,,,,,4892,,
,,,0.4171717166900635,,0.7911984920501709,,,,,,,4893,,
,,,0.5022607445716858,,0.8249871730804443,,,,,,,4894,,
,,,0.515666663646698,,0.8054982423782349,,,,,,,4895,,
,,,0.43508899211883545,,0.7643369436264038,,,,,,,4896,,
,,,0.4667245149612427,,0.8544326424598694,,,,,,,4897,,
,,,0.4264031946659088,,0.7881563901901245,,,,,,,4898,,
,,,0.4592565894126892,,0.7661173343658447,,,,,,,4899,,
,,,0.4736030101776123,,0.8015016317367554,,,,,,,4900,,
,,,0.5100048184394836,,0.8289893269538879,,,,,,,4901,,
,,,0.5047619342803955,,0.8333333134651184,,,,,,,4902,,
,,,0.5490620732307434,,0.8326530456542969,,,,,,,4903,,
,,,0.5180515050888062,,0.8365664482116699,,,,,,,4904,,
,,,0.4729592204093933,,0.8112280964851379,,,,,,,4905,,
,,,0.5252577066421509,,0.8491228818893433,,,,,,,4906,,
,,,0.46292516589164734,,0.7713261842727661,,,,,,,4907,,
,,,0.44891995191574097,,0.8259575963020325,,,,,,,4908,,
,,,0.4651360511779785,,0.827256977558136,,,,,,,4909,,
,,,0.4423907697200775,,0.7463509440422058,,,,,,,4910,,
,,,0.44312170147895813,,0.7932889461517334,,,,,,,4911,,
,,,0.5504908561706543,,0.8166666626930237,,,,,,,4912,,
,,,0.47647911310195923,,0.8255952596664429,,,,,,,4913,,
,,,0.5119528770446777,,0.7982078790664673,,,,,,,4914,,
,,,0.45609667897224426,,0.7734212875366211,,,,,,,4915,,
,,,0.47623956203460693,,0.8146739602088928,,,,,,,4916,,
,,,0.5340621471405029,,0.8380192518234253,,,,,,,4917,,
,,,0.486868679523468,,0.8322694897651672,,,,,,,4918,,
,,,0.260869562625885,,0.9333333969116211,,,,,,,4919,,
122,0.3773000240325928,0.5067999958992004,,0.8099000453948975,,,,,,,,23984,,
122,,,,,,0.32101625204086304,,0.4634566903114319,,3.16970157623291,,23984,2.047361135482788,
123,,,,,,,0.3420599699020386,,0.4873104691505432,,3.248046875,23999,,2.0918755531311035
123,,,,,,,0.3805723786354065,,0.5225545167922974,,3.220703125,24049,,2.134307384490967
123,,,,,,,0.3257480561733246,,0.4708375930786133,,3.2265625,24099,,2.1993393898010254
123,,,,,,,0.3668476343154907,,0.5093939304351807,,3.21875,24149,,2.268040657043457
,,,0.49833083152770996,,0.7983334064483643,,,,,,,4920,,
,,,0.4295635223388672,,0.7682453393936157,,,,,,,4921,,
,,,0.46696746349334717,,0.7594312429428101,,,,,,,4922,,
,,,0.430584192276001,,0.762867271900177,,,,,,,4923,,
,,,0.4654321074485779,,0.8658392429351807,,,,,,,4924,,
,,,0.45992904901504517,,0.7821161150932312,,,,,,,4925,,
,,,0.4475237727165222,,0.7721804976463318,,,,,,,4926,,
,,,0.526262640953064,,0.8122807145118713,,,,,,,4927,,
,,,0.4027000367641449,,0.7688703536987305,,,,,,,4928,,
,,,0.4618556499481201,,0.7900183796882629,,,,,,,4929,,
,,,0.5286954641342163,,0.7866008281707764,,,,,,,4930,,
,,,0.44710883498191833,,0.7284420132637024,,,,,,,4931,,
,,,0.46137845516204834,,0.7445911169052124,,,,,,,4932,,
,,,0.43194442987442017,,0.770412027835846,,,,,,,4933,,
,,,0.5068783164024353,,0.8020480871200562,,,,,,,4934,,
,,,0.5053333044052124,,0.7561855316162109,,,,,,,4935,,
,,,0.4273313581943512,,0.794623613357544,,,,,,,4936,,
,,,0.47325316071510315,,0.8056737184524536,,,,,,,4937,,
,,,0.37471655011177063,,0.7619658708572388,,,,,,,4938,,
,,,0.41989976167678833,,0.725824236869812,,,,,,,4939,,
,,,0.45890381932258606,,0.8164637088775635,,,,,,,4940,,
,,,0.5266245007514954,,0.8150709867477417,,,,,,,4941,,
,,,0.4554421901702881,,0.7935484051704407,,,,,,,4942,,
,,,0.4933621883392334,,0.7998299598693848,,,,,,,4943,,
,,,0.4727172255516052,,0.822894811630249,,,,,,,4944,,
,,,0.4919244050979614,,0.793508768081665,,,,,,,4945,,
,,,0.5018900632858276,,0.7945614457130432,,,,,,,4946,,
,,,0.4171717166900635,,0.7590203285217285,,,,,,,4947,,
,,,0.4517250061035156,,0.7903468012809753,,,,,,,4948,,
,,,0.44511786103248596,,0.8098958730697632,,,,,,,4949,,
,,,0.3905004858970642,,0.7387422323226929,,,,,,,4950,,
,,,0.4065777063369751,,0.7722396850585938,,,,,,,4951,,
,,,0.5055879354476929,,0.7941489219665527,,,,,,,4952,,
,,,0.45861899852752686,,0.7846230268478394,,,,,,,4953,,
,,,0.41391751170158386,,0.8188171982765198,,,,,,,4954,,
,,,0.4038386940956116,,0.7527691125869751,,,,,,,4955,,
,,,0.4730406701564789,,0.7700052261352539,,,,,,,4956,,
,,,0.49273568391799927,,0.8165653347969055,,,,,,,4957,,
,,,0.46203702688217163,,0.7718971967697144,,,,,,,4958,,
,,,0.34090909361839294,,0.8000000715255737,,,,,,,4959,,
123,0.3669999837875366,0.48000001907348633,,0.7841000556945801,,,,,,,,24179,,
123,,,,,,0.3234929144382477,,0.46680474281311035,,3.189793586730957,,24179,2.0502467155456543,
124,,,,,,,0.34139949083328247,,0.48643890023231506,,3.2421875,24199,,2.1164956092834473
124,,,,,,,0.3130881190299988,,0.4484346807003021,,3.01953125,24249,,2.052457571029663
124,,,,,,,0.3298036456108093,,0.46919724345207214,,3.1171875,24299,,2.0746660232543945
124,,,,,,,0.3296365737915039,,0.4643998444080353,,3.025390625,24349,,1.960092306137085
,,,0.5150711536407471,,0.828597903251648,,,,,,,4960,,
,,,0.4583090543746948,,0.8017857074737549,,,,,,,4961,,
,,,0.48154139518737793,,0.7876719832420349,,,,,,,4962,,
,,,0.45151516795158386,,0.8199847936630249,,,,,,,4963,,
,,,0.4654881954193115,,0.8846926689147949,,,,,,,4964,,
,,,0.4941580593585968,,0.8021535873413086,,,,,,,4965,,
,,,0.4937162399291992,,0.8078697323799133,,,,,,,4966,,
,,,0.5226666331291199,,0.8649123907089233,,,,,,,4967,,
,,,0.42844992876052856,,0.7915652990341187,,,,,,,4968,,
,,,0.4355670213699341,,0.8184981942176819,,,,,,,4969,,
,,,0.4976680874824524,,0.8103596568107605,,,,,,,4970,,
,,,0.4506734013557434,,0.8028985857963562,,,,,,,4971,,
,,,0.4796627163887024,,0.8086439371109009,,,,,,,4972,,
,,,0.43546098470687866,,0.791760265827179,,,,,,,4973,,
,,,0.48884838819503784,,0.8523297309875488,,,,,,,4974,,
,,,0.5153332948684692,,0.7853951454162598,,,,,,,4975,,
,,,0.4119776487350464,,0.8267024755477905,,,,,,,4976,,
,,,0.47251462936401367,,0.8319740295410156,,,,,,,4977,,
,,,0.3719444274902344,,0.8108669519424438,,,,,,,4978,,
,,,0.46983304619789124,,0.7551282644271851,,,,,,,4979,,
,,,0.47324496507644653,,0.8546401262283325,,,,,,,4980,,
,,,0.5183551907539368,,0.7922872304916382,,,,,,,4981,,
,,,0.4938144087791443,,0.8075268864631653,,,,,,,4982,,
,,,0.4798460900783539,,0.8346938490867615,,,,,,,4983,,
,,,0.4765392243862152,,0.8247243762016296,,,,,,,4984,,
,,,0.49149662256240845,,0.8063157796859741,,,,,,,4985,,
,,,0.5217171907424927,,0.832105278968811,,,,,,,4986,,
,,,0.4501718282699585,,0.7921744585037231,,,,,,,4987,,
,,,0.46353384852409363,,0.8355590105056763,,,,,,,4988,,
,,,0.46564626693725586,,0.8258680701255798,,,,,,,4989,,
,,,0.4110058546066284,,0.7654762268066406,,,,,,,4990,,
,,,0.4607984721660614,,0.7964155673980713,,,,,,,4991,,
,,,0.5105684995651245,,0.8185157179832458,,,,,,,4992,,
,,,0.4660413861274719,,0.850595235824585,,,,,,,4993,,
,,,0.5083333253860474,,0.8548387289047241,,,,,,,4994,,
,,,0.4630952477455139,,0.7988742589950562,,,,,,,4995,,
,,,0.4408198297023773,,0.814570426940918,,,,,,,4996,,
,,,0.5298746824264526,,0.835891604423523,,,,,,,4997,,
,,,0.4471666216850281,,0.8108155727386475,,,,,,,4998,,
,,,0.260869562625885,,0.8666666746139526,,,,,,,4999,,
124,0.3806000053882599,0.4978000223636627,,0.8133000135421753,,,,,,,,24374,,
124,,,,,,0.31898558139801025,,0.4611079692840576,,3.161478281021118,,24374,2.030567169189453,
125,,,,,,,0.32200539112091064,,0.4638640880584717,,3.16015625,24399,,1.9739875793457031
125,,,,,,,0.28912174701690674,,0.4304273724555969,,3.115234375,24449,,1.8881241083145142
125,,,,,,,0.29902899265289307,,0.444477915763855,,3.20703125,24499,,2.11217999458313
125,,,,,,,0.30531418323516846,,0.4416598081588745,,3.033203125,24549,,2.003396511077881
,,,0.4855179190635681,,0.7912963032722473,,,,,,,5000,,
,,,0.45586466789245605,,0.7978001832962036,,,,,,,5001,,
,,,0.45744046568870544,,0.7466534376144409,,,,,,,5002,,
,,,0.45578229427337646,,0.7831560373306274,,,,,,,5003,,
,,,0.49467119574546814,,0.8709810972213745,,,,,,,5004,,
,,,0.4624561667442322,,0.8030898571014404,,,,,,,5005,,
,,,0.4581737518310547,,0.7593734264373779,,,,,,,5006,,
,,,0.5232993364334106,,0.8285965323448181,,,,,,,5007,,
,,,0.40794461965560913,,0.7936930656433105,,,,,,,5008,,
,,,0.48850879073143005,,0.8490843176841736,,,,,,,5009,,
,,,0.5205357074737549,,0.7834093570709229,,,,,,,5010,,
,,,0.4731958508491516,,0.7659420371055603,,,,,,,5011,,
,,,0.4236622452735901,,0.7986542582511902,,,,,,,5012,,
,,,0.4582456052303314,,0.7876404523849487,,,,,,,5013,,
,,,0.4989418089389801,,0.8151305913925171,,,,,,,5014,,
,,,0.5301666259765625,,0.8192439079284668,,,,,,,5015,,
,,,0.44997572898864746,,0.7655913829803467,,,,,,,5016,,
,,,0.4822562336921692,,0.838652491569519,,,,,,,5017,,
,,,0.4185965061187744,,0.7940171957015991,,,,,,,5018,,
,,,0.44322916865348816,,0.7485348582267761,,,,,,,5019,,
,,,0.42947036027908325,,0.842410683631897,,,,,,,5020,,
,,,0.5079773664474487,,0.8055850863456726,,,,,,,5021,,
,,,0.521993100643158,,0.8399641513824463,,,,,,,5022,,
,,,0.513251543045044,,0.8066326379776001,,,,,,,5023,,
,,,0.4914310872554779,,0.8478822708129883,,,,,,,5024,,
,,,0.5042087435722351,,0.8235087990760803,,,,,,,5025,,
,,,0.5085034370422363,,0.8075438737869263,,,,,,,5026,,
,,,0.45362815260887146,,0.808721661567688,,,,,,,5027,,
,,,0.4518353343009949,,0.8267857432365417,,,,,,,5028,,
,,,0.4531986713409424,,0.8032985925674438,,,,,,,5029,,
,,,0.4439484477043152,,0.7525362372398376,,,,,,,5030,,
,,,0.43561509251594543,,0.7881737947463989,,,,,,,5031,,
,,,0.5251457691192627,,0.8177305459976196,,,,,,,5032,,
,,,0.48711901903152466,,0.8297619223594666,,,,,,,5033,,
,,,0.45499998331069946,,0.8293907046318054,,,,,,,5034,,
,,,0.47013992071151733,,0.7922748327255249,,,,,,,5035,,
,,,0.5069955587387085,,0.7920807600021362,,,,,,,5036,,
,,,0.552207350730896,,0.828166127204895,,,,,,,5037,,
,,,0.47121214866638184,,0.7684397101402283,,,,,,,5038,,
,,,0.2826087176799774,,0.8666667342185974,,,,,,,5039,,
125,0.36959999799728394,0.49900001287460327,,0.8043000102043152,,,,,,,,24569,,
125,,,,,,0.3179754614830017,,0.4594496488571167,,3.147455930709839,,24569,2.0316050052642822,
126,,,,,,,0.3274962306022644,,0.47298663854599,,3.236328125,24599,,2.0389530658721924
126,,,,,,,0.29831868410110474,,0.4402630925178528,,3.13671875,24649,,2.011735439300537
126,,,,,,,0.32639458775520325,,0.4655924439430237,,3.111328125,24699,,2.024383783340454
126,,,,,,,0.30509328842163086,,0.44474583864212036,,3.09765625,24749,,1.9697695970535278
,,,0.5047619342803955,,0.8403704166412354,,,,,,,5040,,
,,,0.4926835298538208,,0.8377587795257568,,,,,,,5041,,
,,,0.4515063166618347,,0.801203727722168,,,,,,,5042,,
,,,0.4724489748477936,,0.8175785541534424,,,,,,,5043,,
,,,0.5044217705726624,,0.867553174495697,,,,,,,5044,,
,,,0.5411403775215149,,0.8351123332977295,,,,,,,5045,,
,,,0.5006428360939026,,0.7953383922576904,,,,,,,5046,,
,,,0.6147569417953491,,0.8408772349357605,,,,,,,5047,,
,,,0.4537277817726135,,0.8098024129867554,,,,,,,5048,,
,,,0.4632812440395355,,0.8191392421722412,,,,,,,5049,,
,,,0.5047619342803955,,0.8217071294784546,,,,,,,5050,,
,,,0.4362542927265167,,0.8061593770980835,,,,,,,5051,,
,,,0.4712301790714264,,0.8226966857910156,,,,,,,5052,,
,,,0.448784738779068,,0.8290262222290039,,,,,,,5053,,
,,,0.4888095259666443,,0.8346645832061768,,,,,,,5054,,
,,,0.49950000643730164,,0.8077319860458374,,,,,,,5055,,
,,,0.48770251870155334,,0.8017920851707458,,,,,,,5056,,
,,,0.4673032760620117,,0.8353427648544312,,,,,,,5057,,
,,,0.3977324366569519,,0.7863248586654663,,,,,,,5058,,
,,,0.46895045042037964,,0.7820513248443604,,,,,,,5059,,
,,,0.48965391516685486,,0.8327651023864746,,,,,,,5060,,
,,,0.4936748445034027,,0.842819094657898,,,,,,,5061,,
,,,0.5042517185211182,,0.8037634491920471,,,,,,,5062,,
,,,0.4904521703720093,,0.8283041715621948,,,,,,,5063,,
,,,0.5399248600006104,,0.8486843109130859,,,,,,,5064,,
,,,0.4910774528980255,,0.8322807550430298,,,,,,,5065,,
,,,0.5049828290939331,,0.8249123096466064,,,,,,,5066,,
,,,0.45782315731048584,,0.7826164960861206,,,,,,,5067,,
,,,0.45692193508148193,,0.8257764577865601,,,,,,,5068,,
,,,0.4833333194255829,,0.8222222328186035,,,,,,,5069,,
,,,0.43352967500686646,,0.7509834170341492,,,,,,,5070,,
,,,0.48414334654808044,,0.7981423735618591,,,,,,,5071,,
,,,0.5426607131958008,,0.7973403930664062,,,,,,,5072,,
,,,0.47911903262138367,,0.8326388597488403,,,,,,,5073,,
,,,0.4855218827724457,,0.8229390382766724,,,,,,,5074,,
,,,0.4998542368412018,,0.8261387348175049,,,,,,,5075,,
,,,0.5056946277618408,,0.8016304969787598,,,,,,,5076,,
,,,0.5398133993148804,,0.8462512493133545,,,,,,,5077,,
,,,0.5235689878463745,,0.8003545999526978,,,,,,,5078,,
,,,0.260869562625885,,0.8000000715255737,,,,,,,5079,,
126,0.38499999046325684,0.511199951171875,,0.8176000118255615,,,,,,,,24764,,
126,,,,,,0.3196430206298828,,0.461417019367218,,3.1551382541656494,,24764,2.0386133193969727,
127,,,,,,,0.36213651299476624,,0.5050404071807861,,3.220703125,24799,,2.053748607635498
127,,,,,,,0.29583317041397095,,0.4316762685775757,,3.01171875,24849,,1.9652992486953735
127,,,,,,,0.2836970090866089,,0.4284476935863495,,3.1796875,24899,,1.9745569229125977
127,,,,,,,0.34725767374038696,,0.4883420467376709,,3.169921875,24949,,1.9823508262634277
,,,0.4747084677219391,,0.8016666769981384,,,,,,,5080,,
,,,0.46140873432159424,,0.7901138663291931,,,,,,,5081,,
,,,0.44041547179222107,,0.7552645802497864,,,,,,,5082,,
,,,0.49244409799575806,,0.7880699038505554,,,,,,,5083,,
,,,0.4969135820865631,,0.8837469816207886,,,,,,,5084,,
,,,0.478812038898468,,0.804681658744812,,,,,,,5085,,
,,,0.47483330965042114,,0.7582456469535828,,,,,,,5086,,
,,,0.5646258592605591,,0.8347368836402893,,,,,,,5087,,
,,,0.4596453011035919,,0.7679837942123413,,,,,,,5088,,
,,,0.4867543876171112,,0.8108059167861938,,,,,,,5089,,
,,,0.534697413444519,,0.8163120746612549,,,,,,,5090,,
,,,0.4414966106414795,,0.7842391729354858,,,,,,,5091,,
,,,0.44657742977142334,,0.8065476417541504,,,,,,,5092,,
,,,0.4375438690185547,,0.7913857698440552,,,,,,,5093,,
,,,0.5141384601593018,,0.8309779763221741,,,,,,,5094,,
,,,0.49511784315109253,,0.7721649408340454,,,,,,,5095,,
,,,0.420894056558609,,0.7890681028366089,,,,,,,5096,,
,,,0.48582178354263306,,0.8359928727149963,,,,,,,5097,,
,,,0.4167245626449585,,0.7583028674125671,,,,,,,5098,,
,,,0.4297979772090912,,0.7569597959518433,,,,,,,5099,,
,,,0.4367261826992035,,0.8458198308944702,,,,,,,5100,,
,,,0.5130952000617981,,0.847429096698761,,,,,,,5101,,
,,,0.47278910875320435,,0.8032257556915283,,,,,,,5102,,
,,,0.5214285850524902,,0.8455781936645508,,,,,,,5103,,
,,,0.4973735809326172,,0.8200877904891968,,,,,,,5104,,
,,,0.511904776096344,,0.8098245859146118,,,,,,,5105,,
,,,0.5189003348350525,,0.8224562406539917,,,,,,,5106,,
,,,0.46846240758895874,,0.8003584146499634,,,,,,,5107,,
,,,0.40260186791419983,,0.8047619462013245,,,,,,,5108,,
,,,0.4653198719024658,,0.8154513835906982,,,,,,,5109,,
,,,0.44229257106781006,,0.7602225542068481,,,,,,,5110,,
,,,0.45270004868507385,,0.7785583734512329,,,,,,,5111,,
,,,0.5133867263793945,,0.8055724501609802,,,,,,,5112,,
,,,0.4772246479988098,,0.8315972685813904,,,,,,,5113,,
,,,0.45399999618530273,,0.8168458342552185,,,,,,,5114,,
,,,0.46378248929977417,,0.8046713471412659,,,,,,,5115,,
,,,0.4714285731315613,,0.8180124163627625,,,,,,,5116,,
,,,0.5463426113128662,,0.8296859264373779,,,,,,,5117,,
,,,0.47592592239379883,,0.7720744609832764,,,,,,,5118,,
,,,0.3181818127632141,,0.7333333492279053,,,,,,,5119,,
127,0.3684999942779541,0.4992000162601471,,0.8048999905586243,,,,,,,,24959,,
127,,,,,,0.3202333450317383,,0.46180129051208496,,3.1515824794769287,,24959,2.0284206867218018,
128,,,,,,,0.3002304136753082,,0.44574135541915894,,3.2109375,24999,,1.900038242340088
128,,,,,,,0.34840208292007446,,0.492725133895874,,3.234375,25049,,2.1087212562561035
128,,,,,,,0.3361852169036865,,0.4714755713939667,,3.04296875,25099,,1.984269142150879
128,,,,,,,0.3238794207572937,,0.4679637551307678,,3.205078125,25149,,2.117358922958374
,,,0.49410897493362427,,0.8183333873748779,,,,,,,5120,,
,,,0.45314186811447144,,0.7348085045814514,,,,,,,5121,,
,,,0.4141642451286316,,0.7494444847106934,,,,,,,5122,,
,,,0.46303510665893555,,0.7572948336601257,,,,,,,5123,,
,,,0.46156930923461914,,0.8387116193771362,,,,,,,5124,,
,,,0.45718082785606384,,0.8106741309165955,,,,,,,5125,,
,,,0.46652382612228394,,0.7838346362113953,,,,,,,5126,,
,,,0.5611683130264282,,0.7975438833236694,,,,,,,5127,,
,,,0.44356173276901245,,0.7834092974662781,,,,,,,5128,,
,,,0.48052722215652466,,0.8195055723190308,,,,,,,5129,,
,,,0.523164689540863,,0.8147163391113281,,,,,,,5130,,
,,,0.4649659991264343,,0.7746376991271973,,,,,,,5131,,
,,,0.45421627163887024,,0.7799172401428223,,,,,,,5132,,
,,,0.45087721943855286,,0.7724719047546387,,,,,,,5133,,
,,,0.4815295934677124,,0.8168202638626099,,,,,,,5134,,
,,,0.4763333201408386,,0.7974226474761963,,,,,,,5135,,
,,,0.4105820059776306,,0.7790322303771973,,,,,,,5136,,
,,,0.4948495626449585,,0.811347484588623,,,,,,,5137,,
,,,0.40119045972824097,,0.7674603462219238,,,,,,,5138,,
,,,0.43659794330596924,,0.7351648807525635,,,,,,,5139,,
,,,0.4803133010864258,,0.7917613983154297,,,,,,,5140,,
,,,0.5408934354782104,,0.8150709271430969,,,,,,,5141,,
,,,0.4932989776134491,,0.7933691740036011,,,,,,,5142,,
,,,0.5189273953437805,,0.8176870346069336,,,,,,,5143,,
,,,0.459388792514801,,0.8215664625167847,,,,,,,5144,,
,,,0.47592592239379883,,0.7770175933837891,,,,,,,5145,,
,,,0.5123711228370667,,0.8061404228210449,,,,,,,5146,,
,,,0.41139456629753113,,0.784109890460968,,,,,,,5147,,
,,,0.4593006372451782,,0.8095755577087402,,,,,,,5148,,
,,,0.45117849111557007,,0.7883681058883667,,,,,,,5149,,
,,,0.4054664373397827,,0.7520445585250854,,,,,,,5150,,
,,,0.43027734756469727,,0.7217687368392944,,,,,,,5151,,
,,,0.5252186059951782,,0.7929078340530396,,,,,,,5152,,
,,,0.45685428380966187,,0.823164701461792,,,,,,,5153,,
,,,0.43737372756004333,,0.8369175791740417,,,,,,,5154,,
,,,0.47990915179252625,,0.7553701400756836,,,,,,,5155,,
,,,0.4508100152015686,,0.7976967096328735,,,,,,,5156,,
,,,0.529172956943512,,0.8337639570236206,,,,,,,5157,,
,,,0.4494999647140503,,0.7800531387329102,,,,,,,5158,,
,,,0.34090912342071533,,0.8666666746139526,,,,,,,5159,,
128,0.36810001730918884,0.48750001192092896,,0.790600061416626,,,,,,,,25154,,
128,,,,,,0.3196771740913391,,0.46189627051353455,,3.164102554321289,,25154,2.0281670093536377,
129,,,,,,,0.30711764097213745,,0.44679105281829834,,3.1015625,25199,,1.9102410078048706
129,,,,,,,0.3464648723602295,,0.49247169494628906,,3.267578125,25249,,2.2800681591033936
129,,,,,,,0.34504979848861694,,0.4719623327255249,,2.8828125,25299,,1.8996682167053223
129,,,,,,,0.36897557973861694,,0.5082416534423828,,3.154296875,25349,,2.0853586196899414
,,,0.4683358073234558,,0.7788889408111572,,,,,,,5160,,
,,,0.44280803203582764,,0.7812111973762512,,,,,,,5161,,
,,,0.43550562858581543,,0.7647089958190918,,,,,,,5162,,
,,,0.4661616086959839,,0.7587133049964905,,,,,,,5163,,
,,,0.4574263095855713,,0.8445035219192505,,,,,,,5164,,
,,,0.43359652161598206,,0.8000936508178711,,,,,,,5165,,
,,,0.4606301188468933,,0.7587719559669495,,,,,,,5166,,
,,,0.5193333029747009,,0.8417544364929199,,,,,,,5167,,
,,,0.4120490550994873,,0.7655014991760254,,,,,,,5168,,
,,,0.48591065406799316,,0.8093407154083252,,,,,,,5169,,
,,,0.5393849611282349,,0.7757091522216797,,,,,,,5170,,
,,,0.4535714387893677,,0.7239130735397339,,,,,,,5171,,
,,,0.413032591342926,,0.7964285612106323,,,,,,,5172,,
,,,0.4420212507247925,,0.8031834959983826,,,,,,,5173,,
,,,0.5022581815719604,,0.81950843334198,,,,,,,5174,,
,,,0.49932661652565,,0.779553234577179,,,,,,,5175,,
,,,0.4536082148551941,,0.78835129737854,,,,,,,5176,,
,,,0.48728519678115845,,0.8177304863929749,,,,,,,5177,,
,,,0.44135165214538574,,0.777899980545044,,,,,,,5178,,
,,,0.46754390001296997,,0.713919460773468,,,,,,,5179,,
,,,0.43934643268585205,,0.8097537755966187,,,,,,,5180,,
,,,0.5123465657234192,,0.777570903301239,,,,,,,5181,,
,,,0.5010204315185547,,0.7983871102333069,,,,,,,5182,,
,,,0.4656190574169159,,0.8256802558898926,,,,,,,5183,,
,,,0.4591433107852936,,0.7888596653938293,,,,,,,5184,,
,,,0.4773809611797333,,0.7900000214576721,,,,,,,5185,,
,,,0.5200680494308472,,0.7492983341217041,,,,,,,5186,,
,,,0.4265750050544739,,0.7799282670021057,,,,,,,5187,,
,,,0.4106038212776184,,0.7929865121841431,,,,,,,5188,,
,,,0.46666663885116577,,0.7690972089767456,,,,,,,5189,,
,,,0.4382706880569458,,0.7584109902381897,,,,,,,5190,,
,,,0.4284135103225708,,0.7610414028167725,,,,,,,5191,,
,,,0.4929051995277405,,0.7728723287582397,,,,,,,5192,,
,,,0.5000971555709839,,0.810664713382721,,,,,,,5193,,
,,,0.46666663885116577,,0.7980287075042725,,,,,,,5194,,
,,,0.38232508301734924,,0.759290874004364,,,,,,,5195,,
,,,0.47894346714019775,,0.7969202995300293,,,,,,,5196,,
,,,0.5041170716285706,,0.855648398399353,,,,,,,5197,,
,,,0.453000009059906,,0.7742021083831787,,,,,,,5198,,
,,,0.5555555820465088,,0.8000000715255737,,,,,,,5199,,
129,0.3630000054836273,0.48579999804496765,,0.7872999906539917,,,,,,,,25349,,
129,,,,,,0.32012447714805603,,0.46145132184028625,,3.146674633026123,,25349,2.031027317047119,
130,,,,,,,0.29811787605285645,,0.43360260128974915,,3.0078125,25399,,2.0313363075256348
130,,,,,,,0.33876508474349976,,0.4796637296676636,,3.15625,25449,,2.0771243572235107
130,,,,,,,0.30951690673828125,,0.45492973923683167,,3.21875,25499,,2.0044403076171875
,,,0.5075110197067261,,0.7890741229057312,,,,,,,5200,,
,,,0.4942212402820587,,0.7970755696296692,,,,,,,5201,,
,,,0.453634113073349,,0.7868518829345703,,,,,,,5202,,
,,,0.46863460540771484,,0.7981762886047363,,,,,,,5203,,
,,,0.5221655368804932,,0.881205677986145,,,,,,,5204,,
,,,0.5064912438392639,,0.8599251508712769,,,,,,,5205,,
,,,0.4929543137550354,,0.8223559260368347,,,,,,,5206,,
,,,0.5381666421890259,,0.8215789794921875,,,,,,,5207,,
,,,0.4529154598712921,,0.8149695992469788,,,,,,,5208,,
,,,0.4830755889415741,,0.8355311751365662,,,,,,,5209,,
,,,0.5309032201766968,,0.7829787135124207,,,,,,,5210,,
,,,0.46060603857040405,,0.7559782862663269,,,,,,,5211,,
,,,0.48313695192337036,,0.7923136949539185,,,,,,,5212,,
,,,0.433159738779068,,0.7889512777328491,,,,,,,5213,,
,,,0.5270894169807434,,0.8664618730545044,,,,,,,5214,,
,,,0.4683501720428467,,0.7780068516731262,,,,,,,5215,,
,,,0.47302407026290894,,0.8218638300895691,,,,,,,5216,,
,,,0.45457175374031067,,0.8234041929244995,,,,,,,5217,,
,,,0.42472219467163086,,0.7733211517333984,,,,,,,5218,,
,,,0.43437501788139343,,0.7589744329452515,,,,,,,5219,,
,,,0.5070050358772278,,0.824905276298523,,,,,,,5220,,
,,,0.5405611991882324,,0.8121453523635864,,,,,,,5221,,
,,,0.5503472089767456,,0.8403226137161255,,,,,,,5222,,
,,,0.5030303001403809,,0.8327016234397888,,,,,,,5223,,
,,,0.5137147903442383,,0.8744737505912781,,,,,,,5224,,
,,,0.48350340127944946,,0.8370175957679749,,,,,,,5225,,
,,,0.4907216429710388,,0.8356140851974487,,,,,,,5226,,
,,,0.4819160997867584,,0.7775985598564148,,,,,,,5227,,
,,,0.45099207758903503,,0.8106366395950317,,,,,,,5228,,
,,,0.5101666450500488,,0.8314236402511597,,,,,,,5229,,
,,,0.4102283716201782,,0.7493529915809631,,,,,,,5230,,
,,,0.46878987550735474,,0.8228938579559326,,,,,,,5231,,
,,,0.48674845695495605,,0.8019503355026245,,,,,,,5232,,
,,,0.5003571510314941,,0.8383432626724243,,,,,,,5233,,
,,,0.5208754539489746,,0.8476702570915222,,,,,,,5234,,
,,,0.4803387224674225,,0.7889881134033203,,,,,,,5235,,
,,,0.46488094329833984,,0.8074275255203247,,,,,,,5236,,
,,,0.5539273023605347,,0.8600810766220093,,,,,,,5237,,
,,,0.49744898080825806,,0.8236702680587769,,,,,,,5238,,
,,,0.260869562625885,,0.8000000715255737,,,,,,,5239,,
130,0.37150001525878906,0.5124000310897827,,0.8156000375747681,,,,,,,,25544,,
130,,,,,,0.31826338171958923,,0.4596030116081238,,3.1451022624969482,,25544,2.024339199066162,
131,,,,,,,0.32877206802368164,,0.46809518337249756,,3.115234375,25549,,2.0341739654541016
131,,,,,,,0.2602751553058624,,0.4047321081161499,,3.1484375,25599,,1.932057499885559
131,,,,,,,0.3174094259738922,,0.45998620986938477,,3.16796875,25649,,2.085536479949951
131,,,,,,,0.32829925417900085,,0.4698432683944702,,3.16015625,25699,,2.158130407333374
,,,0.4883652627468109,,0.8400794267654419,,,,,,,5240,,
,,,0.4982143044471741,,0.8160196542739868,,,,,,,5241,,
,,,0.48202013969421387,,0.766203761100769,,,,,,,5242,,
,,,0.5172802805900574,,0.8149189352989197,,,,,,,5243,,
,,,0.5424999594688416,,0.8968085050582886,,,,,,,5244,,
,,,0.4709201455116272,,0.8175094127655029,,,,,,,5245,,
,,,0.5033527612686157,,0.8026065826416016,,,,,,,5246,,
,,,0.5545917749404907,,0.8589474558830261,,,,,,,5247,,
,,,0.43831390142440796,,0.7990121841430664,,,,,,,5248,,
,,,0.5103509426116943,,0.8236263990402222,,,,,,,5249,,
,,,0.5008432865142822,,0.7823454737663269,,,,,,,5250,,
,,,0.458503395318985,,0.7817028760910034,,,,,,,5251,,
,,,0.4475446343421936,,0.7901139259338379,,,,,,,5252,,
,,,0.47329747676849365,,0.8076778650283813,,,,,,,5253,,
,,,0.5121428370475769,,0.8576804399490356,,,,,,,5254,,
,,,0.48216667771339417,,0.827834963798523,,,,,,,5255,,
,,,0.4381190538406372,,0.8089605569839478,,,,,,,5256,,
,,,0.4396258592605591,,0.8361701965332031,,,,,,,5257,,
,,,0.38350170850753784,,0.8025641441345215,,,,,,,5258,,
,,,0.4633680582046509,,0.7868132591247559,,,,,,,5259,,
,,,0.4660413861274719,,0.818087100982666,,,,,,,5260,,
,,,0.5448979735374451,,0.8244681358337402,,,,,,,5261,,
,,,0.525170087814331,,0.8017920851707458,,,,,,,5262,,
,,,0.503559410572052,,0.8266034722328186,,,,,,,5263,,
,,,0.5347042083740234,,0.8246366381645203,,,,,,,5264,,
,,,0.4872053861618042,,0.8335088491439819,,,,,,,5265,,
,,,0.5363945364952087,,0.8173685073852539,,,,,,,5266,,
,,,0.4420962333679199,,0.8209080100059509,,,,,,,5267,,
,,,0.407503604888916,,0.832660436630249,,,,,,,5268,,
,,,0.4962199330329895,,0.8309028148651123,,,,,,,5269,,
,,,0.4457431435585022,,0.7507246136665344,,,,,,,5270,,
,,,0.4588856101036072,,0.8034537434577942,,,,,,,5271,,
,,,0.5125781893730164,,0.8196808099746704,,,,,,,5272,,
,,,0.49348247051239014,,0.8325396776199341,,,,,,,5273,,
,,,0.5071180462837219,,0.8163082599639893,,,,,,,5274,,
,,,0.48160403966903687,,0.8350284695625305,,,,,,,5275,,
,,,0.4454590082168579,,0.8152950406074524,,,,,,,5276,,
,,,0.5318360328674316,,0.8367780447006226,,,,,,,5277,,
,,,0.4558333158493042,,0.7971631288528442,,,,,,,5278,,
,,,0.3181818127632141,,0.8000000715255737,,,,,,,5279,,
131,0.3824000060558319,0.5101000070571899,,0.8179000020027161,,,,,,,,25739,,
131,,,,,,0.31832584738731384,,0.45934662222862244,,3.138822078704834,,25739,2.0260262489318848,
132,,,,,,,0.3128594756126404,,0.4521237313747406,,3.09765625,25749,,2.0000548362731934
132,,,,,,,0.3295847475528717,,0.4667920172214508,,3.07421875,25799,,1.958225131034851
132,,,,,,,0.29871052503585815,,0.4431988298892975,,3.1875,25849,,2.1596755981445312
132,,,,,,,0.30715805292129517,,0.4501253366470337,,3.166015625,25899,,2.123591184616089
,,,0.5300196409225464,,0.8390741348266602,,,,,,,5280,,
,,,0.4763909578323364,,0.8131211400032043,,,,,,,5281,,
,,,0.4805228114128113,,0.7852646112442017,,,,,,,5282,,
,,,0.4760204255580902,,0.8226443529129028,,,,,,,5283,,
,,,0.5266554355621338,,0.8786642551422119,,,,,,,5284,,
,,,0.48723962903022766,,0.8297752737998962,,,,,,,5285,,
,,,0.5187349319458008,,0.7735087871551514,,,,,,,5286,,
,,,0.5553264617919922,,0.8400000333786011,,,,,,,5287,,
,,,0.4585317373275757,,0.8064589500427246,,,,,,,5288,,
,,,0.47542518377304077,,0.8190476894378662,,,,,,,5289,,
,,,0.5337549448013306,,0.8142603635787964,,,,,,,5290,,
,,,0.45782312750816345,,0.7596014738082886,,,,,,,5291,,
,,,0.48459821939468384,,0.8056676983833313,,,,,,,5292,,
,,,0.4765625,,0.8089887499809265,,,,,,,5293,,
,,,0.536954402923584,,0.8491807579994202,,,,,,,5294,,
,,,0.5099999904632568,,0.8146047592163086,,,,,,,5295,,
,,,0.43807095289230347,,0.8150537610054016,,,,,,,5296,,
,,,0.4783564805984497,,0.8182623982429504,,,,,,,5297,,
,,,0.4206916093826294,,0.8034799098968506,,,,,,,5298,,
,,,0.46878036856651306,,0.7663004398345947,,,,,,,5299,,
,,,0.451804518699646,,0.8461174368858337,,,,,,,5300,,
,,,0.5455782413482666,,0.8222517967224121,,,,,,,5301,,
,,,0.5017006993293762,,0.7965949773788452,,,,,,,5302,,
,,,0.5122414827346802,,0.8436102867126465,,,,,,,5303,,
,,,0.5031098127365112,,0.8589349389076233,,,,,,,5304,,
,,,0.5055555701255798,,0.8112281560897827,,,,,,,5305,,
,,,0.566493034362793,,0.8150877952575684,,,,,,,5306,,
,,,0.437833309173584,,0.7919355034828186,,,,,,,5307,,
,,,0.4321305751800537,,0.8341097831726074,,,,,,,5308,,
,,,0.48962584137916565,,0.8161458373069763,,,,,,,5309,,
,,,0.4509817957878113,,0.7804088592529297,,,,,,,5310,,
,,,0.4545900821685791,,0.7929356694221497,,,,,,,5311,,
,,,0.5185131430625916,,0.798936128616333,,,,,,,5312,,
,,,0.4975952208042145,,0.8210813999176025,,,,,,,5313,,
,,,0.46296292543411255,,0.8419354557991028,,,,,,,5314,,
,,,0.4856026768684387,,0.8070263862609863,,,,,,,5315,,
,,,0.4629494547843933,,0.797877848148346,,,,,,,5316,,
,,,0.5386539697647095,,0.8589411973953247,,,,,,,5317,,
,,,0.4545833468437195,,0.8128546476364136,,,,,,,5318,,
,,,0.27272728085517883,,0.8666666746139526,,,,,,,5319,,
132,0.38199999928474426,0.5135999917984009,,0.814300000667572,,,,,,,,25934,,
132,,,,,,0.3188614845275879,,0.460080623626709,,3.1432292461395264,,25934,2.0183284282684326,
133,,,,,,,0.3082870841026306,,0.45424968004226685,,3.2265625,25949,,1.9292588233947754
133,,,,,,,0.33429691195487976,,0.47236722707748413,,3.095703125,25999,,1.9592804908752441
133,,,,,,,0.36940768361091614,,0.5215916037559509,,3.412109375,26049,,2.107980489730835
133,,,,,,,0.31949400901794434,,0.4534216523170471,,2.998046875,26099,,1.9107093811035156
,,,0.5128036737442017,,0.8152645826339722,,,,,,,5320,,
,,,0.4680059552192688,,0.8168995976448059,,,,,,,5321,,
,,,0.5033358335494995,,0.7799867987632751,,,,,,,5322,,
,,,0.45632514357566833,,0.7995947599411011,,,,,,,5323,,
,,,0.5110549926757812,,0.867139458656311,,,,,,,5324,,
,,,0.5252577066421509,,0.8040262460708618,,,,,,,5325,,
,,,0.5123376846313477,,0.7835839986801147,,,,,,,5326,,
,,,0.5809763669967651,,0.8417544364929199,,,,,,,5327,,
,,,0.4179653823375702,,0.7900456190109253,,,,,,,5328,,
,,,0.5362280607223511,,0.8405678272247314,,,,,,,5329,,
,,,0.5371679067611694,,0.8070921897888184,,,,,,,5330,,
,,,0.45606061816215515,,0.7842391729354858,,,,,,,5331,,
,,,0.466889888048172,,0.7869048118591309,,,,,,,5332,,
,,,0.48144328594207764,,0.7966291904449463,,,,,,,5333,,
,,,0.529130220413208,,0.8149513602256775,,,,,,,5334,,
,,,0.5188332796096802,,0.8176975846290588,,,,,,,5335,,
,,,0.43603014945983887,,0.8293906450271606,,,,,,,5336,,
,,,0.5221643447875977,,0.835106372833252,,,,,,,5337,,
,,,0.38002246618270874,,0.771489679813385,,,,,,,5338,,
,,,0.4450908303260803,,0.7754579782485962,,,,,,,5339,,
,,,0.4693756103515625,,0.8171401619911194,,,,,,,5340,,
,,,0.5715512633323669,,0.8218971490859985,,,,,,,5341,,
,,,0.4972788989543915,,0.8261648416519165,,,,,,,5342,,
,,,0.49540644884109497,,0.8232992887496948,,,,,,,5343,,
,,,0.5095480680465698,,0.8312155604362488,,,,,,,5344,,
,,,0.5227891206741333,,0.815964937210083,,,,,,,5345,,
,,,0.5414966344833374,,0.8082456588745117,,,,,,,5346,,
,,,0.4879152178764343,,0.8083631992340088,,,,,,,5347,,
,,,0.43816888332366943,,0.828053891658783,,,,,,,5348,,
,,,0.5088435411453247,,0.8189235925674438,,,,,,,5349,,
,,,0.44214531779289246,,0.7687370777130127,,,,,,,5350,,
,,,0.4572643041610718,,0.7704081535339355,,,,,,,5351,,
,,,0.5384634137153625,,0.8184397220611572,,,,,,,5352,,
,,,0.469889372587204,,0.8270833492279053,,,,,,,5353,,
,,,0.49878472089767456,,0.8605734705924988,,,,,,,5354,,
,,,0.5058637261390686,,0.7708851099014282,,,,,,,5355,,
,,,0.5138095617294312,,0.8041666746139526,,,,,,,5356,,
,,,0.5781002044677734,,0.8341184854507446,,,,,,,5357,,
,,,0.4645833373069763,,0.783865213394165,,,,,,,5358,,
,,,0.25,,0.8666666746139526,,,,,,,5359,,
133,0.3822999894618988,0.5168999433517456,,0.8102999925613403,,,,,,,,26129,,
133,,,,,,0.31800320744514465,,0.458868145942688,,3.1353065967559814,,26129,2.008500337600708,
134,,,,,,,0.3186227083206177,,0.45918571949005127,,3.130859375,26149,,1.8115830421447754
134,,,,,,,0.3035651743412018,,0.44439277052879333,,3.119140625,26199,,1.8955992460250854
134,,,,,,,0.27918943762779236,,0.4169633686542511,,3.03515625,26249,,1.7718530893325806
134,,,,,,,0.3146413564682007,,0.4593096673488617,,3.20703125,26299,,2.199413776397705
,,,0.513484001159668,,0.795555591583252,,,,,,,5360,,
,,,0.5017042756080627,,0.8129400014877319,,,,,,,5361,,
,,,0.4871155917644501,,0.8096164464950562,,,,,,,5362,,
,,,0.45981836318969727,,0.7951620817184448,,,,,,,5363,,
,,,0.5382086038589478,,0.8706855773925781,,,,,,,5364,,
,,,0.49725085496902466,,0.8339887857437134,,,,,,,5365,,
,,,0.4940108060836792,,0.787067711353302,,,,,,,5366,,
,,,0.5636363625526428,,0.8305263519287109,,,,,,,5367,,
,,,0.4347424805164337,,0.7839412093162537,,,,,,,5368,,
,,,0.48874568939208984,,0.841025710105896,,,,,,,5369,,
,,,0.5402506589889526,,0.8302178382873535,,,,,,,5370,,
,,,0.4720538854598999,,0.772826075553894,,,,,,,5371,,
,,,0.4818204641342163,,0.8096531629562378,,,,,,,5372,,
,,,0.4566326439380646,,0.7928839325904846,,,,,,,5373,,
,,,0.5365403294563293,,0.8188171982765198,,,,,,,5374,,
,,,0.5218855142593384,,0.8120274543762207,,,,,,,5375,,
,,,0.45023810863494873,,0.8116487264633179,,,,,,,5376,,
,,,0.4939342737197876,,0.8471631407737732,,,,,,,5377,,
,,,0.4235967695713043,,0.8064713478088379,,,,,,,5378,,
,,,0.49200505018234253,,0.7968865036964417,,,,,,,5379,,
,,,0.45803260803222656,,0.8417613506317139,,,,,,,5380,,
,,,0.5430289506912231,,0.8390957117080688,,,,,,,5381,,
,,,0.5042517185211182,,0.8035842180252075,,,,,,,5382,,
,,,0.5396103858947754,,0.8224489688873291,,,,,,,5383,,
,,,0.545213520526886,,0.8443734645843506,,,,,,,5384,,
,,,0.5259450078010559,,0.8370175957679749,,,,,,,5385,,
,,,0.5388315916061401,,0.8112281560897827,,,,,,,5386,,
,,,0.4594275951385498,,0.8086021542549133,,,,,,,5387,,
,,,0.4973304867744446,,0.8107401728630066,,,,,,,5388,,
,,,0.47946131229400635,,0.8114583492279053,,,,,,,5389,,
,,,0.4281955361366272,,0.7905796766281128,,,,,,,5390,,
,,,0.46737122535705566,,0.7770016193389893,,,,,,,5391,,
,,,0.5177969932556152,,0.8216311931610107,,,,,,,5392,,
,,,0.4908571243286133,,0.8604166507720947,,,,,,,5393,,
,,,0.49106529355049133,,0.8716845512390137,,,,,,,5394,,
,,,0.49312442541122437,,0.7853778600692749,,,,,,,5395,,
,,,0.48301422595977783,,0.7920031547546387,,,,,,,5396,,
,,,0.5380451679229736,,0.842097282409668,,,,,,,5397,,
,,,0.44949495792388916,,0.792641818523407,,,,,,,5398,,
,,,0.30434784293174744,,0.8000000715255737,,,,,,,5399,,
134,0.38280001282691956,0.515500009059906,,0.816100001335144,,,,,,,,26324,,
134,,,,,,0.31673815846443176,,0.456913024187088,,3.120222330093384,,26324,2.0082173347473145,
135,,,,,,,0.3081133961677551,,0.4529860317707062,,3.205078125,26349,,2.1321940422058105
135,,,,,,,0.29545825719833374,,0.43730154633522034,,3.1328125,26399,,2.0380825996398926
135,,,,,,,0.31401968002319336,,0.45102864503860474,,3.0546875,26449,,1.9482781887054443
135,,,,,,,0.32567134499549866,,0.46344050765037537,,3.08203125,26499,,2.265559673309326
,,,0.5192930698394775,,0.8144444823265076,,,,,,,5400,,
,,,0.5010168552398682,,0.8216356039047241,,,,,,,5401,,
,,,0.45342567563056946,,0.7709259986877441,,,,,,,5402,,
,,,0.4615713953971863,,0.8179330825805664,,,,,,,5403,,
,,,0.46827778220176697,,0.8557919263839722,,,,,,,5404,,
,,,0.5217353701591492,,0.8294007778167725,,,,,,,5405,,
,,,0.5156806707382202,,0.8037344217300415,,,,,,,5406,,
,,,0.5431666374206543,,0.8661403656005859,,,,,,,5407,,
,,,0.45257529616355896,,0.8163880109786987,,,,,,,5408,,
,,,0.46434706449508667,,0.8278388977050781,,,,,,,5409,,
,,,0.5282205939292908,,0.8033688068389893,,,,,,,5410,,
,,,0.5075438618659973,,0.768478274345398,,,,,,,5411,,
,,,0.5035218000411987,,0.8081004619598389,,,,,,,5412,,
,,,0.4485815465450287,,0.8153557777404785,,,,,,,5413,,
,,,0.5227648019790649,,0.8463901281356812,,,,,,,5414,,
,,,0.5052188634872437,,0.822336733341217,,,,,,,5415,,
,,,0.44028186798095703,,0.8274194002151489,,,,,,,5416,,
,,,0.5129051208496094,,0.8478723168373108,,,,,,,5417,,
,,,0.4315376281738281,,0.7802809476852417,,,,,,,5418,,
,,,0.44591838121414185,,0.7868132591247559,,,,,,,5419,,
,,,0.49721401929855347,,0.8437365293502808,,,,,,,5420,,
,,,0.5567055344581604,,0.8214539289474487,,,,,,,5421,,
,,,0.5391156673431396,,0.8277778029441833,,,,,,,5422,,
,,,0.47929292917251587,,0.856025218963623,,,,,,,5423,,
,,,0.5444403886795044,,0.8547995686531067,,,,,,,5424,,
,,,0.4978333115577698,,0.8138597011566162,,,,,,,5425,,
,,,0.5084192156791687,,0.8098245859146118,,,,,,,5426,,
,,,0.5139747858047485,,0.793428897857666,,,,,,,5427,,
,,,0.4345734417438507,,0.8306677341461182,,,,,,,5428,,
,,,0.526262640953064,,0.8185763955116272,,,,,,,5429,,
,,,0.43644315004348755,,0.7479037046432495,,,,,,,5430,,
,,,0.45446428656578064,,0.8196886777877808,,,,,,,5431,,
,,,0.5451899766921997,,0.8437943458557129,,,,,,,5432,,
,,,0.4841904640197754,,0.849454402923584,,,,,,,5433,,
,,,0.5122448801994324,,0.8564516305923462,,,,,,,5434,,
,,,0.5092111825942993,,0.8400880098342896,,,,,,,5435,,
,,,0.4842509925365448,,0.8245341777801514,,,,,,,5436,,
,,,0.570651650428772,,0.8604356050491333,,,,,,,5437,,
,,,0.45399999618530273,,0.8167552947998047,,,,,,,5438,,
,,,0.260869562625885,,0.8666666746139526,,,,,,,5439,,
135,0.3866000175476074,0.516800045967102,,0.8215999603271484,,,,,,,,26519,,
135,,,,,,0.3159111738204956,,0.45635297894477844,,3.124809741973877,,26519,2.0132861137390137,
136,,,,,,,0.3116888999938965,,0.44759371876716614,,3.029296875,26549,,2.1964545249938965
136,,,,,,,0.3005041480064392,,0.43794476985931396,,3.048828125,26599,,2.114330291748047
136,,,,,,,0.3185710310935974,,0.45571863651275635,,3.0625,26649,,2.040889263153076
136,,,,,,,0.28679779171943665,,0.41711121797561646,,2.892578125,26699,,2.0706162452697754
,,,0.5060738325119019,,0.8005555868148804,,,,,,,5440,,
,,,0.496504545211792,,0.8344979286193848,,,,,,,5441,,
,,,0.5050658583641052,,0.7967327833175659,,,,,,,5442,,
,,,0.48884838819503784,,0.8252025842666626,,,,,,,5443,,
,,,0.47833332419395447,,0.8972222208976746,,,,,,,5444,,
,,,0.5006943941116333,,0.8161985278129578,,,,,,,5445,,
,,,0.4907647967338562,,0.7837092876434326,,,,,,,5446,,
,,,0.5256666541099548,,0.8421053290367126,,,,,,,5447,,
,,,0.43345481157302856,,0.7763171195983887,,,,,,,5448,,
,,,0.5062499642372131,,0.7992674112319946,,,,,,,5449,,
,,,0.5091556310653687,,0.8062816858291626,,,,,,,5450,,
,,,0.4842014014720917,,0.7708333730697632,,,,,,,5451,,
,,,0.42993196845054626,,0.8017857074737549,,,,,,,5452,,
,,,0.4254295229911804,,0.7814606428146362,,,,,,,5453,,
,,,0.4953838586807251,,0.8534818291664124,,,,,,,5454,,
,,,0.5168350338935852,,0.8085910081863403,,,,,,,5455,,
,,,0.4687039852142334,,0.8173835277557373,,,,,,,5456,,
,,,0.5038373470306396,,0.8429077863693237,,,,,,,5457,,
,,,0.4020763039588928,,0.8123321533203125,,,,,,,5458,,
,,,0.4739795923233032,,0.7886447906494141,,,,,,,5459,,
,,,0.48903506994247437,,0.8641098737716675,,,,,,,5460,,
,,,0.5481292009353638,,0.8492907881736755,,,,,,,5461,,
,,,0.5170033574104309,,0.7999999523162842,,,,,,,5462,,
,,,0.4960237741470337,,0.8436102867126465,,,,,,,5463,,
,,,0.523639440536499,,0.845313310623169,,,,,,,5464,,
,,,0.5278911590576172,,0.8501754999160767,,,,,,,5465,,
,,,0.5321428775787354,,0.8294737339019775,,,,,,,5466,,
,,,0.47875142097473145,,0.7937276363372803,,,,,,,5467,,
,,,0.43694156408309937,,0.8276915550231934,,,,,,,5468,,
,,,0.48872053623199463,,0.8404513597488403,,,,,,,5469,,
,,,0.3960077166557312,,0.7334109544754028,,,,,,,5470,,
,,,0.46086904406547546,,0.7918367981910706,,,,,,,5471,,
,,,0.482900470495224,,0.8356382846832275,,,,,,,5472,,
,,,0.4787157475948334,,0.8540675044059753,,,,,,,5473,,
,,,0.511168360710144,,0.8261648416519165,,,,,,,5474,,
,,,0.4737481474876404,,0.8149974346160889,,,,,,,5475,,
,,,0.4973684549331665,,0.7864648103713989,,,,,,,5476,,
,,,0.5522827506065369,,0.8350050449371338,,,,,,,5477,,
,,,0.4450833201408386,,0.8082446455955505,,,,,,,5478,,
,,,0.28260868787765503,,0.8000000715255737,,,,,,,5479,,
136,0.3866000175476074,0.5131999850273132,,0.8176000118255615,,,,,,,,26714,,
136,,,,,,0.3148304522037506,,0.45443761348724365,,3.107041358947754,,26714,2.003485679626465,
137,,,,,,,0.29828208684921265,,0.43302619457244873,,2.994140625,26749,,1.7862131595611572
137,,,,,,,0.31625598669052124,,0.452054500579834,,3.033203125,26799,,2.130476951599121
137,,,,,,,0.326460063457489,,0.4617483913898468,,3.03125,26849,,2.00314998626709
137,,,,,,,0.3458388149738312,,0.4851630926132202,,3.1328125,26899,,2.241685390472412
,,,0.47950416803359985,,0.7979365587234497,,,,,,,5480,,
,,,0.4985615015029907,,0.7799431085586548,,,,,,,5481,,
,,,0.46671628952026367,,0.7856349945068359,,,,,,,5482,,
,,,0.44788360595703125,,0.8078267574310303,,,,,,,5483,,
,,,0.553367018699646,,0.8722221851348877,,,,,,,5484,,
,,,0.4782456159591675,,0.826872706413269,,,,,,,5485,,
,,,0.46995237469673157,,0.7858396172523499,,,,,,,5486,,
,,,0.5524054765701294,,0.8380702137947083,,,,,,,5487,,
,,,0.46032556891441345,,0.8084093332290649,,,,,,,5488,,
,,,0.49896904826164246,,0.8322345018386841,,,,,,,5489,,
,,,0.48886412382125854,,0.8176291584968567,,,,,,,5490,,
,,,0.47306394577026367,,0.8043478727340698,,,,,,,5491,,
,,,0.4424107074737549,,0.7697722911834717,,,,,,,5492,,
,,,0.44556736946105957,,0.7848314046859741,,,,,,,5493,,
,,,0.5193634033203125,,0.8512288331985474,,,,,,,5494,,
,,,0.5090000033378601,,0.8094501495361328,,,,,,,5495,,
,,,0.4720538854598999,,0.7974910736083984,,,,,,,5496,,
,,,0.511228084564209,,0.8246454000473022,,,,,,,5497,,
,,,0.44410431385040283,,0.7769841551780701,,,,,,,5498,,
,,,0.4825478494167328,,0.7820513248443604,,,,,,,5499,,
,,,0.4436916708946228,,0.8165719509124756,,,,,,,5500,,
,,,0.5322042107582092,,0.8373226523399353,,,,,,,5501,,
,,,0.5286195278167725,,0.8374552130699158,,,,,,,5502,,
,,,0.4986051321029663,,0.8432701826095581,,,,,,,5503,,
,,,0.47529155015945435,,0.8428947925567627,,,,,,,5504,,
,,,0.5307559967041016,,0.815964937210083,,,,,,,5505,,
,,,0.5501717925071716,,0.8524562120437622,,,,,,,5506,,
,,,0.5018327832221985,,0.7799880504608154,,,,,,,5507,,
,,,0.4340378940105438,,0.8197981119155884,,,,,,,5508,,
,,,0.4936026930809021,,0.8135416507720947,,,,,,,5509,,
,,,0.4244348406791687,,0.760041356086731,,,,,,,5510,,
,,,0.45539358258247375,,0.7875327467918396,,,,,,,5511,,
,,,0.5538537502288818,,0.8143616914749146,,,,,,,5512,,
,,,0.5042569041252136,,0.8408730030059814,,,,,,,5513,,
,,,0.4958333373069763,,0.8288530111312866,,,,,,,5514,,
,,,0.4733964800834656,,0.7751293778419495,,,,,,,5515,,
,,,0.5067212581634521,,0.8218168020248413,,,,,,,5516,,
,,,0.5516865253448486,,0.854508638381958,,,,,,,5517,,
,,,0.5037878751754761,,0.813741147518158,,,,,,,5518,,
,,,0.2826087176799774,,0.8000000715255737,,,,,,,5519,,
137,0.3847000002861023,0.5120999813079834,,0.8108000159263611,,,,,,,,26909,,
137,,,,,,0.3174120783805847,,0.45745861530303955,,3.1183993816375732,,26909,2.0014994144439697,
138,,,,,,,0.29297977685928345,,0.4328717887401581,,3.08984375,26949,,1.9664322137832642
138,,,,,,,0.34368401765823364,,0.4751814603805542,,2.974609375,26999,,2.08437442779541
138,,,,,,,0.324457049369812,,0.46961113810539246,,3.2265625,27049,,1.993133783340454
138,,,,,,,0.2930543124675751,,0.43233224749565125,,3.078125,27099,,1.9021642208099365
,,,0.49110788106918335,,0.8393386602401733,,,,,,,5520,,
,,,0.5300819277763367,,0.83685302734375,,,,,,,5521,,
,,,0.4815111756324768,,0.804986834526062,,,,,,,5522,,
,,,0.4921768605709076,,0.7990628480911255,,,,,,,5523,,
,,,0.519611120223999,,0.8959219455718994,,,,,,,5524,,
,,,0.48689237236976624,,0.8469101190567017,,,,,,,5525,,
,,,0.5347424745559692,,0.8116542100906372,,,,,,,5526,,
,,,0.5552188158035278,,0.8478947877883911,,,,,,,5527,,
,,,0.4271622896194458,,0.7610689401626587,,,,,,,5528,,
,,,0.4861111342906952,,0.8335164785385132,,,,,,,5529,,
,,,0.5367063879966736,,0.8155014514923096,,,,,,,5530,,
,,,0.4878472089767456,,0.7702898979187012,,,,,,,5531,,
,,,0.47609126567840576,,0.8317546844482422,,,,,,,5532,,
,,,0.44982457160949707,,0.8140449523925781,,,,,,,5533,,
,,,0.547619104385376,,0.837608814239502,,,,,,,5534,,
,,,0.5531666278839111,,0.8372851610183716,,,,,,,5535,,
,,,0.507560133934021,,0.8297491073608398,,,,,,,5536,,
,,,0.49810996651649475,,0.8241134881973267,,,,,,,5537,,
,,,0.4305555820465088,,0.7954823970794678,,,,,,,5538,,
,,,0.4787677824497223,,0.8130037188529968,,,,,,,5539,,
,,,0.5254092216491699,,0.8421401977539062,,,,,,,5540,,
,,,0.5379251837730408,,0.8285460472106934,,,,,,,5541,,
,,,0.5479592084884644,,0.8232975006103516,,,,,,,5542,,
,,,0.5371572971343994,,0.8489795923233032,,,,,,,5543,,
,,,0.5566569566726685,,0.88593989610672,,,,,,,5544,,
,,,0.5099326372146606,,0.8454385995864868,,,,,,,5545,,
,,,0.5659793615341187,,0.8017544150352478,,,,,,,5546,,
,,,0.46649831533432007,,0.79396653175354,,,,,,,5547,,
,,,0.49855178594589233,,0.8488872051239014,,,,,,,5548,,
,,,0.49540814757347107,,0.8239583373069763,,,,,,,5549,,
,,,0.4241982102394104,,0.7564182281494141,,,,,,,5550,,
,,,0.4816017150878906,,0.8138017654418945,,,,,,,5551,,
,,,0.527550995349884,,0.8191488981246948,,,,,,,5552,,
,,,0.5151996612548828,,0.8509424924850464,,,,,,,5553,,
,,,0.505050539970398,,0.8304659724235535,,,,,,,5554,,
,,,0.4623452425003052,,0.8322851657867432,,,,,,,5555,,
,,,0.5009920597076416,,0.7937370538711548,,,,,,,5556,,
,,,0.5642857551574707,,0.8601823449134827,,,,,,,5557,,
,,,0.48233330249786377,,0.8171098828315735,,,,,,,5558,,
,,,0.4047619104385376,,0.8000000715255737,,,,,,,5559,,
138,0.3937000036239624,0.5278000235557556,,0.8237000107765198,,,,,,,,27104,,
138,,,,,,0.31815484166145325,,0.45838427543640137,,3.1228365898132324,,27104,1.9979053735733032,
139,,,,,,,0.33036935329437256,,0.47083330154418945,,3.138671875,27149,,1.8807237148284912
139,,,,,,,0.26014822721481323,,0.3943576216697693,,2.9453125,27199,,1.8360275030136108
139,,,,,,,0.32893383502960205,,0.4669060707092285,,3.087890625,27249,,1.9865492582321167
139,,,,,,,0.3021007180213928,,0.44226911664009094,,3.10546875,27299,,2.2512969970703125
,,,0.5071676969528198,,0.8257407546043396,,,,,,,5560,,
,,,0.5118023157119751,,0.8002588152885437,,,,,,,5561,,
,,,0.4525282382965088,,0.792129635810852,,,,,,,5562,,
,,,0.4849611520767212,,0.7851316928863525,,,,,,,5563,,
,,,0.5134920477867126,,0.8713948130607605,,,,,,,5564,,
,,,0.5071306228637695,,0.7817416191101074,,,,,,,5565,,
,,,0.4765031337738037,,0.7744110822677612,,,,,,,5566,,
,,,0.4936027228832245,,0.8312281370162964,,,,,,,5567,,
,,,0.4508989453315735,,0.7738348245620728,,,,,,,5568,,
,,,0.4798109531402588,,0.8331502676010132,,,,,,,5569,,
,,,0.49698734283447266,,0.8305724263191223,,,,,,,5570,,
,,,0.4653061032295227,,0.7735507488250732,,,,,,,5571,,
,,,0.4728376865386963,,0.7943063974380493,,,,,,,5572,,
,,,0.46824562549591064,,0.8290262222290039,,,,,,,5573,,
,,,0.49599123001098633,,0.8056323528289795,,,,,,,5574,,
,,,0.5254999995231628,,0.8017181754112244,,,,,,,5575,,
,,,0.4631320536136627,,0.8145161271095276,,,,,,,5576,,
,,,0.515321671962738,,0.8189716339111328,,,,,,,5577,,
,,,0.4088435173034668,,0.7559219002723694,,,,,,,5578,,
,,,0.4513888955116272,,0.767033040523529,,,,,,,5579,,
,,,0.475227952003479,,0.8711174130439758,,,,,,,5580,,
,,,0.5108843445777893,,0.8467198610305786,,,,,,,5581,,
,,,0.5159794092178345,,0.85161292552948,,,,,,,5582,,
,,,0.45541125535964966,,0.8332361578941345,,,,,,,5583,,
,,,0.5068237781524658,,0.8389474153518677,,,,,,,5584,,
,,,0.5113402009010315,,0.807719349861145,,,,,,,5585,,
,,,0.5212584733963013,,0.8317544460296631,,,,,,,5586,,
,,,0.4791245758533478,,0.8030465841293335,,,,,,,5587,,
,,,0.45326459407806396,,0.7614648342132568,,,,,,,5588,,
,,,0.4895622730255127,,0.8177083730697632,,,,,,,5589,,
,,,0.4232507348060608,,0.7766045331954956,,,,,,,5590,,
,,,0.4393950402736664,,0.7613422870635986,,,,,,,5591,,
,,,0.5391885042190552,,0.8294326066970825,,,,,,,5592,,
,,,0.48211905360221863,,0.8682043552398682,,,,,,,5593,,
,,,0.5015463829040527,,0.8193548321723938,,,,,,,5594,,
,,,0.47864359617233276,,0.8162655830383301,,,,,,,5595,,
,,,0.46352478861808777,,0.8158385753631592,,,,,,,5596,,
,,,0.5909273624420166,,0.8586626052856445,,,,,,,5597,,
,,,0.46060606837272644,,0.7869681119918823,,,,,,,5598,,
,,,0.25,,0.8000000715255737,,,,,,,5599,,
139,0.3765000104904175,0.5092999935150146,,0.8095999956130981,,,,,,,,27299,,
139,,,,,,0.3139478862285614,,0.45347699522972107,,3.104497194290161,,27299,1.991152048110962,
140,,,,,,,0.3081779479980469,,0.45243701338768005,,3.193359375,27349,,1.9994717836380005
140,,,,,,,0.3301032781600952,,0.475219190120697,,3.232421875,27399,,2.0358409881591797
140,,,,,,,0.2911580204963684,,0.4280893802642822,,3.029296875,27449,,1.8399271965026855
,,,0.4974937438964844,,0.8180423974990845,,,,,,,5600,,
,,,0.4766210913658142,,0.7745341658592224,,,,,,,5601,,
,,,0.4443666934967041,,0.7883334159851074,,,,,,,5602,,
,,,0.4694564640522003,,0.7989615201950073,,,,,,,5603,,
,,,0.49842870235443115,,0.8716902732849121,,,,,,,5604,,
,,,0.5155141949653625,,0.804681658744812,,,,,,,5605,,
,,,0.4935305416584015,,0.7861905097961426,,,,,,,5606,,
,,,0.5378787517547607,,0.8092982769012451,,,,,,,5607,,
,,,0.4398871064186096,,0.8069908618927002,,,,,,,5608,,
,,,0.4756013751029968,,0.8350732922554016,,,,,,,5609,,
,,,0.5121011734008789,,0.8120567798614502,,,,,,,5610,,
,,,0.4461279511451721,,0.7623188495635986,,,,,,,5611,,
,,,0.4692460298538208,,0.7769410610198975,,,,,,,5612,,
,,,0.4594501852989197,,0.8016853928565979,,,,,,,5613,,
,,,0.5038480162620544,,0.8315156102180481,,,,,,,5614,,
,,,0.5494949817657471,,0.8274913430213928,,,,,,,5615,,
,,,0.4849533438682556,,0.801612913608551,,,,,,,5616,,
,,,0.47447919845581055,,0.8281914591789246,,,,,,,5617,,
,,,0.4264031946659088,,0.7551892995834351,,,,,,,5618,,
,,,0.4654386043548584,,0.7615385055541992,,,,,,,5619,,
,,,0.49785712361335754,,0.8359713554382324,,,,,,,5620,,
,,,0.528644323348999,,0.8208333253860474,,,,,,,5621,,
,,,0.5239795446395874,,0.8317204713821411,,,,,,,5622,,
,,,0.49324193596839905,,0.8193877339363098,,,,,,,5623,,
,,,0.5386418700218201,,0.8377945423126221,,,,,,,5624,,
,,,0.5008333325386047,,0.8177193403244019,,,,,,,5625,,
,,,0.5635738968849182,,0.8180702328681946,,,,,,,5626,,
,,,0.46887755393981934,,0.7760453820228577,,,,,,,5627,,
,,,0.433182954788208,,0.7930641770362854,,,,,,,5628,,
,,,0.5084174871444702,,0.8274306058883667,,,,,,,5629,,
,,,0.4417152404785156,,0.7675465941429138,,,,,,,5630,,
,,,0.4558066129684448,,0.7733386158943176,,,,,,,5631,,
,,,0.5362244844436646,,0.8186169862747192,,,,,,,5632,,
,,,0.47686389088630676,,0.8595238327980042,,,,,,,5633,,
,,,0.48585861921310425,,0.815412163734436,,,,,,,5634,,
,,,0.4816569685935974,,0.8147127628326416,,,,,,,5635,,
,,,0.4770987033843994,,0.8194617033004761,,,,,,,5636,,
,,,0.50161212682724,,0.8344731330871582,,,,,,,5637,,
,,,0.453083336353302,,0.7858155965805054,,,,,,,5638,,
,,,0.34090912342071533,,0.8000000715255737,,,,,,,5639,,
140,0.37959998846054077,0.5130000114440918,,0.8076000213623047,,,,,,,,27494,,
140,,,,,,0.31587910652160645,,0.4551652669906616,,3.1017227172851562,,27494,1.9928189516067505,
141,,,,,,,0.3375398516654968,,0.47471559047698975,,3.08203125,27499,,1.970857858657837
141,,,,,,,0.36263203620910645,,0.49562346935272217,,3.021484375,27549,,2.1440014839172363
141,,,,,,,0.3420811891555786,,0.4732925593852997,,2.966796875,27599,,1.835845947265625
141,,,,,,,0.35850656032562256,,0.4959767460823059,,3.107421875,27649,,2.226273536682129
,,,0.4565175771713257,,0.7762963175773621,,,,,,,5640,,
,,,0.44170427322387695,,0.7834110260009766,,,,,,,5641,,
,,,0.435019850730896,,0.7580423355102539,,,,,,,5642,,
,,,0.4502672553062439,,0.7922239303588867,,,,,,,5643,,
,,,0.5178571343421936,,0.8753545880317688,,,,,,,5644,,
,,,0.4887992739677429,,0.7804307341575623,,,,,,,5645,,
,,,0.5187143087387085,,0.7804260849952698,,,,,,,5646,,
,,,0.5522336959838867,,0.7928070425987244,,,,,,,5647,,
,,,0.38661903142929077,,0.7763171195983887,,,,,,,5648,,
,,,0.48204466700553894,,0.8239927291870117,,,,,,,5649,,
,,,0.498859167098999,,0.8156028389930725,,,,,,,5650,,
,,,0.43690475821495056,,0.7599637508392334,,,,,,,5651,,
,,,0.4799107313156128,,0.7941770553588867,,,,,,,5652,,
,,,0.4708772301673889,,0.7921348214149475,,,,,,,5653,,
,,,0.4725446403026581,,0.807603657245636,,,,,,,5654,,
,,,0.5070707201957703,,0.8082473874092102,,,,,,,5655,,
,,,0.44928815960884094,,0.7964158058166504,,,,,,,5656,,
,,,0.463310182094574,,0.8179078102111816,,,,,,,5657,,
,,,0.3663802742958069,,0.7762515544891357,,,,,,,5658,,
,,,0.45109331607818604,,0.7576923370361328,,,,,,,5659,,
,,,0.46307045221328735,,0.8130546808242798,,,,,,,5660,,
,,,0.5510082840919495,,0.800177276134491,,,,,,,5661,,
,,,0.47962963581085205,,0.7924730777740479,,,,,,,5662,,
,,,0.46368446946144104,,0.8090136051177979,,,,,,,5663,,
,,,0.4941825866699219,,0.827017605304718,,,,,,,5664,,
,,,0.49020618200302124,,0.7919298410415649,,,,,,,5665,,
,,,0.5038720369338989,,0.7956141233444214,,,,,,,5666,,
,,,0.4169501066207886,,0.7787933349609375,,,,,,,5667,,
,,,0.4130832254886627,,0.8245083093643188,,,,,,,5668,,
,,,0.45635735988616943,,0.7857639789581299,,,,,,,5669,,
,,,0.4051300883293152,,0.73097825050354,,,,,,,5670,,
,,,0.43392854928970337,,0.7827577590942383,,,,,,,5671,,
,,,0.505940318107605,,0.7951114177703857,,,,,,,5672,,
,,,0.47169581055641174,,0.8065972328186035,,,,,,,5673,,
,,,0.4957483112812042,,0.8200716972351074,,,,,,,5674,,
,,,0.4546741843223572,,0.7567417621612549,,,,,,,5675,,
,,,0.4580109119415283,,0.7804088592529297,,,,,,,5676,,
,,,0.508965015411377,,0.8263931274414062,,,,,,,5677,,
,,,0.4309999942779541,,0.7662234306335449,,,,,,,5678,,
,,,0.239130437374115,,0.8000000715255737,,,,,,,5679,,
141,0.367900013923645,0.4887000322341919,,0.7924000024795532,,,,,,,,27689,,
141,,,,,,0.3148598372936249,,0.4544805586338043,,3.1072616577148438,,27689,1.9905061721801758,
142,,,,,,,0.2802984118461609,,0.42009207606315613,,3.076171875,27699,,1.886425495147705
142,,,,,,,0.33931034803390503,,0.4778624176979065,,3.111328125,27749,,2.054929494857788
142,,,,,,,0.29266008734703064,,0.43220189213752747,,3.083984375,27799,,1.914417028427124
142,,,,,,,0.3627402186393738,,0.5003648996353149,,3.115234375,27849,,2.2857933044433594
,,,0.5039435029029846,,0.8094444870948792,,,,,,,5680,,
,,,0.49419957399368286,,0.8334109783172607,,,,,,,5681,,
,,,0.46486857533454895,,0.8185979127883911,,,,,,,5682,,
,,,0.47380954027175903,,0.788424551486969,,,,,,,5683,,
,,,0.5150555372238159,,0.8953309655189514,,,,,,,5684,,
,,,0.4835106134414673,,0.8259363174438477,,,,,,,5685,,
,,,0.5149110555648804,,0.808847188949585,,,,,,,5686,,
,,,0.59333336353302,,0.8478947877883911,,,,,,,5687,,
,,,0.4215022027492523,,0.8186929821968079,,,,,,,5688,,
,,,0.520087718963623,,0.826831579208374,,,,,,,5689,,
,,,0.5348120331764221,,0.8151469230651855,,,,,,,5690,,
,,,0.5152778029441833,,0.770652174949646,,,,,,,5691,,
,,,0.44727182388305664,,0.813535213470459,,,,,,,5692,,
,,,0.4794325828552246,,0.8292135000228882,,,,,,,5693,,
,,,0.5247234106063843,,0.8370711803436279,,,,,,,5694,,
,,,0.5538333654403687,,0.8142610788345337,,,,,,,5695,,
,,,0.4970178008079529,,0.7992831468582153,,,,,,,5696,,
,,,0.470370352268219,,0.835106372833252,,,,,,,5697,,
,,,0.44620180130004883,,0.7778388857841492,,,,,,,5698,,
,,,0.47167152166366577,,0.7727106809616089,,,,,,,5699,,
,,,0.4970113933086395,,0.8485795855522156,,,,,,,5700,,
,,,0.5414115190505981,,0.8281914591789246,,,,,,,5701,,
,,,0.5176870822906494,,0.8349462747573853,,,,,,,5702,,
,,,0.5055314898490906,,0.8602769374847412,,,,,,,5703,,
,,,0.5153439044952393,,0.8608521819114685,,,,,,,5704,,
,,,0.5249999761581421,,0.8229824900627136,,,,,,,5705,,
,,,0.527721107006073,,0.8277193307876587,,,,,,,5706,,
,,,0.47483333945274353,,0.7541218996047974,,,,,,,5707,,
,,,0.45655375719070435,,0.833100438117981,,,,,,,5708,,
,,,0.5175169706344604,,0.8357639312744141,,,,,,,5709,,
,,,0.467881441116333,,0.7451604604721069,,,,,,,5710,,
,,,0.46754759550094604,,0.8043825626373291,,,,,,,5711,,
,,,0.5465743541717529,,0.8337639570236206,,,,,,,5712,,
,,,0.4839407205581665,,0.8374007940292358,,,,,,,5713,,
,,,0.5137755870819092,,0.8383512496948242,,,,,,,5714,,
,,,0.463323712348938,,0.8077510595321655,,,,,,,5715,,
,,,0.5480201244354248,,0.8326863646507263,,,,,,,5716,,
,,,0.5682621002197266,,0.8895896673202515,,,,,,,5717,,
,,,0.4898989796638489,,0.8325355052947998,,,,,,,5718,,
,,,0.21739131212234497,,0.8000000715255737,,,,,,,5719,,
142,0.3801000118255615,0.5241000056266785,,0.8214999437332153,,,,,,,,27884,,
142,,,,,,0.31460267305374146,,0.4541257321834564,,3.1050281524658203,,27884,1.9888468980789185,
143,,,,,,,0.28376856446266174,,0.4198486804962158,,3.005859375,27899,,1.799196481704712
143,,,,,,,0.3511756956577301,,0.4852282404899597,,3.03125,27949,,1.9818098545074463
143,,,,,,,0.28336650133132935,,0.4233729839324951,,3.083984375,27999,,1.7900092601776123
143,,,,,,,0.28538310527801514,,0.42675358057022095,,3.11328125,28049,,1.8740053176879883
,,,0.5045164227485657,,0.8131482005119324,,,,,,,5720,,
,,,0.49004560708999634,,0.8137422800064087,,,,,,,5721,,
,,,0.510292649269104,,0.7875794172286987,,,,,,,5722,,
,,,0.5138726830482483,,0.8132472038269043,,,,,,,5723,,
,,,0.52564537525177,,0.8968085050582886,,,,,,,5724,,
,,,0.49403512477874756,,0.8248127698898315,,,,,,,5725,,
,,,0.5048104524612427,,0.779273271560669,,,,,,,5726,,
,,,0.5276094079017639,,0.8401755094528198,,,,,,,5727,,
,,,0.4327080249786377,,0.7773809432983398,,,,,,,5728,,
,,,0.5161458253860474,,0.8391941785812378,,,,,,,5729,,
,,,0.5454344749450684,,0.7905015349388123,,,,,,,5730,,
,,,0.4675084352493286,,0.7652174234390259,,,,,,,5731,,
,,,0.4649239182472229,,0.803493857383728,,,,,,,5732,,
,,,0.43975692987442017,,0.8058052062988281,,,,,,,5733,,
,,,0.5245550870895386,,0.8286482095718384,,,,,,,5734,,
,,,0.5145000219345093,,0.8137456178665161,,,,,,,5735,,
,,,0.49646538496017456,,0.8166666626930237,,,,,,,5736,,
,,,0.474942147731781,,0.832446813583374,,,,,,,5737,,
,,,0.4175170063972473,,0.8191087245941162,,,,,,,5738,,
,,,0.45247912406921387,,0.7743589878082275,,,,,,,5739,,
,,,0.4600147008895874,,0.8559659123420715,,,,,,,5740,,
,,,0.5380471348762512,,0.849024772644043,,,,,,,5741,,
,,,0.5017006397247314,,0.8259856700897217,,,,,,,5742,,
,,,0.5490620732307434,,0.8242225646972656,,,,,,,5743,,
,,,0.5342782735824585,,0.8508270978927612,,,,,,,5744,,
,,,0.46666663885116577,,0.8036842346191406,,,,,,,5745,,
,,,0.5235690474510193,,0.807719349861145,,,,,,,5746,,
,,,0.5104308128356934,,0.8023895025253296,,,,,,,5747,,
,,,0.4388561248779297,,0.8279503583908081,,,,,,,5748,,
,,,0.5147958993911743,,0.8274306058883667,,,,,,,5749,,
,,,0.4272594749927521,,0.7890269160270691,,,,,,,5750,,
,,,0.491848886013031,,0.794113039970398,,,,,,,5751,,
,,,0.5847523212432861,,0.8500759601593018,,,,,,,5752,,
,,,0.46560847759246826,,0.8315972089767456,,,,,,,5753,,
,,,0.46088436245918274,,0.8614695072174072,,,,,,,5754,,
,,,0.48062658309936523,,0.7962474226951599,,,,,,,5755,,
,,,0.48328372836112976,,0.7870082855224609,,,,,,,5756,,
,,,0.5308051109313965,,0.8485562205314636,,,,,,,5757,,
,,,0.4754166603088379,,0.8211879730224609,,,,,,,5758,,
,,,0.4000000059604645,,0.8666667342185974,,,,,,,5759,,
143,0.3986000120639801,0.5163000226020813,,0.8162000179290771,,,,,,,,28079,,
143,,,,,,0.31433507800102234,,0.4539073705673218,,3.10568904876709,,28079,1.9808846712112427,
144,,,,,,,0.2809002697467804,,0.41956520080566406,,3.0546875,28099,,2.0849554538726807
144,,,,,,,0.30375373363494873,,0.44225257635116577,,3.07421875,28149,,1.8940824270248413
144,,,,,,,0.3012425899505615,,0.4376697242259979,,3.029296875,28199,,1.8649001121520996
144,,,,,,,0.3613225221633911,,0.5021919012069702,,3.1796875,28249,,2.1162984371185303
,,,0.4904017746448517,,0.8090741634368896,,,,,,,5760,,
,,,0.4783959984779358,,0.8135610818862915,,,,,,,5761,,
,,,0.49488723278045654,,0.7930423617362976,,,,,,,5762,,
,,,0.48180270195007324,,0.7922239303588867,,,,,,,5763,,
,,,0.4799444377422333,,0.8702718615531921,,,,,,,5764,,
,,,0.4686170220375061,,0.8424157500267029,,,,,,,5765,,
,,,0.4940475821495056,,0.8052381277084351,,,,,,,5766,,
,,,0.546048104763031,,0.8331579566001892,,,,,,,5767,,
,,,0.4676485061645508,,0.7952888011932373,,,,,,,5768,,
,,,0.4845360517501831,,0.8474359512329102,,,,,,,5769,,
,,,0.5203869342803955,,0.7894376516342163,,,,,,,5770,,
,,,0.487800657749176,,0.7653985619544983,,,,,,,5771,,
,,,0.47127822041511536,,0.7863612771034241,,,,,,,5772,,
,,,0.4500000476837158,,0.817415714263916,,,,,,,5773,,
,,,0.539941668510437,,0.8472094535827637,,,,,,,5774,,
,,,0.569865345954895,,0.8060137033462524,,,,,,,5775,,
,,,0.4704081416130066,,0.8139784336090088,,,,,,,5776,,
,,,0.5151462554931641,,0.8218084573745728,,,,,,,5777,,
,,,0.42794615030288696,,0.8044567108154297,,,,,,,5778,,
,,,0.46347567439079285,,0.7996337413787842,,,,,,,5779,,
,,,0.48117104172706604,,0.8407062292098999,,,,,,,5780,,
,,,0.5522336959838867,,0.8446808457374573,,,,,,,5781,,
,,,0.5198979377746582,,0.783512532711029,,,,,,,5782,,
,,,0.49785953760147095,,0.8504129648208618,,,,,,,5783,,
,,,0.49917030334472656,,0.8480702042579651,,,,,,,5784,,
,,,0.49696969985961914,,0.8317544460296631,,,,,,,5785,,
,,,0.5306122303009033,,0.8089474439620972,,,,,,,5786,,
,,,0.4985409379005432,,0.8242533206939697,,,,,,,5787,,
,,,0.4094752371311188,,0.8368271589279175,,,,,,,5788,,
,,,0.5066326856613159,,0.8083333373069763,,,,,,,5789,,
,,,0.40238097310066223,,0.7833074331283569,,,,,,,5790,,
,,,0.48300865292549133,,0.8085819482803345,,,,,,,5791,,
,,,0.5456228852272034,,0.8427305221557617,,,,,,,5792,,
,,,0.47614187002182007,,0.8224702477455139,,,,,,,5793,,
,,,0.47366663813591003,,0.8152329325675964,,,,,,,5794,,
,,,0.4616739749908447,,0.8081133961677551,,,,,,,5795,,
,,,0.49800774455070496,,0.8155797719955444,,,,,,,5796,,
,,,0.5542030930519104,,0.8553698062896729,,,,,,,5797,,
,,,0.47601011395454407,,0.8480496406555176,,,,,,,5798,,
,,,0.380952388048172,,0.8000000715255737,,,,,,,5799,,
144,0.381600022315979,0.5171999931335449,,0.8187999725341797,,,,,,,,28274,,
144,,,,,,0.3123777508735657,,0.4513017237186432,,3.0908353328704834,,28274,1.9784119129180908,
145,,,,,,,0.2622641623020172,,0.40637749433517456,,3.14453125,28299,,1.775528907775879
145,,,,,,,0.30862927436828613,,0.4528657793998718,,3.193359375,28349,,1.9745674133300781
145,,,,,,,0.32904642820358276,,0.47104138135910034,,3.16796875,28399,,2.181441307067871
145,,,,,,,0.29435473680496216,,0.44003739953041077,,3.20703125,28449,,1.9143046140670776
,,,0.496550053358078,,0.8258201479911804,,,,,,,5800,,
,,,0.5011160969734192,,0.8240683674812317,,,,,,,5801,,
,,,0.4862155616283417,,0.7818518877029419,,,,,,,5802,,
,,,0.4837506115436554,,0.7999493479728699,,,,,,,5803,,
,,,0.5447279214859009,,0.8985224962234497,,,,,,,5804,,
,,,0.5375447869300842,,0.8198502063751221,,,,,,,5805,,
,,,0.5097181797027588,,0.8213784694671631,,,,,,,5806,,
,,,0.5865979194641113,,0.8292983174324036,,,,,,,5807,,
,,,0.44490140676498413,,0.820820689201355,,,,,,,5808,,
,,,0.5169298648834229,,0.8161172866821289,,,,,,,5809,,
,,,0.5397643446922302,,0.8137284517288208,,,,,,,5810,,
,,,0.47268038988113403,,0.7692029476165771,,,,,,,5811,,
,,,0.46222060918807983,,0.8091615438461304,,,,,,,5812,,
,,,0.46859651803970337,,0.8355805277824402,,,,,,,5813,,
,,,0.5562682151794434,,0.8468509912490845,,,,,,,5814,,
,,,0.5601666569709778,,0.8048110008239746,,,,,,,5815,,
,,,0.48469388484954834,,0.8250895738601685,,,,,,,5816,,
,,,0.5422335863113403,,0.8241134881973267,,,,,,,5817,,
,,,0.43460649251937866,,0.8026251792907715,,,,,,,5818,,
,,,0.4825478494167328,,0.7880952954292297,,,,,,,5819,,
,,,0.4811905026435852,,0.8300189971923828,,,,,,,5820,,
,,,0.5095839500427246,,0.8307623863220215,,,,,,,5821,,
,,,0.5306122303009033,,0.8372759819030762,,,,,,,5822,,
,,,0.5608225464820862,,0.8253158330917358,,,,,,,5823,,
,,,0.5208153128623962,,0.869736909866333,,,,,,,5824,,
,,,0.49370747804641724,,0.8349123001098633,,,,,,,5825,,
,,,0.5599656105041504,,0.8347368836402893,,,,,,,5826,,
,,,0.4973958730697632,,0.8124253749847412,,,,,,,5827,,
,,,0.4797496199607849,,0.8272256851196289,,,,,,,5828,,
,,,0.4913265109062195,,0.8258681297302246,,,,,,,5829,,
,,,0.476337730884552,,0.8026138544082642,,,,,,,5830,,
,,,0.4671236276626587,,0.8019100427627563,,,,,,,5831,,
,,,0.5200096368789673,,0.826418399810791,,,,,,,5832,,
,,,0.5267195701599121,,0.841468334197998,,,,,,,5833,,
,,,0.5166666507720947,,0.8546594977378845,,,,,,,5834,,
,,,0.4888969957828522,,0.8435429334640503,,,,,,,5835,,
,,,0.5166912078857422,,0.7879399657249451,,,,,,,5836,,
,,,0.5414434671401978,,0.8459979295730591,,,,,,,5837,,
,,,0.48399999737739563,,0.8054964542388916,,,,,,,5838,,
,,,0.3181818127632141,,0.8666666746139526,,,,,,,5839,,
145,0.3930000066757202,0.5291000008583069,,0.8222000002861023,,,,,,,,28469,,
145,,,,,,0.3125796914100647,,0.4506271481513977,,3.0735175609588623,,28469,1.9740965366363525,
146,,,,,,,0.3240513503551483,,0.4599483907222748,,3.04296875,28499,,1.9776930809020996
146,,,,,,,0.3146711587905884,,0.45567587018013,,3.134765625,28549,,1.868229627609253
146,,,,,,,0.3482677936553955,,0.4936961829662323,,3.255859375,28599,,1.9624664783477783
146,,,,,,,0.304065078496933,,0.44340282678604126,,3.091796875,28649,,2.194340705871582
,,,0.490597665309906,,0.8287831544876099,,,,,,,5840,,
,,,0.4579613208770752,,0.8023291826248169,,,,,,,5841,,
,,,0.41948166489601135,,0.7937037348747253,,,,,,,5842,,
,,,0.4560137391090393,,0.8113728165626526,,,,,,,5843,,
,,,0.5431972742080688,,0.8823877573013306,,,,,,,5844,,
,,,0.4904513955116272,,0.8278089761734009,,,,,,,5845,,
,,,0.4818512797355652,,0.8085964918136597,,,,,,,5846,,
,,,0.5508590936660767,,0.8263158798217773,,,,,,,5847,,
,,,0.4341350793838501,,0.8165653347969055,,,,,,,5848,,
,,,0.5258591175079346,,0.8222528100013733,,,,,,,5849,,
,,,0.5012633800506592,,0.8186930418014526,,,,,,,5850,,
,,,0.4420875310897827,,0.789130449295044,,,,,,,5851,,
,,,0.4599454402923584,,0.8149068355560303,,,,,,,5852,,
,,,0.4715789556503296,,0.8014981150627136,,,,,,,5853,,
,,,0.5329725742340088,,0.8375319838523865,,,,,,,5854,,
,,,0.5148333311080933,,0.8189003467559814,,,,,,,5855,,
,,,0.4913032650947571,,0.820788562297821,,,,,,,5856,,
,,,0.4677083492279053,,0.8455673456192017,,,,,,,5857,,
,,,0.4092210531234741,,0.7866911292076111,,,,,,,5858,,
,,,0.452504962682724,,0.7578755021095276,,,,,,,5859,,
,,,0.475050151348114,,0.8439258337020874,,,,,,,5860,,
,,,0.5431972742080688,,0.8210992813110352,,,,,,,5861,,
,,,0.4967353940010071,,0.7853046655654907,,,,,,,5862,,
,,,0.5101797580718994,,0.8295918107032776,,,,,,,5863,,
,,,0.5025372505187988,,0.8464035987854004,,,,,,,5864,,
,,,0.5336735248565674,,0.823859691619873,,,,,,,5865,,
,,,0.5193603038787842,,0.8240351676940918,,,,,,,5866,,
,,,0.49266892671585083,,0.8290322422981262,,,,,,,5867,,
,,,0.4555228352546692,,0.8290373086929321,,,,,,,5868,,
,,,0.4772108793258667,,0.8062499761581421,,,,,,,5869,,
,,,0.47511279582977295,,0.7445393204689026,,,,,,,5870,,
,,,0.49942904710769653,,0.7692046165466309,,,,,,,5871,,
,,,0.533041775226593,,0.7747213840484619,,,,,,,5872,,
,,,0.4783068895339966,,0.8314236402511597,,,,,,,5873,,
,,,0.4560137391090393,,0.8311827778816223,,,,,,,5874,,
,,,0.4745826721191406,,0.7720367908477783,,,,,,,5875,,
,,,0.4918752908706665,,0.8242753744125366,,,,,,,5876,,
,,,0.535058319568634,,0.8518236875534058,,,,,,,5877,,
,,,0.4947499930858612,,0.8083332777023315,,,,,,,5878,,
,,,0.34090912342071533,,0.8000000715255737,,,,,,,5879,,
146,0.3841000199317932,0.510200023651123,,0.8123999834060669,,,,,,,,28664,,
146,,,,,,0.312026709318161,,0.4508392810821533,,3.0882811546325684,,28664,1.9688410758972168,
147,,,,,,,0.32540956139564514,,0.46136075258255005,,3.044921875,28699,,2.008324146270752
147,,,,,,,0.34569698572158813,,0.48038968443870544,,3.0390625,28749,,2.0219497680664062
147,,,,,,,0.31821492314338684,,0.4614838659763336,,3.18359375,28799,,1.9748696088790894
147,,,,,,,0.30188649892807007,,0.43950212001800537,,3.0546875,28849,,1.9455864429473877
,,,0.4987013339996338,,0.8118519186973572,,,,,,,5880,,
,,,0.4800932705402374,,0.8337733149528503,,,,,,,5881,,
,,,0.5012656450271606,,0.8000925779342651,,,,,,,5882,,
,,,0.4640893340110779,,0.8179331421852112,,,,,,,5883,,
,,,0.5918670892715454,,0.875,,,,,,,5884,,
,,,0.5311170220375061,,0.8484082221984863,,,,,,,5885,,
,,,0.5122691988945007,,0.8263909816741943,,,,,,,5886,,
,,,0.5914141535758972,,0.8270175457000732,,,,,,,5887,,
,,,0.43631553649902344,,0.8139817714691162,,,,,,,5888,,
,,,0.4914930462837219,,0.8282051682472229,,,,,,,5889,,
,,,0.5349702835083008,,0.8566362857818604,,,,,,,5890,,
,,,0.4721052646636963,,0.7675725221633911,,,,,,,5891,,
,,,0.4986322224140167,,0.8205227851867676,,,,,,,5892,,
,,,0.5308510661125183,,0.813295841217041,,,,,,,5893,,
,,,0.5546882152557373,,0.8567075729370117,,,,,,,5894,,
,,,0.5189999938011169,,0.8249140977859497,,,,,,,5895,,
,,,0.5172497034072876,,0.8234766721725464,,,,,,,5896,,
,,,0.5142360925674438,,0.8549644947052002,,,,,,,5897,,
,,,0.3945578336715698,,0.8132479190826416,,,,,,,5898,,
,,,0.48323413729667664,,0.8056777715682983,,,,,,,5899,,
,,,0.5194361209869385,,0.8430870771408081,,,,,,,5900,,
,,,0.5763605237007141,,0.8414893746376038,,,,,,,5901,,
,,,0.5180000066757202,,0.8209677338600159,,,,,,,5902,,
,,,0.5344637036323547,,0.8581632375717163,,,,,,,5903,,
,,,0.5520089268684387,,0.8636717200279236,,,,,,,5904,,
,,,0.5207483172416687,,0.830350935459137,,,,,,,5905,,
,,,0.531615138053894,,0.8452632427215576,,,,,,,5906,,
,,,0.464927077293396,,0.8243130445480347,,,,,,,5907,,
,,,0.4355238080024719,,0.8531315326690674,,,,,,,5908,,
,,,0.5479381084442139,,0.8265625238418579,,,,,,,5909,,
,,,0.44756996631622314,,0.800543487071991,,,,,,,5910,,
,,,0.4968051612377167,,0.8225275278091431,,,,,,,5911,,
,,,0.5344877243041992,,0.826418399810791,,,,,,,5912,,
,,,0.4873496890068054,,0.8326389193534851,,,,,,,5913,,
,,,0.500170111656189,,0.8539425730705261,,,,,,,5914,,
,,,0.48437803983688354,,0.7988742589950562,,,,,,,5915,,
,,,0.4768950343132019,,0.8334109783172607,,,,,,,5916,,
,,,0.5767857432365417,,0.863728404045105,,,,,,,5917,,
,,,0.482828289270401,,0.8197695016860962,,,,,,,5918,,
,,,0.44999998807907104,,0.8000000715255737,,,,,,,5919,,
147,0.3985999822616577,0.5275000333786011,,0.8288999795913696,,,,,,,,28859,,
147,,,,,,0.31043368577957153,,0.4486880302429199,,3.0754106044769287,,28859,1.9653345346450806,
148,,,,,,,0.27810531854629517,,0.4136141240596771,,2.98828125,28899,,1.9437966346740723
148,,,,,,,0.31168192625045776,,0.4522257447242737,,3.123046875,28949,,1.9753940105438232
148,,,,,,,0.32638657093048096,,0.46949106454849243,,3.1875,28999,,1.9904911518096924
148,,,,,,,0.3207080364227295,,0.45884743332862854,,3.083984375,29049,,2.0168890953063965
,,,0.5012518167495728,,0.8101851940155029,,,,,,,5920,,
,,,0.4613095223903656,,0.753700852394104,,,,,,,5921,,
,,,0.45160776376724243,,0.7510979175567627,,,,,,,5922,,
,,,0.45490914583206177,,0.7797112464904785,,,,,,,5923,,
,,,0.508276641368866,,0.8570921421051025,,,,,,,5924,,
,,,0.47083330154418945,,0.7756554484367371,,,,,,,5925,,
,,,0.4818571209907532,,0.7816541790962219,,,,,,,5926,,
,,,0.530240535736084,,0.8245614767074585,,,,,,,5927,,
,,,0.43551790714263916,,0.7667426466941833,,,,,,,5928,,
,,,0.48118555545806885,,0.7948718070983887,,,,,,,5929,,
,,,0.5092509984970093,,0.7975937128067017,,,,,,,5930,,
,,,0.4461279511451721,,0.7519927024841309,,,,,,,5931,,
,,,0.4606889486312866,,0.7685041427612305,,,,,,,5932,,
,,,0.4517543911933899,,0.7926965951919556,,,,,,,5933,,
,,,0.510628342628479,,0.8183563947677612,,,,,,,5934,,
,,,0.468666672706604,,0.8189003467559814,,,,,,,5935,,
,,,0.43460971117019653,,0.8048386573791504,,,,,,,5936,,
,,,0.4694444239139557,,0.8432624340057373,,,,,,,5937,,
,,,0.38957616686820984,,0.7934677004814148,,,,,,,5938,,
,,,0.4420883059501648,,0.7655677795410156,,,,,,,5939,,
,,,0.4593254327774048,,0.8139204978942871,,,,,,,5940,,
,,,0.5417525172233582,,0.8108155727386475,,,,,,,5941,,
,,,0.4965277910232544,,0.7896057367324829,,,,,,,5942,,
,,,0.4970899224281311,,0.8268707394599915,,,,,,,5943,,
,,,0.5070692300796509,,0.825263261795044,,,,,,,5944,,
,,,0.5291666984558105,,0.8094737529754639,,,,,,,5945,,
,,,0.48962584137916565,,0.8024561405181885,,,,,,,5946,,
,,,0.4782313108444214,,0.8092592358589172,,,,,,,5947,,
,,,0.45131194591522217,,0.7976967096328735,,,,,,,5948,,
,,,0.4720538854598999,,0.7793403267860413,,,,,,,5949,,
,,,0.4547618627548218,,0.7533385157585144,,,,,,,5950,,
,,,0.4241582751274109,,0.7607666254043579,,,,,,,5951,,
,,,0.5273208618164062,,0.8005319237709045,,,,,,,5952,,
,,,0.44788092374801636,,0.8195188641548157,,,,,,,5953,,
,,,0.46060603857040405,,0.8195340633392334,,,,,,,5954,,
,,,0.4616960883140564,,0.7439700365066528,,,,,,,5955,,
,,,0.4467201232910156,,0.8052536249160767,,,,,,,5956,,
,,,0.5072643756866455,,0.8372846841812134,,,,,,,5957,,
,,,0.4558333158493042,,0.7644503116607666,,,,,,,5958,,
,,,0.4000000059604645,,0.8000000715255737,,,,,,,5959,,
148,0.36649999022483826,0.49590003490448,,0.7949000000953674,,,,,,,,29054,,
148,,,,,,0.31308719515800476,,0.45101237297058105,,3.0715644359588623,,29054,1.9653351306915283,
149,,,,,,,0.3558420240879059,,0.48721984028816223,,2.984375,29099,,2.1501011848449707
149,,,,,,,0.3102826476097107,,0.4485771059989929,,3.076171875,29149,,1.959965705871582
149,,,,,,,0.3226086497306824,,0.46223992109298706,,3.115234375,29199,,2.0634427070617676
149,,,,,,,0.33788061141967773,,0.4714992642402649,,3.009765625,29249,,2.0097780227661133
,,,0.5082093477249146,,0.8235979676246643,,,,,,,5960,,
,,,0.5068483352661133,,0.8210921287536621,,,,,,,5961,,
,,,0.4797247052192688,,0.7646164298057556,,,,,,,5962,,
,,,0.468483030796051,,0.8135005235671997,,,,,,,5963,,
,,,0.5034580230712891,,0.8660756349563599,,,,,,,5964,,
,,,0.5041666626930237,,0.8352996110916138,,,,,,,5965,,
,,,0.51454758644104,,0.789097785949707,,,,,,,5966,,
,,,0.5092592239379883,,0.8536843061447144,,,,,,,5967,,
,,,0.46362975239753723,,0.7844731211662292,,,,,,,5968,,
,,,0.4779209494590759,,0.8648352026939392,,,,,,,5969,,
,,,0.5464653372764587,,0.8014943599700928,,,,,,,5970,,
,,,0.47996634244918823,,0.7847826480865479,,,,,,,5971,,
,,,0.46853214502334595,,0.8090062141418457,,,,,,,5972,,
,,,0.4582456350326538,,0.7893258333206177,,,,,,,5973,,
,,,0.514825701713562,,0.8340245485305786,,,,,,,5974,,
,,,0.5189999938011169,,0.8214776515960693,,,,,,,5975,,
,,,0.4626022279262543,,0.8478494882583618,,,,,,,5976,,
,,,0.5223922729492188,,0.829077959060669,,,,,,,5977,,
,,,0.3744107484817505,,0.7892552614212036,,,,,,,5978,,
,,,0.4525313377380371,,0.7730770111083984,,,,,,,5979,,
,,,0.4588119685649872,,0.8533955812454224,,,,,,,5980,,
,,,0.535702109336853,,0.82491135597229,,,,,,,5981,,
,,,0.48265305161476135,,0.8209677338600159,,,,,,,5982,,
,,,0.5168590545654297,,0.8261904716491699,,,,,,,5983,,
,,,0.5094630718231201,,0.8430577516555786,,,,,,,5984,,
,,,0.5419243574142456,,0.8373684883117676,,,,,,,5985,,
,,,0.5375850200653076,,0.8145614862442017,,,,,,,5986,,
,,,0.44219979643821716,,0.8277180194854736,,,,,,,5987,,
,,,0.47901788353919983,,0.8269410133361816,,,,,,,5988,,
,,,0.4910774528980255,,0.7840277552604675,,,,,,,5989,,
,,,0.4833834767341614,,0.7850414514541626,,,,,,,5990,,
,,,0.47080329060554504,,0.794021487236023,,,,,,,5991,,
,,,0.5220602750778198,,0.8156787753105164,,,,,,,5992,,
,,,0.48538094758987427,,0.8353174924850464,,,,,,,5993,,
,,,0.5020833611488342,,0.8499999642372131,,,,,,,5994,,
,,,0.48516198992729187,,0.7624611854553223,,,,,,,5995,,
,,,0.45063167810440063,,0.8083074688911438,,,,,,,5996,,
,,,0.5280904769897461,,0.84820157289505,,,,,,,5997,,
,,,0.5164965391159058,,0.819858193397522,,,,,,,5998,,
,,,0.3863636553287506,,0.9333333969116211,,,,,,,5999,,
149,0.39410001039505005,0.5184000134468079,,0.8156999945640564,,,,,,,,29249,,
149,,,,,,0.31128692626953125,,0.4487660229206085,,3.0608372688293457,,29249,1.9573287963867188,
150,,,,,,,0.31918954849243164,,0.45825937390327454,,3.099609375,29299,,1.8392486572265625
150,,,,,,,0.29315370321273804,,0.42913079261779785,,3.01171875,29349,,1.9946305751800537
150,,,,,,,0.3269318640232086,,0.46549248695373535,,3.09765625,29399,,1.8537318706512451
,,,0.45259958505630493,,0.7573015689849854,,,,,,,6000,,
,,,0.4582826793193817,,0.7574793100357056,,,,,,,6001,,
,,,0.4445112943649292,,0.7405423521995544,,,,,,,6002,,
,,,0.47405755519866943,,0.7646403312683105,,,,,,,6003,,
,,,0.4924444258213043,,0.8285460472106934,,,,,,,6004,,
,,,0.4349290728569031,,0.7882958650588989,,,,,,,6005,,
,,,0.4844624102115631,,0.7575439214706421,,,,,,,6006,,
,,,0.5073882937431335,,0.8143860101699829,,,,,,,6007,,
,,,0.4225331246852875,,0.7876645922660828,,,,,,,6008,,
,,,0.46754390001296997,,0.8097070455551147,,,,,,,6009,,
,,,0.5184524059295654,,0.7553951144218445,,,,,,,6010,,
,,,0.4465986490249634,,0.7356883883476257,,,,,,,6011,,
,,,0.4199405014514923,,0.7787266969680786,,,,,,,6012,,
,,,0.39587628841400146,,0.7612359523773193,,,,,,,6013,,
,,,0.48454809188842773,,0.8096518516540527,,,,,,,6014,,
,,,0.4581666588783264,,0.8089346885681152,,,,,,,6015,,
,,,0.4379008710384369,,0.7605735063552856,,,,,,,6016,,
,,,0.44707903265953064,,0.8132978677749634,,,,,,,6017,,
,,,0.39490264654159546,,0.7769841551780701,,,,,,,6018,,
,,,0.42619049549102783,,0.7351648807525635,,,,,,,6019,,
,,,0.4239741563796997,,0.7983766794204712,,,,,,,6020,,
,,,0.4833333492279053,,0.8140071034431458,,,,,,,6021,,
,,,0.48762887716293335,,0.7838709354400635,,,,,,,6022,,
,,,0.5239796042442322,,0.8175169825553894,,,,,,,6023,,
,,,0.49557292461395264,,0.8096241354942322,,,,,,,6024,,
,,,0.4967687129974365,,0.8135088086128235,,,,,,,6025,,
,,,0.49896907806396484,,0.7933334112167358,,,,,,,6026,,
,,,0.4499427080154419,,0.772520899772644,,,,,,,6027,,
,,,0.4298478066921234,,0.8072981238365173,,,,,,,6028,,
,,,0.4749140739440918,,0.7649306058883667,,,,,,,6029,,
,,,0.4471331238746643,,0.687991738319397,,,,,,,6030,,
,,,0.4259818196296692,,0.7371534109115601,,,,,,,6031,,
,,,0.5143347978591919,,0.7599290609359741,,,,,,,6032,,
,,,0.45290473103523254,,0.7860119342803955,,,,,,,6033,,
,,,0.47585034370422363,,0.8152329921722412,,,,,,,6034,,
,,,0.4231722056865692,,0.7452510595321655,,,,,,,6035,,
,,,0.46443453431129456,,0.772722601890564,,,,,,,6036,,
,,,0.5057927966117859,,0.7927051186561584,,,,,,,6037,,
,,,0.47356903553009033,,0.7924644947052002,,,,,,,6038,,
,,,0.380952388048172,,0.8000000715255737,,,,,,,6039,,
150,0.36250001192092896,0.4828000068664551,,0.7819000482559204,,,,,,,,29444,,
150,,,,,,0.3126074969768524,,0.4508834779262543,,3.0780749320983887,,29444,1.9632738828659058,
151,,,,,,,0.30467021465301514,,0.4450763463973999,,3.11328125,29449,,1.9561750888824463
151,,,,,,,0.31714144349098206,,0.4506984353065491,,2.98828125,29499,,1.9808359146118164
151,,,,,,,0.28579866886138916,,0.41958001255989075,,2.9609375,29549,,1.8659764528274536
151,,,,,,,0.3257692754268646,,0.46316733956336975,,3.07421875,29599,,2.121875524520874
,,,0.48110276460647583,,0.8275926113128662,,,,,,,6040,,
,,,0.48105162382125854,,0.83685302734375,,,,,,,6041,,
,,,0.47869545221328735,,0.7675000429153442,,,,,,,6042,,
,,,0.45264822244644165,,0.777938187122345,,,,,,,6043,,
,,,0.477388858795166,,0.8662529587745667,,,,,,,6044,,
,,,0.49760639667510986,,0.7997190952301025,,,,,,,6045,,
,,,0.4792618751525879,,0.7671679258346558,,,,,,,6046,,
,,,0.5644557476043701,,0.8236842155456543,,,,,,,6047,,
,,,0.4444849491119385,,0.7971377968788147,,,,,,,6048,,
,,,0.44079864025115967,,0.8378205299377441,,,,,,,6049,,
,,,0.5599454641342163,,0.834650456905365,,,,,,,6050,,
,,,0.4102693796157837,,0.7527174353599548,,,,,,,6051,,
,,,0.48018354177474976,,0.7946946620941162,,,,,,,6052,,
,,,0.46388888359069824,,0.7988764047622681,,,,,,,6053,,
,,,0.48187559843063354,,0.8041986227035522,,,,,,,6054,,
,,,0.5198333263397217,,0.8139175176620483,,,,,,,6055,,
,,,0.478206992149353,,0.8184587955474854,,,,,,,6056,,
,,,0.48167240619659424,,0.8287233710289001,,,,,,,6057,,
,,,0.39264869689941406,,0.8040903806686401,,,,,,,6058,,
,,,0.47795701026916504,,0.7743589878082275,,,,,,,6059,,
,,,0.49162906408309937,,0.8129734992980957,,,,,,,6060,,
,,,0.5632302165031433,,0.8240247964859009,,,,,,,6061,,
,,,0.4982817769050598,,0.802150547504425,,,,,,,6062,,
,,,0.5270562767982483,,0.794387698173523,,,,,,,6063,,
,,,0.50835782289505,,0.8320927619934082,,,,,,,6064,,
,,,0.5316498279571533,,0.8282456398010254,,,,,,,6065,,
,,,0.5153061151504517,,0.8322807550430298,,,,,,,6066,,
,,,0.4750567078590393,,0.8206690549850464,,,,,,,6067,,
,,,0.42797017097473145,,0.808747410774231,,,,,,,6068,,
,,,0.5084174871444702,,0.7937500476837158,,,,,,,6069,,
,,,0.4396825432777405,,0.7598602771759033,,,,,,,6070,,
,,,0.4422066807746887,,0.7870618104934692,,,,,,,6071,,
,,,0.5351988077163696,,0.817375898361206,,,,,,,6072,,
,,,0.45760446786880493,,0.8266369700431824,,,,,,,6073,,
,,,0.49659863114356995,,0.8333333134651184,,,,,,,6074,,
,,,0.4689868688583374,,0.7739648222923279,,,,,,,6075,,
,,,0.48617589473724365,,0.8131987452507019,,,,,,,6076,,
,,,0.5336524248123169,,0.8412107229232788,,,,,,,6077,,
,,,0.47425001859664917,,0.8212765455245972,,,,,,,6078,,
,,,0.25,,0.9333333969116211,,,,,,,6079,,
151,0.3822000026702881,0.5077999830245972,,0.8057000041007996,,,,,,,,29639,,
151,,,,,,0.31198590993881226,,0.4500041604042053,,3.0723257064819336,,29639,1.9612828493118286,
152,,,,,,,0.29395654797554016,,0.43379974365234375,,3.091796875,29649,,2.0137648582458496
152,,,,,,,0.31110647320747375,,0.4448431432247162,,2.986328125,29699,,1.9783357381820679
152,,,,,,,0.3142954111099243,,0.4470181465148926,,2.96875,29749,,1.7403247356414795
152,,,,,,,0.3082605302333832,,0.44995200634002686,,3.142578125,29799,,1.8594720363616943
,,,0.542390763759613,,0.8440741300582886,,,,,,,6080,,
,,,0.5209376811981201,,0.8046842813491821,,,,,,,6081,,
,,,0.48107507824897766,,0.8059259653091431,,,,,,,6082,,
,,,0.4959183931350708,,0.8258105516433716,,,,,,,6083,,
,,,0.48083335161209106,,0.8922576904296875,,,,,,,6084,,
,,,0.5272336602210999,,0.8178838491439819,,,,,,,6085,,
,,,0.5002672672271729,,0.7905764579772949,,,,,,,6086,,
,,,0.5383332967758179,,0.8100000619888306,,,,,,,6087,,
,,,0.443891316652298,,0.7928064465522766,,,,,,,6088,,
,,,0.5111111402511597,,0.8504579067230225,,,,,,,6089,,
,,,0.5122729539871216,,0.8004305958747864,,,,,,,6090,,
,,,0.48642611503601074,,0.8072463870048523,,,,,,,6091,,
,,,0.5039682984352112,,0.794513463973999,,,,,,,6092,,
,,,0.4755208492279053,,0.8058052062988281,,,,,,,6093,,
,,,0.524295449256897,,0.8319764137268066,,,,,,,6094,,
,,,0.5452861785888672,,0.8231958150863647,,,,,,,6095,,
,,,0.47640693187713623,,0.8327957391738892,,,,,,,6096,,
,,,0.5280641317367554,,0.8531914949417114,,,,,,,6097,,
,,,0.43224507570266724,,0.8273504972457886,,,,,,,6098,,
,,,0.43472224473953247,,0.7858974933624268,,,,,,,6099,,
,,,0.4841556251049042,,0.8442234992980957,,,,,,,6100,,
,,,0.5606398582458496,,0.8559397459030151,,,,,,,6101,,
,,,0.5141156911849976,,0.8322581052780151,,,,,,,6102,,
,,,0.5137806534767151,,0.8066326379776001,,,,,,,6103,,
,,,0.5554811954498291,,0.8640978336334229,,,,,,,6104,,
,,,0.5447811484336853,,0.8357895016670227,,,,,,,6105,,
,,,0.5269360542297363,,0.8103508949279785,,,,,,,6106,,
,,,0.5023148059844971,,0.8356033563613892,,,,,,,6107,,
,,,0.450937956571579,,0.8435300588607788,,,,,,,6108,,
,,,0.4910774230957031,,0.8293403387069702,,,,,,,6109,,
,,,0.4364117383956909,,0.7688406109809875,,,,,,,6110,,
,,,0.4696190357208252,,0.8019100427627563,,,,,,,6111,,
,,,0.5279396772384644,,0.8196808099746704,,,,,,,6112,,
,,,0.47556519508361816,,0.8618799448013306,,,,,,,6113,,
,,,0.503125011920929,,0.8336917161941528,,,,,,,6114,,
,,,0.5047991275787354,,0.7726061344146729,,,,,,,6115,,
,,,0.4910162091255188,,0.8113095760345459,,,,,,,6116,,
,,,0.5344995260238647,,0.8619554042816162,,,,,,,6117,,
,,,0.4985690414905548,,0.7998226881027222,,,,,,,6118,,
,,,0.4047619104385376,,0.7333333492279053,,,,,,,6119,,
152,0.38700002431869507,0.5214999914169312,,0.819100022315979,,,,,,,,29834,,
152,,,,,,0.3099982440471649,,0.4477081596851349,,3.0642528533935547,,29834,1.9530150890350342,
153,,,,,,,0.3780357837677002,,0.5146515369415283,,3.111328125,29849,,1.9848464727401733
153,,,,,,,0.38373565673828125,,0.5129863619804382,,2.96875,29899,,2.1960344314575195
153,,,,,,,0.30690741539001465,,0.4464692771434784,,3.09765625,29949,,2.04449462890625
153,,,,,,,0.34425216913223267,,0.48841652274131775,,3.2265625,29999,,2.0151925086975098
,,,0.45550745725631714,,0.7607407569885254,,,,,,,6120,,
,,,0.4977726340293884,,0.7618012428283691,,,,,,,6121,,
,,,0.42427322268486023,,0.7287963628768921,,,,,,,6122,,
,,,0.4245869815349579,,0.7767983675003052,,,,,,,6123,,
,,,0.4737113416194916,,0.8135933876037598,,,,,,,6124,,
,,,0.4617908000946045,,0.804681658744812,,,,,,,6125,,
,,,0.47217410802841187,,0.7330577373504639,,,,,,,6126,,
,,,0.5291666984558105,,0.823859691619873,,,,,,,6127,,
,,,0.43689247965812683,,0.7491894364356995,,,,,,,6128,,
,,,0.45000001788139343,,0.8232601284980774,,,,,,,6129,,
,,,0.4779086709022522,,0.772517740726471,,,,,,,6130,,
,,,0.4204999804496765,,0.7420290112495422,,,,,,,6131,,
,,,0.4747118055820465,,0.7770962715148926,,,,,,,6132,,
,,,0.41024306416511536,,0.7893258333206177,,,,,,,6133,,
,,,0.5112665891647339,,0.7903993725776672,,,,,,,6134,,
,,,0.4635000228881836,,0.795360803604126,,,,,,,6135,,
,,,0.4111030101776123,,0.7810035943984985,,,,,,,6136,,
,,,0.47777777910232544,,0.7914893627166748,,,,,,,6137,,
,,,0.37925171852111816,,0.7500610947608948,,,,,,,6138,,
,,,0.4551418423652649,,0.7144689559936523,,,,,,,6139,,
,,,0.4364335536956787,,0.7895698547363281,,,,,,,6140,,
,,,0.4831632375717163,,0.8007092475891113,,,,,,,6141,,
,,,0.4868055582046509,,0.7582436800003052,,,,,,,6142,,
,,,0.4573833644390106,,0.7780612707138062,,,,,,,6143,,
,,,0.48940718173980713,,0.8081579208374023,,,,,,,6144,,
,,,0.4970790147781372,,0.7677193284034729,,,,,,,6145,,
,,,0.507993221282959,,0.8045614361763,,,,,,,6146,,
,,,0.4416099786758423,,0.7811230421066284,,,,,,,6147,,
,,,0.4414236843585968,,0.7853002548217773,,,,,,,6148,,
,,,0.4749999940395355,,0.7836806178092957,,,,,,,6149,,
,,,0.4482887387275696,,0.747877836227417,,,,,,,6150,,
,,,0.46624937653541565,,0.7410125732421875,,,,,,,6151,,
,,,0.483381450176239,,0.7737588882446289,,,,,,,6152,,
,,,0.4118085503578186,,0.8033730387687683,,,,,,,6153,,
,,,0.4518333077430725,,0.7958781123161316,,,,,,,6154,,
,,,0.42217719554901123,,0.7578157186508179,,,,,,,6155,,
,,,0.45854195952415466,,0.795807421207428,,,,,,,6156,,
,,,0.5046161413192749,,0.8108662366867065,,,,,,,6157,,
,,,0.48308080434799194,,0.7664006948471069,,,,,,,6158,,
,,,0.28260868787765503,,0.8666666746139526,,,,,,,6159,,
153,0.3564999997615814,0.48180001974105835,,0.7764000296592712,,,,,,,,30029,,
153,,,,,,0.3114883005619049,,0.4485042989253998,,3.0518829822540283,,30029,1.9519531726837158,
154,,,,,,,0.2984866499900818,,0.4361501932144165,,3.05078125,30049,,1.9006409645080566
154,,,,,,,0.2884567379951477,,0.42796456813812256,,3.078125,30099,,1.8976092338562012
154,,,,,,,0.31536686420440674,,0.4498670697212219,,3.005859375,30149,,1.9937673807144165
154,,,,,,,0.2949576675891876,,0.4273045063018799,,2.94140625,30199,,2.0396337509155273
,,,0.5203595757484436,,0.8597883582115173,,,,,,,6160,,
,,,0.48385968804359436,,0.8292442560195923,,,,,,,6161,,
,,,0.47833582758903503,,0.7970370650291443,,,,,,,6162,,
,,,0.4980563819408417,,0.8141337633132935,,,,,,,6163,,
,,,0.5301586985588074,,0.8811465501785278,,,,,,,6164,,
,,,0.5153645873069763,,0.8308988809585571,,,,,,,6165,,
,,,0.5063251852989197,,0.8161153793334961,,,,,,,6166,,
,,,0.5466330051422119,,0.8678947687149048,,,,,,,6167,,
,,,0.47198736667633057,,0.7809270620346069,,,,,,,6168,,
,,,0.5114583373069763,,0.812729001045227,,,,,,,6169,,
,,,0.5428571701049805,,0.8195794820785522,,,,,,,6170,,
,,,0.484183669090271,,0.8070652484893799,,,,,,,6171,,
,,,0.5156111717224121,,0.8201603889465332,,,,,,,6172,,
,,,0.4716311991214752,,0.8187265396118164,,,,,,,6173,,
,,,0.5370888710021973,,0.8347669839859009,,,,,,,6174,,
,,,0.5729591846466064,,0.8237112760543823,,,,,,,6175,,
,,,0.49863946437835693,,0.8204300999641418,,,,,,,6176,,
,,,0.4986826777458191,,0.8209219574928284,,,,,,,6177,,
,,,0.41475868225097656,,0.8241758346557617,,,,,,,6178,,
,,,0.45572394132614136,,0.752014696598053,,,,,,,6179,,
,,,0.46220844984054565,,0.858049213886261,,,,,,,6180,,
,,,0.5627429485321045,,0.8397163152694702,,,,,,,6181,,
,,,0.5013605356216431,,0.8363799452781677,,,,,,,6182,,
,,,0.520380973815918,,0.8355441689491272,,,,,,,6183,,
,,,0.5603012442588806,,0.8540852665901184,,,,,,,6184,,
,,,0.5134680271148682,,0.8277193307876587,,,,,,,6185,,
,,,0.5516835451126099,,0.8207017779350281,,,,,,,6186,,
,,,0.49208754301071167,,0.8074671626091003,,,,,,,6187,,
,,,0.4483405649662018,,0.8260352611541748,,,,,,,6188,,
,,,0.5052721500396729,,0.8505208492279053,,,,,,,6189,,
,,,0.3998095393180847,,0.7790631651878357,,,,,,,6190,,
,,,0.5015512108802795,,0.8201335072517395,,,,,,,6191,,
,,,0.5280904769897461,,0.8407801389694214,,,,,,,6192,,
,,,0.5194120407104492,,0.8485119342803955,,,,,,,6193,,
,,,0.5272108912467957,,0.8301075100898743,,,,,,,6194,,
,,,0.5076044797897339,,0.8169125914573669,,,,,,,6195,,
,,,0.49982818961143494,,0.8505176305770874,,,,,,,6196,,
,,,0.5763376951217651,,0.8748986721038818,,,,,,,6197,,
,,,0.5146464705467224,,0.8268617391586304,,,,,,,6198,,
,,,0.3181818127632141,,0.8000000715255737,,,,,,,6199,,
154,0.40209999680519104,0.5313000082969666,,0.8289999961853027,,,,,,,,30224,,
154,,,,,,0.3088805675506592,,0.4461519718170166,,3.0542969703674316,,30224,1.9522526264190674,
155,,,,,,,0.3195774555206299,,0.4572851061820984,,3.07421875,30249,,1.922065019607544
155,,,,,,,0.3017546534538269,,0.4319306015968323,,2.904296875,30299,,1.9264905452728271
155,,,,,,,0.30388790369033813,,0.43456754088401794,,2.91796875,30349,,1.8022196292877197
155,,,,,,,0.28577715158462524,,0.4187050759792328,,2.943359375,30399,,1.9810124635696411
,,,0.49603986740112305,,0.8621958494186401,,,,,,,6200,,
,,,0.5231003165245056,,0.8377588391304016,,,,,,,6201,,
,,,0.4815724492073059,,0.7941666841506958,,,,,,,6202,,
,,,0.472222238779068,,0.8031408190727234,,,,,,,6203,,
,,,0.5320295095443726,,0.8944444060325623,,,,,,,6204,,
,,,0.49771931767463684,,0.8300561904907227,,,,,,,6205,,
,,,0.5058571100234985,,0.8094486594200134,,,,,,,6206,,
,,,0.5664966106414795,,0.84333336353302,,,,,,,6207,,
,,,0.4577745199203491,,0.8195794820785522,,,,,,,6208,,
,,,0.5416666269302368,,0.8324176073074341,,,,,,,6209,,
,,,0.5332341194152832,,0.84227454662323,,,,,,,6210,,
,,,0.476262629032135,,0.7860507369041443,,,,,,,6211,,
,,,0.44538384675979614,,0.8214285969734192,,,,,,,6212,,
,,,0.46105265617370605,,0.8391386270523071,,,,,,,6213,,
,,,0.5436748266220093,,0.8427290916442871,,,,,,,6214,,
,,,0.530976414680481,,0.8362542390823364,,,,,,,6215,,
,,,0.4863702654838562,,0.8365591168403625,,,,,,,6216,,
,,,0.48510879278182983,,0.8423758745193481,,,,,,,6217,,
,,,0.4045555591583252,,0.8048230409622192,,,,,,,6218,,
,,,0.461467444896698,,0.8260073661804199,,,,,,,6219,,
,,,0.4813205599784851,,0.8505547046661377,,,,,,,6220,,
,,,0.550072193145752,,0.8091312050819397,,,,,,,6221,,
,,,0.5431972742080688,,0.8573476672172546,,,,,,,6222,,
,,,0.5668830871582031,,0.8464285135269165,,,,,,,6223,,
,,,0.569837212562561,,0.8805264234542847,,,,,,,6224,,
,,,0.5512027740478516,,0.8317543864250183,,,,,,,6225,,
,,,0.5230640172958374,,0.8198246359825134,,,,,,,6226,,
,,,0.49058958888053894,,0.8045400381088257,,,,,,,6227,,
,,,0.49697422981262207,,0.8366459608078003,,,,,,,6228,,
,,,0.4915807247161865,,0.8322917222976685,,,,,,,6229,,
,,,0.4494709074497223,,0.8038820028305054,,,,,,,6230,,
,,,0.4888288080692291,,0.811329185962677,,,,,,,6231,,
,,,0.5720667839050293,,0.8267730474472046,,,,,,,6232,,
,,,0.5210398435592651,,0.8328869342803955,,,,,,,6233,,
,,,0.4895623028278351,,0.8494623899459839,,,,,,,6234,,
,,,0.4677128493785858,,0.8276785612106323,,,,,,,6235,,
,,,0.49647819995880127,,0.8125,,,,,,,6236,,
,,,0.5741040706634521,,0.8642603158950806,,,,,,,6237,,
,,,0.5036666393280029,,0.814007043838501,,,,,,,6238,,
,,,0.30434781312942505,,0.8000000715255737,,,,,,,6239,,
155,0.39320001006126404,0.5299000144004822,,0.829800009727478,,,,,,,,30419,,
155,,,,,,0.3081764876842499,,0.44519278407096863,,3.0485076904296875,,30419,1.9397462606430054,
156,,,,,,,0.2947934865951538,,0.4331299662590027,,3.060546875,30449,,1.974526286125183
156,,,,,,,0.32976973056793213,,0.46000975370407104,,2.935546875,30499,,1.9408459663391113
156,,,,,,,0.3186061680316925,,0.45318853855133057,,3.009765625,30549,,1.9569703340530396
156,,,,,,,0.355960488319397,,0.49441245198249817,,3.125,30599,,2.2105767726898193
,,,0.5362351536750793,,0.848042368888855,,,,,,,6240,,
,,,0.5088045597076416,,0.8317805528640747,,,,,,,6241,,
,,,0.4961557984352112,,0.8043519258499146,,,,,,,6242,,
,,,0.4879251718521118,,0.8291033506393433,,,,,,,6243,,
,,,0.5297051668167114,,0.9100472927093506,,,,,,,6244,,
,,,0.5169298648834229,,0.8014981746673584,,,,,,,6245,,
,,,0.5130591988563538,,0.8118797540664673,,,,,,,6246,,
,,,0.5659932494163513,,0.8370175957679749,,,,,,,6247,,
,,,0.42866766452789307,,0.8025582432746887,,,,,,,6248,,
,,,0.4909793734550476,,0.843406617641449,,,,,,,6249,,
,,,0.5447471737861633,,0.8050405383110046,,,,,,,6250,,
,,,0.46449998021125793,,0.7813405990600586,,,,,,,6251,,
,,,0.4926835298538208,,0.7922618985176086,,,,,,,6252,,
,,,0.44778910279273987,,0.7900749444961548,,,,,,,6253,,
,,,0.5120029449462891,,0.825704038143158,,,,,,,6254,,
,,,0.5499999523162842,,0.8077319264411926,,,,,,,6255,,
,,,0.525170087814331,,0.8118279576301575,,,,,,,6256,,
,,,0.49103009700775146,,0.8397754430770874,,,,,,,6257,,
,,,0.3934343457221985,,0.8103175163269043,,,,,,,6258,,
,,,0.472517728805542,,0.7659341096878052,,,,,,,6259,,
,,,0.49692460894584656,,0.8483901619911194,,,,,,,6260,,
,,,0.5382996797561646,,0.8558510541915894,,,,,,,6261,,
,,,0.5202020406723022,,0.8469533920288086,,,,,,,6262,,
,,,0.5392380952835083,,0.847278892993927,,,,,,,6263,,
,,,0.49698173999786377,,0.8861027956008911,,,,,,,6264,,
,,,0.48569023609161377,,0.8212281465530396,,,,,,,6265,,
,,,0.5692439675331116,,0.8259649276733398,,,,,,,6266,,
,,,0.48168933391571045,,0.8191158771514893,,,,,,,6267,,
,,,0.4564555287361145,,0.8234213590621948,,,,,,,6268,,
,,,0.5260204076766968,,0.8227430582046509,,,,,,,6269,,
,,,0.47317132353782654,,0.7653985619544983,,,,,,,6270,,
,,,0.4941948652267456,,0.8374412059783936,,,,,,,6271,,
,,,0.5732750296592712,,0.8406028747558594,,,,,,,6272,,
,,,0.4728715717792511,,0.8635417222976685,,,,,,,6273,,
,,,0.4729592204093933,,0.8218637704849243,,,,,,,6274,,
,,,0.46353256702423096,,0.8054735660552979,,,,,,,6275,,
,,,0.50044184923172,,0.8034937977790833,,,,,,,6276,,
,,,0.5651693344116211,,0.8619554042816162,,,,,,,6277,,
,,,0.4545833468437195,,0.8065602779388428,,,,,,,6278,,
,,,0.4736842215061188,,0.8000000715255737,,,,,,,6279,,
156,0.39069998264312744,0.5261000394821167,,0.8217999935150146,,,,,,,,30614,,
156,,,,,,0.3097614645957947,,0.4466085433959961,,3.0467748641967773,,30614,1.940636157989502,
157,,,,,,,0.28295737504959106,,0.4295760989189148,,3.21484375,30649,,1.8979005813598633
157,,,,,,,0.34593915939331055,,0.47378379106521606,,2.90234375,30699,,2.0622594356536865
157,,,,,,,0.3224122226238251,,0.4566822350025177,,3.0078125,30749,,1.8843586444854736
157,,,,,,,0.2754465937614441,,0.41340765357017517,,3.03515625,30799,,1.8456708192825317
,,,0.5565782785415649,,0.8248941898345947,,,,,,,6280,,
,,,0.509878396987915,,0.7950828671455383,,,,,,,6281,,
,,,0.4743414521217346,,0.785542368888855,,,,,,,6282,,
,,,0.476360559463501,,0.8072948455810547,,,,,,,6283,,
,,,0.5075963735580444,,0.873345136642456,,,,,,,6284,,
,,,0.5073023438453674,,0.8111423254013062,,,,,,,6285,,
,,,0.5128908157348633,,0.8226566910743713,,,,,,,6286,,
,,,0.5911666750907898,,0.8550877571105957,,,,,,,6287,,
,,,0.5015954971313477,,0.7796858549118042,,,,,,,6288,,
,,,0.5092881917953491,,0.817307710647583,,,,,,,6289,,
,,,0.5573660731315613,,0.8353596925735474,,,,,,,6290,,
,,,0.46804124116897583,,0.7965580224990845,,,,,,,6291,,
,,,0.4764384925365448,,0.802122175693512,,,,,,,6292,,
,,,0.48684215545654297,,0.8217228651046753,,,,,,,6293,,
,,,0.5601190328598022,,0.8274961709976196,,,,,,,6294,,
,,,0.5360269546508789,,0.8323023915290833,,,,,,,6295,,
,,,0.46112728118896484,,0.8238351345062256,,,,,,,6296,,
,,,0.5117411017417908,,0.8056737780570984,,,,,,,6297,,
,,,0.40461111068725586,,0.7711234092712402,,,,,,,6298,,
,,,0.4585069417953491,,0.7846153974533081,,,,,,,6299,,
,,,0.5362461805343628,,0.8419507741928101,,,,,,,6300,,
,,,0.5486745238304138,,0.8385511636734009,,,,,,,6301,,
,,,0.5430272221565247,,0.8489247560501099,,,,,,,6302,,
,,,0.5379990339279175,,0.8574829697608948,,,,,,,6303,,
,,,0.5405988693237305,,0.890175461769104,,,,,,,6304,,
,,,0.5409091114997864,,0.8435088396072388,,,,,,,6305,,
,,,0.4994949400424957,,0.811052680015564,,,,,,,6306,,
,,,0.5,,0.8017920851707458,,,,,,,6307,,
,,,0.46981650590896606,,0.8316769599914551,,,,,,,6308,,
,,,0.50782310962677,,0.8461805582046509,,,,,,,6309,,
,,,0.47750240564346313,,0.7526915073394775,,,,,,,6310,,
,,,0.46643584966659546,,0.7969650030136108,,,,,,,6311,,
,,,0.5472545623779297,,0.811347484588623,,,,,,,6312,,
,,,0.49146226048469543,,0.8440972566604614,,,,,,,6313,,
,,,0.4925000071525574,,0.8390680551528931,,,,,,,6314,,
,,,0.45835739374160767,,0.8015010356903076,,,,,,,6315,,
,,,0.4942212402820587,,0.833152174949646,,,,,,,6316,,
,,,0.5709130764007568,,0.8703647255897522,,,,,,,6317,,
,,,0.4756734073162079,,0.8144503235816956,,,,,,,6318,,
,,,0.25,,0.7333333492279053,,,,,,,6319,,
157,0.39559999108314514,0.5275000333786011,,0.8206000328063965,,,,,,,,30809,,
157,,,,,,0.30991029739379883,,0.44674158096313477,,3.046504497528076,,30809,1.9417438507080078,
158,,,,,,,0.3278821110725403,,0.47066769003868103,,3.18359375,30849,,2.0335326194763184
158,,,,,,,0.2979453206062317,,0.4312414228916168,,2.962890625,30899,,2.076092481613159
158,,,,,,,0.314278781414032,,0.4537162184715271,,3.103515625,30949,,2.0264358520507812
158,,,,,,,0.3030213713645935,,0.43899333477020264,,3.0234375,30999,,1.7593255043029785
,,,0.5317378044128418,,0.8256349563598633,,,,,,,6320,,
,,,0.532731831073761,,0.8282350301742554,,,,,,,6321,,
,,,0.46318113803863525,,0.8060052990913391,,,,,,,6322,,
,,,0.49680134654045105,,0.8221124410629272,,,,,,,6323,,
,,,0.5656565427780151,,0.8808510303497314,,,,,,,6324,,
,,,0.48684215545654297,,0.8066479563713074,,,,,,,6325,,
,,,0.5021623373031616,,0.8198747038841248,,,,,,,6326,,
,,,0.5426666736602783,,0.8456140756607056,,,,,,,6327,,
,,,0.4799562692642212,,0.8181610703468323,,,,,,,6328,,
,,,0.5282118320465088,,0.8549451231956482,,,,,,,6329,,
,,,0.5354688167572021,,0.8539767265319824,,,,,,,6330,,
,,,0.5080755949020386,,0.8030797243118286,,,,,,,6331,,
,,,0.46195435523986816,,0.8102743625640869,,,,,,,6332,,
,,,0.46403512358665466,,0.8338950872421265,,,,,,,6333,,
,,,0.5495626926422119,,0.8474910259246826,,,,,,,6334,,
,,,0.5448979139328003,,0.8494845032691956,,,,,,,6335,,
,,,0.5180903077125549,,0.800537645816803,,,,,,,6336,,
,,,0.5329324007034302,,0.8462765216827393,,,,,,,6337,,
,,,0.4186868667602539,,0.8007937073707581,,,,,,,6338,,
,,,0.4744722247123718,,0.807509183883667,,,,,,,6339,,
,,,0.5222137570381165,,0.8351325988769531,,,,,,,6340,,
,,,0.5281786918640137,,0.8227837085723877,,,,,,,6341,,
,,,0.5204467177391052,,0.834587812423706,,,,,,,6342,,
,,,0.5126503109931946,,0.8636783361434937,,,,,,,6343,,
,,,0.552761435508728,,0.8686466813087463,,,,,,,6344,,
,,,0.5496633052825928,,0.8519299030303955,,,,,,,6345,,
,,,0.514432966709137,,0.8254386186599731,,,,,,,6346,,
,,,0.4810090661048889,,0.7946834564208984,,,,,,,6347,,
,,,0.4569264054298401,,0.8562111854553223,,,,,,,6348,,
,,,0.49557822942733765,,0.8401042222976685,,,,,,,6349,,
,,,0.4423907399177551,,0.8019669055938721,,,,,,,6350,,
,,,0.48572632670402527,,0.798979640007019,,,,,,,6351,,
,,,0.5662002563476562,,0.8443262577056885,,,,,,,6352,,
,,,0.5099165439605713,,0.8251488208770752,,,,,,,6353,,
,,,0.5294217467308044,,0.8381720185279846,,,,,,,6354,,
,,,0.46644800901412964,,0.8195134997367859,,,,,,,6355,,
,,,0.4865575432777405,,0.8366718888282776,,,,,,,6356,,
,,,0.5939371585845947,,0.8704407215118408,,,,,,,6357,,
,,,0.4883333146572113,,0.8148049712181091,,,,,,,6358,,
,,,0.3181818127632141,,0.8000000715255737,,,,,,,6359,,
158,0.40230000019073486,0.5301000475883484,,0.8286000490188599,,,,,,,,31004,,
158,,,,,,0.3093993663787842,,0.4460240304470062,,3.0418970584869385,,31004,1.9382539987564087,
159,,,,,,,0.30152493715286255,,0.4273178279399872,,2.818359375,31049,,1.878029227256775
159,,,,,,,0.30893537402153015,,0.44265851378440857,,2.982421875,31099,,1.9546399116516113
159,,,,,,,0.30656367540359497,,0.45053723454475403,,3.185546875,31149,,1.9233574867248535
159,,,,,,,0.2807563543319702,,0.4161325991153717,,2.98828125,31199,,1.8716721534729004
,,,0.5233186483383179,,0.8074074387550354,,,,,,,6360,,
,,,0.5443768501281738,,0.7873964905738831,,,,,,,6361,,
,,,0.48916423320770264,,0.8073016405105591,,,,,,,6362,,
,,,0.47667640447616577,,0.7919706106185913,,,,,,,6363,,
,,,0.5076318383216858,,0.8898345232009888,,,,,,,6364,,
,,,0.5144736766815186,,0.8545880317687988,,,,,,,6365,,
,,,0.500761866569519,,0.8137344121932983,,,,,,,6366,,
,,,0.5624150037765503,,0.8301754593849182,,,,,,,6367,,
,,,0.5065840482711792,,0.8123100399971008,,,,,,,6368,,
,,,0.5210069417953491,,0.8536630868911743,,,,,,,6369,,
,,,0.5569924712181091,,0.8124873638153076,,,,,,,6370,,
,,,0.4511904716491699,,0.8222826719284058,,,,,,,6371,,
,,,0.5142606496810913,,0.7990424633026123,,,,,,,6372,,
,,,0.4929077625274658,,0.8445693254470825,,,,,,,6373,,
,,,0.5410534143447876,,0.8922683000564575,,,,,,,6374,,
,,,0.5193602442741394,,0.8013745546340942,,,,,,,6375,,
,,,0.5058910250663757,,0.834587812423706,,,,,,,6376,,
,,,0.4963344931602478,,0.8402482271194458,,,,,,,6377,,
,,,0.4473922848701477,,0.8059219121932983,,,,,,,6378,,
,,,0.4522336721420288,,0.7758241891860962,,,,,,,6379,,
,,,0.45193910598754883,,0.8309658765792847,,,,,,,6380,,
,,,0.538047194480896,,0.8374112844467163,,,,,,,6381,,
,,,0.5096938610076904,,0.834587812423706,,,,,,,6382,,
,,,0.5281866192817688,,0.8523809909820557,,,,,,,6383,,
,,,0.5371379256248474,,0.8705890774726868,,,,,,,6384,,
,,,0.5331649780273438,,0.8235087990760803,,,,,,,6385,,
,,,0.5369415879249573,,0.8654386401176453,,,,,,,6386,,
,,,0.5040091276168823,,0.8195340633392334,,,,,,,6387,,
,,,0.4731222093105316,,0.8285973072052002,,,,,,,6388,,
,,,0.4934343695640564,,0.8258681297302246,,,,,,,6389,,
,,,0.4675503373146057,,0.777510404586792,,,,,,,6390,,
,,,0.47420233488082886,,0.8069597482681274,,,,,,,6391,,
,,,0.5733431577682495,,0.8186929821968079,,,,,,,6392,,
,,,0.5111030340194702,,0.8493056297302246,,,,,,,6393,,
,,,0.5112245082855225,,0.8189964294433594,,,,,,,6394,,
,,,0.4917760193347931,,0.7929736375808716,,,,,,,6395,,
,,,0.4740038812160492,,0.8333333730697632,,,,,,,6396,,
,,,0.5690966844558716,,0.8594731092453003,,,,,,,6397,,
,,,0.4920833110809326,,0.8375886678695679,,,,,,,6398,,
,,,0.260869562625885,,0.7333333492279053,,,,,,,6399,,
159,0.385699987411499,0.5286999940872192,,0.8244999647140503,,,,,,,,31199,,
159,,,,,,0.3067483901977539,,0.4432463049888611,,3.0367588996887207,,31199,1.929790735244751,
160,,,,,,,0.2857780456542969,,0.42517566680908203,,3.07421875,31249,,1.883047342300415
160,,,,,,,0.32181617617607117,,0.4537966549396515,,2.9609375,31299,,2.039482593536377
160,,,,,,,0.3329405188560486,,0.46790480613708496,,3.033203125,31349,,1.9889566898345947
,,,0.522667646408081,,0.8362963199615479,,,,,,,6400,,
,,,0.5155639052391052,,0.8366459608078003,,,,,,,6401,,
,,,0.5123308897018433,,0.792222261428833,,,,,,,6402,,
,,,0.45655977725982666,,0.8028622269630432,,,,,,,6403,,
,,,0.546088457107544,,0.8786051869392395,,,,,,,6404,,
,,,0.5135738849639893,,0.8025281429290771,,,,,,,6405,,
,,,0.5183916091918945,,0.787067711353302,,,,,,,6406,,
,,,0.5648148059844971,,0.8345614671707153,,,,,,,6407,,
,,,0.45971429347991943,,0.7786220908164978,,,,,,,6408,,
,,,0.5064235925674438,,0.8597069978713989,,,,,,,6409,,
,,,0.5505952835083008,,0.8456434011459351,,,,,,,6410,,
,,,0.4874570369720459,,0.8048913478851318,,,,,,,6411,,
,,,0.4926835298538208,,0.7977743148803711,,,,,,,6412,,
,,,0.47422680258750916,,0.8408240079879761,,,,,,,6413,,
,,,0.5258989334106445,,0.8548898696899414,,,,,,,6414,,
,,,0.5412458181381226,,0.8194157481193542,,,,,,,6415,,
,,,0.4578884243965149,,0.8496415615081787,,,,,,,6416,,
,,,0.5563573837280273,,0.8578013777732849,,,,,,,6417,,
,,,0.4608866572380066,,0.8200244903564453,,,,,,,6418,,
,,,0.4363279342651367,,0.7752748131752014,,,,,,,6419,,
,,,0.49971479177474976,,0.8747159242630005,,,,,,,6420,,
,,,0.528049111366272,,0.8426418304443359,,,,,,,6421,,
,,,0.5282312631607056,,0.8448028564453125,,,,,,,6422,,
,,,0.5296536684036255,,0.8515306115150452,,,,,,,6423,,
,,,0.5361607074737549,,0.8722807765007019,,,,,,,6424,,
,,,0.5398989915847778,,0.8273684978485107,,,,,,,6425,,
,,,0.5287414789199829,,0.8291228413581848,,,,,,,6426,,
,,,0.5007936358451843,,0.8147550821304321,,,,,,,6427,,
,,,0.47145307064056396,,0.8303053975105286,,,,,,,6428,,
,,,0.5090909004211426,,0.8088542222976685,,,,,,,6429,,
,,,0.47616592049598694,,0.7806159257888794,,,,,,,6430,,
,,,0.4800865650177002,,0.8112506866455078,,,,,,,6431,,
,,,0.5300143957138062,,0.8367021083831787,,,,,,,6432,,
,,,0.5100826025009155,,0.8618055582046509,,,,,,,6433,,
,,,0.5132653117179871,,0.8485662937164307,,,,,,,6434,,
,,,0.4895043671131134,,0.8165373206138611,,,,,,,6435,,
,,,0.5224454402923584,,0.810869574546814,,,,,,,6436,,
,,,0.5661954283714294,,0.8663880228996277,,,,,,,6437,,
,,,0.4794999957084656,,0.7906028032302856,,,,,,,6438,,
,,,0.44999998807907104,,0.8000000715255737,,,,,,,6439,,
160,0.4018999934196472,0.5338000059127808,,0.8252999782562256,,,,,,,,31394,,
160,,,,,,0.30736249685287476,,0.44429293274879456,,3.046003580093384,,31394,1.9302321672439575,
161,,,,,,,0.2971058189868927,,0.4356929063796997,,3.068359375,31399,,1.641252875328064
161,,,,,,,0.2996407449245453,,0.4340727627277374,,2.98828125,31449,,1.9918240308761597
161,,,,,,,0.3009633421897888,,0.43386438488960266,,2.958984375,31499,,1.8667699098587036
161,,,,,,,0.3404442071914673,,0.47124913334846497,,2.95703125,31549,,2.0983076095581055
,,,0.491726815700531,,0.82962965965271,,,,,,,6440,,
,,,0.48504865169525146,,0.8168219327926636,,,,,,,6441,,
,,,0.492431104183197,,0.7875926494598389,,,,,,,6442,,
,,,0.45569464564323425,,0.7839918732643127,,,,,,,6443,,
,,,0.5511904954910278,,0.8478132486343384,,,,,,,6444,,
,,,0.51222825050354,,0.8374531865119934,,,,,,,6445,,
,,,0.4982142746448517,,0.8187469244003296,,,,,,,6446,,
,,,0.5562925338745117,,0.8287719488143921,,,,,,,6447,,
,,,0.42757532000541687,,0.7936930060386658,,,,,,,6448,,
,,,0.5113714933395386,,0.814835250377655,,,,,,,6449,,
,,,0.5445188283920288,,0.8219858407974243,,,,,,,6450,,
,,,0.4651360511779785,,0.779891312122345,,,,,,,6451,,
,,,0.482266902923584,,0.8095496892929077,,,,,,,6452,,
,,,0.4668421149253845,,0.8198502063751221,,,,,,,6453,,
,,,0.5125781297683716,,0.822913408279419,,,,,,,6454,,
,,,0.5146464705467224,,0.8077319264411926,,,,,,,6455,,
,,,0.45452141761779785,,0.7856630682945251,,,,,,,6456,,
,,,0.4890589714050293,,0.8393616676330566,,,,,,,6457,,
,,,0.44280046224594116,,0.7821123600006104,,,,,,,6458,,
,,,0.45240575075149536,,0.7728937864303589,,,,,,,6459,,
,,,0.4934017062187195,,0.8333198428153992,,,,,,,6460,,
,,,0.5148687958717346,,0.8269503116607666,,,,,,,6461,,
,,,0.5670138597488403,,0.8222222328186035,,,,,,,6462,,
,,,0.5395382642745972,,0.8481292128562927,,,,,,,6463,,
,,,0.5271081328392029,,0.8279825448989868,,,,,,,6464,,
,,,0.4860544204711914,,0.8121052980422974,,,,,,,6465,,
,,,0.5398625135421753,,0.8387719988822937,,,,,,,6466,,
,,,0.47573697566986084,,0.8111110925674438,,,,,,,6467,,
,,,0.46744412183761597,,0.8279502987861633,,,,,,,6468,,
,,,0.4957912564277649,,0.7828124761581421,,,,,,,6469,,
,,,0.4685811996459961,,0.7645444869995117,,,,,,,6470,,
,,,0.4780004918575287,,0.8193877935409546,,,,,,,6471,,
,,,0.5349287986755371,,0.7945795059204102,,,,,,,6472,,
,,,0.48482444882392883,,0.8152778148651123,,,,,,,6473,,
,,,0.4824916124343872,,0.8354839086532593,,,,,,,6474,,
,,,0.48361271619796753,,0.7779503464698792,,,,,,,6475,,
,,,0.5033482313156128,,0.8215579390525818,,,,,,,6476,,
,,,0.5659148693084717,,0.8462512493133545,,,,,,,6477,,
,,,0.5010833144187927,,0.8178191184997559,,,,,,,6478,,
,,,0.22727273404598236,,0.8000000715255737,,,,,,,6479,,
161,0.3927000164985657,0.5179000496864319,,0.8131999969482422,,,,,,,,31589,,
161,,,,,,0.30767011642456055,,0.44384703040122986,,3.031169891357422,,31589,1.9220681190490723,
162,,,,,,,0.28827977180480957,,0.42413434386253357,,3.005859375,31599,,1.9432711601257324
162,,,,,,,0.30125007033348083,,0.4398740828037262,,3.07421875,31649,,1.9431251287460327
162,,,,,,,0.2870892286300659,,0.42336952686309814,,3.013671875,31699,,1.9137482643127441
162,,,,,,,0.306704580783844,,0.43797579407691956,,2.931640625,31749,,2.0676980018615723
,,,0.5003848075866699,,0.8103704452514648,,,,,,,6480,,
,,,0.5473630428314209,,0.8214544653892517,,,,,,,6481,,
,,,0.49517613649368286,,0.7931349277496338,,,,,,,6482,,
,,,0.4884353578090668,,0.8069401979446411,,,,,,,6483,,
,,,0.5677889585494995,,0.8709219694137573,,,,,,,6484,,
,,,0.5427193641662598,,0.8260300159454346,,,,,,,6485,,
,,,0.47145235538482666,,0.7745364308357239,,,,,,,6486,,
,,,0.5619528889656067,,0.8231579065322876,,,,,,,6487,,
,,,0.48190969228744507,,0.8052178025245667,,,,,,,6488,,
,,,0.5080755949020386,,0.8450549840927124,,,,,,,6489,,
,,,0.5200785398483276,,0.8259625434875488,,,,,,,6490,,
,,,0.49023568630218506,,0.7820652723312378,,,,,,,6491,,
,,,0.5031002163887024,,0.8323757648468018,,,,,,,6492,,
,,,0.4828070402145386,,0.8202247023582458,,,,,,,6493,,
,,,0.5047619342803955,,0.8539170026779175,,,,,,,6494,,
,,,0.5616161823272705,,0.8317868709564209,,,,,,,6495,,
,,,0.4924001693725586,,0.8224014043807983,,,,,,,6496,,
,,,0.5083912014961243,,0.8512411117553711,,,,,,,6497,,
,,,0.4082474112510681,,0.7766178846359253,,,,,,,6498,,
,,,0.4428819417953491,,0.7767399549484253,,,,,,,6499,,
,,,0.48216766119003296,,0.8268804550170898,,,,,,,6500,,
,,,0.5429057478904724,,0.8369680643081665,,,,,,,6501,,
,,,0.5118556618690491,,0.8215053677558899,,,,,,,6502,,
,,,0.5304232835769653,,0.8581632375717163,,,,,,,6503,,
,,,0.5484045147895813,,0.8678070306777954,,,,,,,6504,,
,,,0.5814626216888428,,0.8335088491439819,,,,,,,6505,,
,,,0.5616838335990906,,0.8282456398010254,,,,,,,6506,,
,,,0.5139747858047485,,0.8311230540275574,,,,,,,6507,,
,,,0.4749271273612976,,0.8396221399307251,,,,,,,6508,,
,,,0.5025510191917419,,0.8230903148651123,,,,,,,6509,,
,,,0.4669857621192932,,0.7771480083465576,,,,,,,6510,,
,,,0.48352766036987305,,0.7783752679824829,,,,,,,6511,,
,,,0.5711613297462463,,0.8078014254570007,,,,,,,6512,,
,,,0.48302069306373596,,0.8323661088943481,,,,,,,6513,,
,,,0.49713805317878723,,0.8383512496948242,,,,,,,6514,,
,,,0.4899429976940155,,0.7829321622848511,,,,,,,6515,,
,,,0.4608357548713684,,0.8427535891532898,,,,,,,6516,,
,,,0.566964328289032,,0.8609675168991089,,,,,,,6517,,
,,,0.48416668176651,,0.8118793964385986,,,,,,,6518,,
,,,0.3571428656578064,,0.8000000715255737,,,,,,,6519,,
162,0.3968000113964081,0.5313999652862549,,0.8227999806404114,,,,,,,,31784,,
162,,,,,,0.3059016168117523,,0.44236427545547485,,3.0351462364196777,,31784,1.9303473234176636,
163,,,,,,,0.2595348656177521,,0.39719289541244507,,3.013671875,31799,,1.91165292263031
163,,,,,,,0.3108881711959839,,0.4430488348007202,,2.955078125,31849,,1.7872319221496582
163,,,,,,,0.3478415608406067,,0.48035183548927307,,2.998046875,31899,,2.0435991287231445
163,,,,,,,0.3093836307525635,,0.44601404666900635,,3.041015625,31949,,2.060349464416504
,,,0.5278841257095337,,0.8437037467956543,,,,,,,6520,,
,,,0.49015378952026367,,0.7984471917152405,,,,,,,6521,,
,,,0.499711811542511,,0.7755423784255981,,,,,,,6522,,
,,,0.5212321877479553,,0.7969351410865784,,,,,,,6523,,
,,,0.5181818008422852,,0.8977540731430054,,,,,,,6524,,
,,,0.5157895088195801,,0.7965356111526489,,,,,,,6525,,
,,,0.5195767283439636,,0.783057689666748,,,,,,,6526,,
,,,0.5234693288803101,,0.8480702638626099,,,,,,,6527,,
,,,0.4776725172996521,,0.759650468826294,,,,,,,6528,,
,,,0.5385416746139526,,0.8475275039672852,,,,,,,6529,,
,,,0.5470927953720093,,0.8431611061096191,,,,,,,6530,,
,,,0.478787899017334,,0.7867754101753235,,,,,,,6531,,
,,,0.45313286781311035,,0.8068323135375977,,,,,,,6532,,
,,,0.5038596391677856,,0.8177902698516846,,,,,,,6533,,
,,,0.5220298767089844,,0.8295443058013916,,,,,,,6534,,
,,,0.5203332901000977,,0.8206185102462769,,,,,,,6535,,
,,,0.4789682626724243,,0.8274192810058594,,,,,,,6536,,
,,,0.5450231432914734,,0.8230496644973755,,,,,,,6537,,
,,,0.41821303963661194,,0.7661783695220947,,,,,,,6538,,
,,,0.4282456338405609,,0.797435998916626,,,,,,,6539,,
,,,0.4891384243965149,,0.8198728561401367,,,,,,,6540,,
,,,0.5505050420761108,,0.8363474607467651,,,,,,,6541,,
,,,0.5190476179122925,,0.8170250654220581,,,,,,,6542,,
,,,0.516690731048584,,0.8633381724357605,,,,,,,6543,,
,,,0.5345480442047119,,0.8491981029510498,,,,,,,6544,,
,,,0.5508590936660767,,0.8203508853912354,,,,,,,6545,,
,,,0.5372053384780884,,0.8100000619888306,,,,,,,6546,,
,,,0.4950171709060669,,0.815471887588501,,,,,,,6547,,
,,,0.46167922019958496,,0.805046558380127,,,,,,,6548,,
,,,0.476262629032135,,0.8088541626930237,,,,,,,6549,,
,,,0.44678446650505066,,0.7674689292907715,,,,,,,6550,,
,,,0.4790043532848358,,0.7824960947036743,,,,,,,6551,,
,,,0.5184704065322876,,0.8278368711471558,,,,,,,6552,,
,,,0.45745551586151123,,0.815178632736206,,,,,,,6553,,
,,,0.48383331298828125,,0.8302867412567139,,,,,,,6554,,
,,,0.47493863105773926,,0.7938017845153809,,,,,,,6555,,
,,,0.4945262670516968,,0.8330486416816711,,,,,,,6556,,
,,,0.5412779450416565,,0.8663880228996277,,,,,,,6557,,
,,,0.5126262307167053,,0.8234042525291443,,,,,,,6558,,
,,,0.30434781312942505,,0.8000000715255737,,,,,,,6559,,
163,0.3935999870300293,0.5266000032424927,,0.8163000345230103,,,,,,,,31979,,
163,,,,,,0.3052372336387634,,0.4410433769226074,,3.021254062652588,,31979,1.9225587844848633,
164,,,,,,,0.3290433883666992,,0.46078458428382874,,2.962890625,31999,,2.0238866806030273
164,,,,,,,0.3343495726585388,,0.4704641103744507,,3.056640625,32049,,1.994448184967041
164,,,,,,,0.28505170345306396,,0.42497390508651733,,3.083984375,32099,,1.9514018297195435
164,,,,,,,0.30983248353004456,,0.4414355754852295,,2.94140625,32149,,1.8026974201202393
,,,0.5057191848754883,,0.8184126615524292,,,,,,,6560,,
,,,0.5289930701255798,,0.8004399538040161,,,,,,,6561,,
,,,0.4945630729198456,,0.8019312620162964,,,,,,,6562,,
,,,0.4681818187236786,,0.8190982341766357,,,,,,,6563,,
,,,0.539455771446228,,0.8855791687965393,,,,,,,6564,,
,,,0.5014455318450928,,0.8220974206924438,,,,,,,6565,,
,,,0.514119029045105,,0.8424311280250549,,,,,,,6566,,
,,,0.5434343814849854,,0.830175518989563,,,,,,,6567,,
,,,0.4627465307712555,,0.7990121841430664,,,,,,,6568,,
,,,0.5336805582046509,,0.8417583107948303,,,,,,,6569,,
,,,0.5561507940292358,,0.8239361643791199,,,,,,,6570,,
,,,0.4860824644565582,,0.8289855718612671,,,,,,,6571,,
,,,0.5384711623191833,,0.8294772505760193,,,,,,,6572,,
,,,0.5104166865348816,,0.8580524325370789,,,,,,,6573,,
,,,0.5060628652572632,,0.8447772860527039,,,,,,,6574,,
,,,0.5372053384780884,,0.8329896926879883,,,,,,,6575,,
,,,0.4695630669593811,,0.8440859913825989,,,,,,,6576,,
,,,0.4879818558692932,,0.8581559658050537,,,,,,,6577,,
,,,0.431313157081604,,0.7870573997497559,,,,,,,6578,,
,,,0.4776785969734192,,0.8064103126525879,,,,,,,6579,,
,,,0.521892249584198,,0.8361607193946838,,,,,,,6580,,
,,,0.5294218063354492,,0.8575354218482971,,,,,,,6581,,
,,,0.5250841975212097,,0.87078857421875,,,,,,,6582,,
,,,0.5576959848403931,,0.8573129177093506,,,,,,,6583,,
,,,0.5464040040969849,,0.872719407081604,,,,,,,6584,,
,,,0.5370748043060303,,0.8308772444725037,,,,,,,6585,,
,,,0.5574829578399658,,0.8138597011566162,,,,,,,6586,,
,,,0.46672338247299194,,0.8099163770675659,,,,,,,6587,,
,,,0.4670068025588989,,0.8339285850524902,,,,,,,6588,,
,,,0.4936026930809021,,0.8062499761581421,,,,,,,6589,,
,,,0.4755522608757019,,0.7698240280151367,,,,,,,6590,,
,,,0.48548346757888794,,0.8009158372879028,,,,,,,6591,,
,,,0.5466089248657227,,0.8090425729751587,,,,,,,6592,,
,,,0.5083819031715393,,0.8531250357627869,,,,,,,6593,,
,,,0.4996632933616638,,0.8417562246322632,,,,,,,6594,,
,,,0.48552829027175903,,0.78945392370224,,,,,,,6595,,
,,,0.5148810148239136,,0.8000776767730713,,,,,,,6596,,
,,,0.5451166033744812,,0.8760384321212769,,,,,,,6597,,
,,,0.5086666345596313,,0.8039007186889648,,,,,,,6598,,
,,,0.29545456171035767,,0.8000000715255737,,,,,,,6599,,
164,0.4023999869823456,0.5318999886512756,,0.8270999789237976,,,,,,,,32174,,
164,,,,,,0.30814409255981445,,0.4438750147819519,,3.02272629737854,,32174,1.9253416061401367,
165,,,,,,,0.30665647983551025,,0.4440336227416992,,3.0546875,32199,,1.8630106449127197
165,,,,,,,0.27569580078125,,0.407052606344223,,2.90234375,32249,,1.794611930847168
165,,,,,,,0.26667332649230957,,0.40348613262176514,,3.001953125,32299,,1.8663883209228516
165,,,,,,,0.30622124671936035,,0.44191116094589233,,3.01953125,32349,,1.8966073989868164
,,,0.5187803506851196,,0.8057407736778259,,,,,,,6600,,
,,,0.5264943838119507,,0.8228002190589905,,,,,,,6601,,
,,,0.48700401186943054,,0.7797090411186218,,,,,,,6602,,
,,,0.49201539158821106,,0.8176798224449158,,,,,,,6603,,
,,,0.534135103225708,,0.8971630930900574,,,,,,,6604,,
,,,0.4930412471294403,,0.8261235952377319,,,,,,,6605,,
,,,0.4912857115268707,,0.7985965609550476,,,,,,,6606,,
,,,0.5952380895614624,,0.8392983078956604,,,,,,,6607,,
,,,0.4278258979320526,,0.8048632144927979,,,,,,,6608,,
,,,0.5225085616111755,,0.8428572416305542,,,,,,,6609,,
,,,0.5748621821403503,,0.8276596069335938,,,,,,,6610,,
,,,0.4581666588783264,,0.7969202995300293,,,,,,,6611,,
,,,0.5148872137069702,,0.8234989643096924,,,,,,,6612,,
,,,0.5145833492279053,,0.8421348333358765,,,,,,,6613,,
,,,0.5152958035469055,,0.8484638929367065,,,,,,,6614,,
,,,0.540235698223114,,0.8252576589584351,,,,,,,6615,,
,,,0.48001962900161743,,0.8365591764450073,,,,,,,6616,,
,,,0.5212018489837646,,0.8434396982192993,,,,,,,6617,,
,,,0.405102014541626,,0.797497034072876,,,,,,,6618,,
,,,0.45807021856307983,,0.7547619342803955,,,,,,,6619,,
,,,0.4883834719657898,,0.8412743806838989,,,,,,,6620,,
,,,0.5491461753845215,,0.8222517967224121,,,,,,,6621,,
,,,0.5231958627700806,,0.8274193406105042,,,,,,,6622,,
,,,0.4906705319881439,,0.8747327327728271,,,,,,,6623,,
,,,0.5378887057304382,,0.8516666889190674,,,,,,,6624,,
,,,0.5348796844482422,,0.8221052885055542,,,,,,,6625,,
,,,0.5457912683486938,,0.8084210753440857,,,,,,,6626,,
,,,0.48221099376678467,,0.8293309211730957,,,,,,,6627,,
,,,0.4354497194290161,,0.8304089307785034,,,,,,,6628,,
,,,0.5341924428939819,,0.8236111402511597,,,,,,,6629,,
,,,0.4768286347389221,,0.7904762029647827,,,,,,,6630,,
,,,0.49023324251174927,,0.8219649791717529,,,,,,,6631,,
,,,0.5619533061981201,,0.8474164009094238,,,,,,,6632,,
,,,0.5084896087646484,,0.8769841194152832,,,,,,,6633,,
,,,0.5164948105812073,,0.8387096524238586,,,,,,,6634,,
,,,0.47871869802474976,,0.8086309432983398,,,,,,,6635,,
,,,0.5467920303344727,,0.8228261470794678,,,,,,,6636,,
,,,0.5646705031394958,,0.8760384917259216,,,,,,,6637,,
,,,0.4844276010990143,,0.7963652610778809,,,,,,,6638,,
,,,0.4047619104385376,,0.8000000715255737,,,,,,,6639,,
165,0.3985999822616577,0.531000018119812,,0.8276000022888184,,,,,,,,32369,,
165,,,,,,0.3055873513221741,,0.44158434867858887,,3.025580883026123,,32369,1.9137656688690186,
166,,,,,,,0.2913917005062103,,0.42721274495124817,,3.0078125,32399,,1.9759607315063477
166,,,,,,,0.3026610314846039,,0.43913930654525757,,3.03125,32449,,1.8519463539123535
