epoch,eval/knn_probe_emb_accuracy,eval/knn_probe_proj_accuracy,eval/linear_probe_emb_top1_epoch,eval/linear_probe_emb_top1_step,eval/linear_probe_emb_top5_epoch,eval/linear_probe_emb_top5_step,eval/linear_probe_proj_top1_epoch,eval/linear_probe_proj_top1_step,eval/linear_probe_proj_top5_epoch,eval/linear_probe_proj_top5_step,fit/inv_loss,fit/reg_loss,step,train/linear_probe_emb_loss_epoch,train/linear_probe_emb_loss_step,train/linear_probe_proj_loss_epoch,train/linear_probe_proj_loss_step
0,,,,,,,,,,,,,49,,2.3194427490234375,,2.2779464721679688
,,,,0.02678571455180645,,0.5234375,,0.0147569440305233,,0.6640625,,,0,,,,
,,,,0.01796874962747097,,0.5234375,,0.0147569440305233,,0.6484375,,,1,,,,
,,,,0.025390625,,0.4765625,,0.0166015625,,0.6796875,,,2,,,,
,,,,0.05166666954755783,,0.4906666874885559,,0.052666667848825455,,0.7013333439826965,,,3,,,,
,,,,0.0078125,,0.640625,,0.010416666977107525,,0.7421875,,,4,,,,
,,,,0.0031250000465661287,,0.609375,,0.0062500000931322575,,0.7421875,,,5,,,,
,,,,0.009885826148092747,,0.4768170416355133,,0.007797271013259888,,0.7662907242774963,,,6,,,,
,,,,0.00434027798473835,,0.5859375,,0.015625,,0.7421875,,,7,,,,
,,,,0.0008695651777088642,,0.5996655225753784,,0.02222222276031971,,0.7287625074386597,,,8,,,,
,,,,0.0008680555620230734,,0.5859375,,0.0,,0.546875,,,9,,,,
,,,,0.0023437500931322575,,0.6328125,,0.0007812500116415322,,0.578125,,,10,,,,
,,,,0.0,,0.6783217191696167,,0.0,,0.5221445560455322,,,11,,,,
,,,,0.0,,0.7578125,,0.0034722222480922937,,0.71875,,,12,,,,
,,,,0.0017361111240461469,,0.796875,,0.0048828125,,0.5625,,,13,,,,
,,,,0.0015625000232830644,,0.75,,0.0026041667442768812,,0.5625,,,14,,,,
,,,,0.09116541594266891,,0.804511308670044,,0.06056808680295944,,0.6629072427749634,,,15,,,,
,,,,0.0824652761220932,,0.9140625,,0.0673828125,,0.7890625,,,16,,,,
,,,,0.087890625,,0.9140625,,0.0581597238779068,,0.796875,,,17,,,,
,,,,0.08547008782625198,,0.7788461446762085,,0.1061253547668457,,0.7996795177459717,,,18,,,,
,,,,0.017578125,,0.8671875,,0.0538194440305233,,0.875,,,19,,,,
,,,,0.02083333395421505,,0.8671875,,0.0814732164144516,,0.921875,,,20,,,,
,,,,0.013793103396892548,,0.5795890092849731,,0.07571403682231903,,0.8594566583633423,,,21,,,,
,,,,0.0008680555620230734,,0.234375,,0.0234375,,0.796875,,,22,,,,
,,,,0.0007812500116415322,,0.2578125,,0.021484375,,0.8828125,,,23,,,,
,,,,0.0034722222480922937,,0.4140625,,0.03125,,0.6328125,,,24,,,,
,,,,0.0026041667442768812,,0.671875,,0.0052083334885537624,,0.53125,,,25,,,,
,,,,0.0087890625,,0.6171875,,0.00390625,,0.3828125,,,26,,,,
,,,,0.129682257771492,,0.7921725511550903,,0.05889950692653656,,0.6307156085968018,,,27,,,,
,,,,0.140625,,0.9140625,,0.0948660746216774,,0.7890625,,,28,,,,
,,,,0.1341145783662796,,0.9140625,,0.0693359375,,0.6953125,,,29,,,,
,,,,0.14588235318660736,,0.800000011920929,,0.057516343891620636,,0.6705882549285889,,,30,,,,
0,0.22134022414684296,0.1988498717546463,0.20118623971939087,,0.6625204682350159,,0.2227264940738678,,0.7022745609283447,,,,72,,,,
0,,,,,,,,,,,0.16626115143299103,21.790239334106445,72,2.297271966934204,,2.2699215412139893,
1,,,,,,,,,,,,,99,,2.232327461242676,,2.1943068504333496
,,,,0.0078125,,0.625,,0.01328125037252903,,0.796875,,,31,,,,
,,,,0.008593750186264515,,0.5703125,,0.014843749813735485,,0.8046875,,,32,,,,
,,,,0.0069444444961845875,,0.578125,,0.015625,,0.8046875,,,33,,,,
,,,,0.0416666679084301,,0.41066667437553406,,0.04933333396911621,,0.6573333740234375,,,34,,,,
,,,,0.0009765625,,0.4296875,,0.01171875,,0.5234375,,,35,,,,
,,,,0.0007812500116415322,,0.390625,,0.01171875,,0.5625,,,36,,,,
,,,,0.04636591672897339,,0.5281955003738403,,0.035213034600019455,,0.6140351295471191,,,37,,,,
,,,,0.0580357126891613,,0.8828125,,0.0512152761220932,,0.828125,,,38,,,,
,,,,0.037681158632040024,,0.908695638179779,,0.04173912853002548,,0.8397993445396423,,,39,,,,
,,,,0.0009765625,,0.7890625,,0.0062500000931322575,,0.71875,,,40,,,,
,,,,0.005859375,,0.84375,,0.00390625,,0.7734375,,,41,,,,
,,,,0.0,,0.7668997645378113,,0.010800311341881752,,0.752525269985199,,,42,,,,
,,,,0.0,,0.6328125,,0.0078125,,0.7734375,,,43,,,,
,,,,0.0,,0.6015625,,0.007031249813735485,,0.75,,,44,,,,
,,,,0.0011160714784637094,,0.625,,0.010937499813735485,,0.75,,,45,,,,
,,,,0.0555555559694767,,0.6484962701797485,,0.03771929815411568,,0.614661693572998,,,46,,,,
,,,,0.0825892835855484,,0.875,,0.0529513880610466,,0.765625,,,47,,,,
,,,,0.0948660746216774,,0.9375,,0.0572916679084301,,0.78125,,,48,,,,
,,,,0.17399266362190247,,0.9294872283935547,,0.13212250173091888,,0.8461538553237915,,,49,,,,
,,,,0.0963541641831398,,0.953125,,0.0546875,,0.9140625,,,50,,,,
,,,,0.0680803582072258,,0.90625,,0.0598958320915699,,0.8984375,,,51,,,,
,,,,0.10053117573261261,,0.9301637411117554,,0.06468129903078079,,0.844305157661438,,,52,,,,
,,,,0.0379464291036129,,0.9609375,,0.0052083334885537624,,0.828125,,,53,,,,
,,,,0.0412946417927742,,0.9765625,,0.010416666977107525,,0.8828125,,,54,,,,
,,,,0.03515625,,0.734375,,0.01406249962747097,,0.78125,,,55,,,,
,,,,0.0034722222480922937,,0.4609375,,0.01128472201526165,,0.625,,,56,,,,
,,,,0.0052083334885537624,,0.34375,,0.01128472201526165,,0.5390625,,,57,,,,
,,,,0.08514595776796341,,0.6870317459106445,,0.08889462798833847,,0.725652277469635,,,58,,,,
,,,,0.1116071417927742,,0.9140625,,0.083984375,,0.859375,,,59,,,,
,,,,0.1049107164144516,,0.90625,,0.0694444477558136,,0.8359375,,,60,,,,
,,,,0.0941176488995552,,0.8117647171020508,,0.07058823853731155,,0.7647058963775635,,,61,,,,
1,0.2714560627937317,0.2408066838979721,0.26515960693359375,,0.7433539628982544,,0.2613275647163391,,0.7592356204986572,,,,145,,,,
1,,,,,,,,,,,0.2705914378166199,6.739779472351074,145,2.220623016357422,,2.2090554237365723,
2,,,,,,,,,,,,,149,,2.1827492713928223,,2.1246814727783203
2,,,,,,,,,,,,,199,,1.9828071594238281,,1.9532818794250488
,,,,0.0301339291036129,,0.765625,,0.01640624925494194,,0.7734375,,,62,,,,
,,,,0.0244140625,,0.7890625,,0.015625,,0.7421875,,,63,,,,
,,,,0.04296875,,0.78125,,0.02734375,,0.828125,,,64,,,,
,,,,0.02971428632736206,,0.7093333005905151,,0.018400000408291817,,0.6413333415985107,,,65,,,,
,,,,0.0234375,,0.75,,0.014843749813735485,,0.640625,,,66,,,,
,,,,0.0334821417927742,,0.734375,,0.02031249925494194,,0.640625,,,67,,,,
,,,,0.027725564315915108,,0.6021302938461304,,0.04411027580499649,,0.6860902309417725,,,68,,,,
,,,,0.0166015625,,0.5390625,,0.0399305559694767,,0.7265625,,,69,,,,
,,,,0.014492753893136978,,0.6287625432014465,,0.0594574511051178,,0.7665551900863647,,,70,,,,
,,,,0.0,,0.7890625,,0.01875000074505806,,0.90625,,,71,,,,
,,,,0.0,,0.7890625,,0.0147569440305233,,0.90625,,,72,,,,
,,,,0.0,,0.5878010988235474,,0.02814469486474991,,0.8947163820266724,,,73,,,,
,,,,0.0009765625,,0.84375,,0.01640624925494194,,0.8984375,,,74,,,,
,,,,0.0017361111240461469,,0.859375,,0.02864583395421505,,0.96875,,,75,,,,
,,,,0.0,,0.84375,,0.02421874925494194,,0.9296875,,,76,,,,
,,,,0.07992202788591385,,0.8803257942199707,,0.06591478735208511,,0.8677945137023926,,,77,,,,
,,,,0.1116071417927742,,0.9453125,,0.06328125298023224,,0.8515625,,,78,,,,
,,,,0.1116071417927742,,0.9921875,,0.0869140625,,0.96875,,,79,,,,
,,,,0.1458333432674408,,0.8814102411270142,,0.14383012056350708,,0.8301281929016113,,,80,,,,
,,,,0.0989583358168602,,0.84375,,0.0494791679084301,,0.8515625,,,81,,,,
,,,,0.05859375,,0.7265625,,0.0407986119389534,,0.7734375,,,82,,,,
,,,,0.1198769211769104,,0.7884012460708618,,0.0445837676525116,,0.8056426048278809,,,83,,,,
,,,,0.021484375,,0.8984375,,0.015625,,0.90625,,,84,,,,
,,,,0.015625,,0.9375,,0.007031249813735485,,0.8671875,,,85,,,,
,,,,0.033203125,,0.765625,,0.01718750037252903,,0.6875,,,86,,,,
,,,,0.009765625,,0.546875,,0.01171875,,0.40625,,,87,,,,
,,,,0.0078125,,0.53125,,0.0078125,,0.3984375,,,88,,,,
,,,,0.08954404294490814,,0.709506630897522,,0.0771893560886383,,0.6856109499931335,,,89,,,,
,,,,0.080078125,,0.8046875,,0.06718750298023224,,0.828125,,,90,,,,
,,,,0.0959821417927742,,0.796875,,0.0703125,,0.828125,,,91,,,,
,,,,0.07352941483259201,,0.729411780834198,,0.06470588594675064,,0.7647058963775635,,,92,,,,
2,0.2928125262260437,0.28052887320518494,0.2700982689857483,,0.769291877746582,,0.29771122336387634,,0.7751357555389404,,,,218,,,,
2,,,,,,,,,,,0.2574862837791443,4.46385383605957,218,2.113898277282715,,2.0939526557922363,
3,,,,,,,,,,,,,249,,2.058293104171753,,2.068647623062134
,,,,0.0373263880610466,,0.828125,,0.02864583395421505,,0.75,,,93,,,,
,,,,0.03281249850988388,,0.8125,,0.01953125,,0.765625,,,94,,,,
,,,,0.0419921875,,0.84375,,0.03515625,,0.7421875,,,95,,,,
,,,,0.047200001776218414,,0.9120000004768372,,0.0743703693151474,,0.9040000438690186,,,96,,,,
,,,,0.0442708320915699,,0.8828125,,0.02578124962747097,,0.84375,,,97,,,,
,,,,0.0546875,,0.8828125,,0.05078125,,0.8359375,,,98,,,,
,,,,0.058897241950035095,,0.6992481350898743,,0.03959899768233299,,0.6635338068008423,,,99,,,,
,,,,0.046875,,0.734375,,0.03984374925494194,,0.7734375,,,100,,,,
,,,,0.04247491806745529,,0.8695652484893799,,0.04073578491806984,,0.8230769634246826,,,101,,,,
,,,,0.004687500186264515,,0.890625,,0.008593750186264515,,0.8125,,,102,,,,
,,,,0.0078125,,0.8671875,,0.010416666977107525,,0.859375,,,103,,,,
,,,,0.0531468540430069,,0.8904429078102112,,0.07303807139396667,,0.8022533059120178,,,104,,,,
,,,,0.0572916679084301,,0.953125,,0.06093750149011612,,0.9609375,,,105,,,,
,,,,0.0694444477558136,,0.9609375,,0.0833333358168602,,0.96875,,,106,,,,
,,,,0.0564236119389534,,0.96875,,0.06796874850988388,,0.984375,,,107,,,,
,,,,0.05123921111226082,,0.7005012631416321,,0.08479532599449158,,0.9473683834075928,,,108,,,,
,,,,0.0217013880610466,,0.671875,,0.0321180559694767,,0.890625,,,109,,,,
,,,,0.02864583395421505,,0.6484375,,0.0329861119389534,,0.9453125,,,110,,,,
,,,,0.06858974695205688,,0.7147436141967773,,0.0625,,0.807692289352417,,,111,,,,
,,,,0.05000000074505806,,0.8828125,,0.02812499925494194,,0.8125,,,112,,,,
,,,,0.04062499850988388,,0.8125,,0.02500000037252903,,0.765625,,,113,,,,
,,,,0.06645768135786057,,0.8493556380271912,,0.042319752275943756,,0.8199234008789062,,,114,,,,
,,,,0.0243055559694767,,0.8359375,,0.02777777798473835,,0.875,,,115,,,,
,,,,0.01796874962747097,,0.8359375,,0.02031249925494194,,0.8125,,,116,,,,
,,,,0.04999999701976776,,0.859375,,0.02968749962747097,,0.7890625,,,117,,,,
,,,,0.03125,,0.859375,,0.012500000186264515,,0.734375,,,118,,,,
,,,,0.03984374925494194,,0.828125,,0.02109375037252903,,0.75,,,119,,,,
,,,,0.12859152257442474,,0.8944717049598694,,0.11570366472005844,,0.8540428876876831,,,120,,,,
,,,,0.1015625,,0.8671875,,0.0894097238779068,,0.9140625,,,121,,,,
,,,,0.0908203125,,0.890625,,0.0850694477558136,,0.9140625,,,122,,,,
,,,,0.0882352963089943,,0.8352941274642944,,0.12941177189350128,,0.8588235378265381,,,123,,,,
3,0.3656923770904541,0.3356345295906067,0.36937415599823,,0.8272438049316406,,0.34052330255508423,,0.8293294310569763,,,,291,,,,
3,,,,,,,,,,,0.24005790054798126,3.7210776805877686,291,2.004800319671631,,1.9793559312820435,
4,,,,,,,,,,,,,299,,1.8672499656677246,,1.900413990020752
4,,,,,,,,,,,,,349,,1.7193386554718018,,1.7744975090026855
,,,,0.0373263880610466,,0.828125,,0.0373263880610466,,0.8515625,,,124,,,,
,,,,0.0321180559694767,,0.8046875,,0.0295138880610466,,0.8671875,,,125,,,,
,,,,0.03125,,0.765625,,0.0338541679084301,,0.8671875,,,126,,,,
,,,,0.057333335280418396,,0.7013333439826965,,0.10251852124929428,,0.6853333711624146,,,127,,,,
,,,,0.01718750037252903,,0.703125,,0.02031249925494194,,0.65625,,,128,,,,
,,,,0.02187499962747097,,0.78125,,0.02656250074505806,,0.734375,,,129,,,,
,,,,0.055263154208660126,,0.738095223903656,,0.04649122804403305,,0.7337092757225037,,,130,,,,
,,,,0.0651041641831398,,0.8828125,,0.05000000074505806,,0.90625,,,131,,,,
,,,,0.08665923029184341,,0.926086962223053,,0.09409141540527344,,0.8230769634246826,,,132,,,,
,,,,0.010937499813735485,,0.9375,,0.02421874925494194,,0.8515625,,,133,,,,
,,,,0.01171875,,0.96875,,0.02578124962747097,,0.8515625,,,134,,,,
,,,,0.07078476995229721,,0.9331779479980469,,0.05944056063890457,,0.8904429078102112,,,135,,,,
,,,,0.0425347238779068,,0.90625,,0.03359375149011612,,0.890625,,,136,,,,
,,,,0.04765624925494194,,0.953125,,0.03750000149011612,,0.9453125,,,137,,,,
,,,,0.0520833320915699,,0.9296875,,0.0434027761220932,,0.9296875,,,138,,,,
,,,,0.0810776948928833,,0.8270676732063293,,0.08032581210136414,,0.7913534045219421,,,139,,,,
,,,,0.06406249850988388,,0.9375,,0.05546874925494194,,0.921875,,,140,,,,
,,,,0.09375,,0.984375,,0.076171875,,0.9765625,,,141,,,,
,,,,0.09038461744785309,,0.9358974695205688,,0.09134615957736969,,0.9294872283935547,,,142,,,,
,,,,0.03750000149011612,,0.9453125,,0.0633680522441864,,0.96875,,,143,,,,
,,,,0.0321180559694767,,0.8671875,,0.0425347238779068,,0.9375,,,144,,,,
,,,,0.06722396612167358,,0.8674677610397339,,0.07562211900949478,,0.8969000577926636,,,145,,,,
,,,,0.0390625,,0.8984375,,0.02777777798473835,,0.859375,,,146,,,,
,,,,0.0373263880610466,,0.8203125,,0.03125,,0.7890625,,,147,,,,
,,,,0.07187499850988388,,0.8203125,,0.05312499776482582,,0.78125,,,148,,,,
,,,,0.0390625,,0.734375,,0.02656250074505806,,0.71875,,,149,,,,
,,,,0.04140625149011612,,0.734375,,0.02734375,,0.71875,,,150,,,,
,,,,0.09659002721309662,,0.7611728310585022,,0.09919917583465576,,0.7907516956329346,,,151,,,,
,,,,0.08203125,,0.8515625,,0.0824652761220932,,0.8828125,,,152,,,,
,,,,0.0810546875,,0.8359375,,0.0746527761220932,,0.8984375,,,153,,,,
,,,,0.07058823853731155,,0.7647058963775635,,0.06797385960817337,,0.7882353067398071,,,154,,,,
4,0.38305503129959106,0.37384501099586487,0.3998342752456665,,0.8530296087265015,,0.3879372179508209,,0.8458731174468994,,,,364,,,,
4,,,,,,,,,,,0.22824779152870178,3.3635754585266113,364,1.89064359664917,,1.8655859231948853,
5,,,,,,,,,,,,,399,,1.8692691326141357,,1.8548808097839355
,,,,0.04921875149011612,,0.890625,,0.0595703125,,0.9140625,,,155,,,,
,,,,0.0538194440305233,,0.90625,,0.04218750074505806,,0.9453125,,,156,,,,
,,,,0.0460069440305233,,0.9140625,,0.0517578125,,0.9375,,,157,,,,
,,,,0.10548148304224014,,0.9600000381469727,,0.10366666316986084,,0.9240000247955322,,,158,,,,
,,,,0.04765624925494194,,0.9296875,,0.03515625,,0.8359375,,,159,,,,
,,,,0.05859375,,0.9296875,,0.06640625,,0.828125,,,160,,,,
,,,,0.06779448688030243,,0.8276942372322083,,0.048370927572250366,,0.67606520652771,,,161,,,,
,,,,0.0555555559694767,,0.90625,,0.0460069440305233,,0.921875,,,162,,,,
,,,,0.0589371994137764,,0.917391300201416,,0.05878855288028717,,0.8230769634246826,,,163,,,,
,,,,0.004687500186264515,,0.890625,,0.00390625,,0.78125,,,164,,,,
,,,,0.0078125,,0.9375,,0.004687500186264515,,0.859375,,,165,,,,
,,,,0.05229215323925018,,0.8620823621749878,,0.05143745243549347,,0.8150738477706909,,,166,,,,
,,,,0.04843749850988388,,0.8984375,,0.04140625149011612,,0.875,,,167,,,,
,,,,0.0607638880610466,,0.9375,,0.0529513880610466,,0.90625,,,168,,,,
,,,,0.05078125,,0.9453125,,0.04374999925494194,,0.921875,,,169,,,,
,,,,0.08145363628864288,,0.7644110321998596,,0.07852965593338013,,0.7600250244140625,,,170,,,,
,,,,0.05000000074505806,,0.90625,,0.0581597238779068,,0.921875,,,171,,,,
,,,,0.05703125149011612,,0.953125,,0.0616319440305233,,0.953125,,,172,,,,
,,,,0.09967948496341705,,0.8974359035491943,,0.14066950976848602,,0.9519230723381042,,,173,,,,
,,,,0.04765624925494194,,0.890625,,0.06093750149011612,,0.9296875,,,174,,,,
,,,,0.0498046875,,0.8671875,,0.04609375074505806,,0.8984375,,,175,,,,
,,,,0.11114981770515442,,0.8695576190948486,,0.10146290063858032,,0.917102038860321,,,176,,,,
,,,,0.0546875,,0.8359375,,0.05859375,,0.859375,,,177,,,,
,,,,0.0416666679084301,,0.796875,,0.0460069440305233,,0.890625,,,178,,,,
,,,,0.0659722238779068,,0.8359375,,0.09375,,0.8515625,,,179,,,,
,,,,0.01875000074505806,,0.7421875,,0.04453124850988388,,0.828125,,,180,,,,
,,,,0.0251736119389534,,0.7109375,,0.04218750074505806,,0.8359375,,,181,,,,
,,,,0.09823043644428253,,0.7889434099197388,,0.12196461111307144,,0.8434512615203857,,,182,,,,
,,,,0.05390625074505806,,0.78125,,0.0607638880610466,,0.7578125,,,183,,,,
,,,,0.0546875,,0.7578125,,0.0572916679084301,,0.796875,,,184,,,,
,,,,0.057516343891620636,,0.7411764860153198,,0.05098039284348488,,0.7529411911964417,,,185,,,,
5,0.4158324897289276,0.3982611298561096,0.4210900068283081,,0.8638781309127808,,0.4238829016685486,,0.8638992309570312,,,,437,,,,
5,,,,,,,,,,,0.21920640766620636,3.2034192085266113,437,1.7972209453582764,,1.78423273563385,
6,,,,,,,,,,,,,449,,1.7934610843658447,,1.7629022598266602
6,,,,,,,,,,,,,499,,1.782301664352417,,1.773630142211914
,,,,0.0434027761220932,,0.796875,,0.0381944440305233,,0.828125,,,186,,,,
,,,,0.02968749962747097,,0.796875,,0.02890625037252903,,0.796875,,,187,,,,
,,,,0.0390625,,0.796875,,0.0364583320915699,,0.8203125,,,188,,,,
,,,,0.06213333457708359,,0.7013333439826965,,0.0565333366394043,,0.8560000061988831,,,189,,,,
,,,,0.02578124962747097,,0.7421875,,0.01718750037252903,,0.75,,,190,,,,
,,,,0.03437500074505806,,0.75,,0.02734375,,0.734375,,,191,,,,
,,,,0.09147869795560837,,0.7374687194824219,,0.07130325585603714,,0.804511308670044,,,192,,,,
,,,,0.0634765625,,0.9375,,0.0881696417927742,,0.9609375,,,193,,,,
,,,,0.06376811861991882,,0.8709030151367188,,0.0720401331782341,,0.8367893099784851,,,194,,,,
,,,,0.01215277798473835,,0.8828125,,0.03125,,0.875,,,195,,,,
,,,,0.00937500037252903,,0.8984375,,0.02109375037252903,,0.8828125,,,196,,,,
,,,,0.03185703605413437,,0.8492618799209595,,0.04724165052175522,,0.8620823621749878,,,197,,,,
,,,,0.0295138880610466,,0.875,,0.02864583395421505,,0.9140625,,,198,,,,
,,,,0.0329861119389534,,0.8828125,,0.0390625,,0.9140625,,,199,,,,
,,,,0.02421874925494194,,0.8828125,,0.03593749925494194,,0.9296875,,,200,,,,
,,,,0.05025062710046768,,0.786967396736145,,0.060150377452373505,,0.7556390762329102,,,201,,,,
,,,,0.0390625,,0.8984375,,0.03671874850988388,,0.8984375,,,202,,,,
,,,,0.05000000074505806,,0.9609375,,0.05078125,,0.90625,,,203,,,,
,,,,0.12724357843399048,,0.9439102411270142,,0.1150640994310379,,0.9647436141967773,,,204,,,,
,,,,0.1171875,,0.9921875,,0.08203125,,0.96875,,,205,,,,
,,,,0.06796874850988388,,0.984375,,0.05703125149011612,,0.953125,,,206,,,,
,,,,0.20361247658729553,,0.9797979593276978,,0.1723640263080597,,0.9453152418136597,,,207,,,,
,,,,0.0720486119389534,,0.9609375,,0.0746527761220932,,0.9375,,,208,,,,
,,,,0.0625,,0.9296875,,0.0772569477558136,,0.9140625,,,209,,,,
,,,,0.08749999850988388,,0.8671875,,0.09375,,0.8046875,,,210,,,,
,,,,0.01953125,,0.7421875,,0.02031249925494194,,0.7265625,,,211,,,,
,,,,0.03125,,0.734375,,0.03281249850988388,,0.7578125,,,212,,,,
,,,,0.09821751713752747,,0.8554637432098389,,0.09772668778896332,,0.7854559421539307,,,213,,,,
,,,,0.0703125,,0.890625,,0.0859375,,0.8828125,,,214,,,,
,,,,0.06796874850988388,,0.8984375,,0.0755208358168602,,0.890625,,,215,,,,
,,,,0.0658823549747467,,0.8117647171020508,,0.06470588594675064,,0.7882353067398071,,,216,,,,
6,0.4451102316379547,0.4242233633995056,0.42940935492515564,,0.8681627511978149,,0.4344659447669983,,0.8641259670257568,,,,510,,,,
6,,,,,,,,,,,0.21546633541584015,3.1984429359436035,510,1.744717001914978,,1.7352505922317505,
7,,,,,,,,,,,,,549,,1.6887047290802002,,1.7036550045013428
,,,,0.0711805522441864,,0.9140625,,0.0732421875,,0.90625,,,217,,,,
,,,,0.0625,,0.9453125,,0.0581597238779068,,0.921875,,,218,,,,
,,,,0.05859375,,0.9453125,,0.0529513880610466,,0.90625,,,219,,,,
,,,,0.15520000457763672,,0.9679999947547913,,0.1130666732788086,,0.9559999704360962,,,220,,,,
,,,,0.04296875,,0.90625,,0.04218750074505806,,0.8984375,,,221,,,,
,,,,0.05390625074505806,,0.9296875,,0.04453124850988388,,0.90625,,,222,,,,
,,,,0.09022556245326996,,0.8897242546081543,,0.07957393676042557,,0.8634085059165955,,,223,,,,
,,,,0.06015624850988388,,0.9296875,,0.05000000074505806,,0.859375,,,224,,,,
,,,,0.056521736085414886,,0.8317725658416748,,0.07090301066637039,,0.895652174949646,,,225,,,,
,,,,0.0023437500931322575,,0.7734375,,0.02109375037252903,,0.8828125,,,226,,,,
,,,,0.0023437500931322575,,0.734375,,0.01875000074505806,,0.90625,,,227,,,,
,,,,0.03721833974123001,,0.8434343338012695,,0.04864025115966797,,0.8904429078102112,,,228,,,,
,,,,0.0416666679084301,,0.921875,,0.0442708320915699,,0.9375,,,229,,,,
,,,,0.046875,,0.921875,,0.0538194440305233,,0.9453125,,,230,,,,
,,,,0.04140625149011612,,0.9375,,0.0477430559694767,,0.9296875,,,231,,,,
,,,,0.06704260408878326,,0.8088972568511963,,0.06428571790456772,,0.7731829881668091,,,232,,,,
,,,,0.0633680522441864,,0.9609375,,0.05390625074505806,,0.953125,,,233,,,,
,,,,0.0625,,0.96875,,0.05937499925494194,,0.96875,,,234,,,,
,,,,0.1259615421295166,,0.9294872283935547,,0.1288461685180664,,0.9310897588729858,,,235,,,,
,,,,0.06875000149011612,,0.9453125,,0.06171875074505806,,0.9453125,,,236,,,,
,,,,0.0758928582072258,,0.921875,,0.0538194440305233,,0.90625,,,237,,,,
,,,,0.14302508533000946,,0.8918495178222656,,0.10011997073888779,,0.8564959764480591,,,238,,,,
,,,,0.05859375,,0.8359375,,0.0556640625,,0.7578125,,,239,,,,
,,,,0.03984374925494194,,0.859375,,0.03359375149011612,,0.7734375,,,240,,,,
,,,,0.0850694477558136,,0.8203125,,0.07343749701976776,,0.7734375,,,241,,,,
,,,,0.0303819440305233,,0.84375,,0.03359375149011612,,0.78125,,,242,,,,
,,,,0.0381944440305233,,0.796875,,0.04218750074505806,,0.8125,,,243,,,,
,,,,0.11725366115570068,,0.8818135261535645,,0.10932575911283493,,0.8526220321655273,,,244,,,,
,,,,0.0746527761220932,,0.8984375,,0.06875000149011612,,0.875,,,245,,,,
,,,,0.06484375149011612,,0.890625,,0.0755208358168602,,0.90625,,,246,,,,
,,,,0.06666667014360428,,0.8352941274642944,,0.06666667014360428,,0.8588235378265381,,,247,,,,
7,0.4423849582672119,0.4314001798629761,0.4618557095527649,,0.884322464466095,,0.46137750148773193,,0.8766858577728271,,,,583,,,,
7,,,,,,,,,,,0.2054269015789032,3.319830894470215,583,1.6845492124557495,,1.6882798671722412,
8,,,,,,,,,,,,,599,,1.6102280616760254,,1.583845853805542
8,,,,,,,,,,,,,649,,1.7461048364639282,,1.7211273908615112
,,,,0.0529513880610466,,0.8828125,,0.0616319440305233,,0.9140625,,,248,,,,
,,,,0.04843749850988388,,0.8984375,,0.046875,,0.8984375,,,249,,,,
,,,,0.04531250149011612,,0.890625,,0.046875,,0.921875,,,250,,,,
,,,,0.09333333373069763,,0.9600000381469727,,0.13274073600769043,,0.9520000219345093,,,251,,,,
,,,,0.04843749850988388,,0.921875,,0.05078125,,0.84375,,,252,,,,
,,,,0.06484375149011612,,0.90625,,0.06015624850988388,,0.875,,,253,,,,
,,,,0.07518797367811203,,0.8189222812652588,,0.06716792285442352,,0.7963659167289734,,,254,,,,
,,,,0.03593749925494194,,0.7890625,,0.04062499850988388,,0.890625,,,255,,,,
,,,,0.06394648551940918,,0.8100334405899048,,0.08280936628580093,,0.917391300201416,,,256,,,,
,,,,0.012500000186264515,,0.8671875,,0.02031249925494194,,0.9296875,,,257,,,,
,,,,0.01406249962747097,,0.8203125,,0.02421874925494194,,0.90625,,,258,,,,
,,,,0.05003885179758072,,0.8947163820266724,,0.07505827397108078,,0.9203574657440186,,,259,,,,
,,,,0.05000000074505806,,0.9296875,,0.05624999850988388,,0.9765625,,,260,,,,
,,,,0.0538194440305233,,0.921875,,0.0625,,0.9453125,,,261,,,,
,,,,0.05000000074505806,,0.921875,,0.05390625074505806,,0.9609375,,,262,,,,
,,,,0.06779448688030243,,0.8264411091804504,,0.09097744524478912,,0.871553897857666,,,263,,,,
,,,,0.0607638880610466,,0.96875,,0.0538194440305233,,0.9375,,,264,,,,
,,,,0.0703125,,0.96875,,0.0677083358168602,,0.9375,,,265,,,,
,,,,0.15633903443813324,,0.9294872283935547,,0.12660256028175354,,0.9358974695205688,,,266,,,,
,,,,0.0868055522441864,,0.9609375,,0.07187499850988388,,0.953125,,,267,,,,
,,,,0.0771484375,,0.9453125,,0.0642361119389534,,0.8984375,,,268,,,,
,,,,0.14714191854000092,,0.9272030591964722,,0.13657648861408234,,0.8746081590652466,,,269,,,,
,,,,0.0771484375,,0.890625,,0.0616319440305233,,0.8515625,,,270,,,,
,,,,0.05078125,,0.8828125,,0.046875,,0.8203125,,,271,,,,
,,,,0.07656250149011612,,0.8359375,,0.07656250149011612,,0.7734375,,,272,,,,
,,,,0.01718750037252903,,0.8203125,,0.01875000074505806,,0.7890625,,,273,,,,
,,,,0.02500000037252903,,0.828125,,0.02500000037252903,,0.8515625,,,274,,,,
,,,,0.11475071310997009,,0.8818135261535645,,0.10356497019529343,,0.858951210975647,,,275,,,,
,,,,0.07421875,,0.90625,,0.0703125,,0.8671875,,,276,,,,
,,,,0.0807291641831398,,0.921875,,0.0772569477558136,,0.921875,,,277,,,,
,,,,0.061176471412181854,,0.8352941274642944,,0.06000000238418579,,0.8117647171020508,,,278,,,,
8,0.4741440415382385,0.4665467143058777,0.4855670928955078,,0.8876302242279053,,0.4887000322341919,,0.8871300220489502,,,,656,,,,
8,,,,,,,,,,,0.20182141661643982,3.2911226749420166,656,1.6557061672210693,,1.6585242748260498,
9,,,,,,,,,,,,,699,,1.4886770248413086,,1.5045504570007324
,,,,0.076171875,,0.9140625,,0.0703125,,0.9296875,,,279,,,,
,,,,0.0625,,0.8984375,,0.04531250149011612,,0.9140625,,,280,,,,
,,,,0.0598958320915699,,0.9140625,,0.05000000074505806,,0.921875,,,281,,,,
,,,,0.14000000059604645,,0.9279999732971191,,0.07813333719968796,,0.9480000138282776,,,282,,,,
,,,,0.02968749962747097,,0.875,,0.03359375149011612,,0.875,,,283,,,,
,,,,0.04218750074505806,,0.8359375,,0.04609375074505806,,0.859375,,,284,,,,
,,,,0.09106098860502243,,0.8270676732063293,,0.07669172435998917,,0.8496240377426147,,,285,,,,
,,,,0.0763888880610466,,0.953125,,0.0616319440305233,,0.953125,,,286,,,,
,,,,0.07030100375413895,,0.8280936479568481,,0.08468227833509445,,0.9347826242446899,,,287,,,,
,,,,0.01015624962747097,,0.9609375,,0.0234375,,0.921875,,,288,,,,
,,,,0.01171875,,0.921875,,0.02890625037252903,,0.9140625,,,289,,,,
,,,,0.06822066754102707,,0.9615384340286255,,0.07451437413692474,,0.8919968605041504,,,290,,,,
,,,,0.05624999850988388,,0.9765625,,0.04843749850988388,,0.921875,,,291,,,,
,,,,0.06640625,,0.953125,,0.06015624850988388,,0.9296875,,,292,,,,
,,,,0.06562499701976776,,0.9609375,,0.05937499925494194,,0.921875,,,293,,,,
,,,,0.08997493982315063,,0.9467418193817139,,0.08822055160999298,,0.9335839748382568,,,294,,,,
,,,,0.0729166641831398,,0.96875,,0.05937499925494194,,0.96875,,,295,,,,
,,,,0.0737847238779068,,0.9609375,,0.06406249850988388,,0.9453125,,,296,,,,
,,,,0.11666666716337204,,0.9006410241127014,,0.11217948794364929,,0.9375,,,297,,,,
,,,,0.03828125074505806,,0.875,,0.05000000074505806,,0.8828125,,,298,,,,
,,,,0.03359375149011612,,0.8515625,,0.03984374925494194,,0.8828125,,,299,,,,
,,,,0.10549460351467133,,0.8552769422531128,,0.12978927791118622,,0.8653779029846191,,,300,,,,
,,,,0.0859375,,0.890625,,0.0948660746216774,,0.921875,,,301,,,,
,,,,0.04765624925494194,,0.8671875,,0.05546874925494194,,0.90625,,,302,,,,
,,,,0.09531250596046448,,0.90625,,0.10781250149011612,,0.890625,,,303,,,,
,,,,0.04218750074505806,,0.8828125,,0.04374999925494194,,0.859375,,,304,,,,
,,,,0.0607638880610466,,0.8828125,,0.05234374850988388,,0.84375,,,305,,,,
,,,,0.11790235340595245,,0.911004900932312,,0.12374064326286316,,0.911004900932312,,,306,,,,
,,,,0.0694444477558136,,0.890625,,0.0720486119389534,,0.875,,,307,,,,
,,,,0.0694444477558136,,0.890625,,0.06093750149011612,,0.8984375,,,308,,,,
,,,,0.062745101749897,,0.8352941274642944,,0.06000000238418579,,0.8235294222831726,,,309,,,,
9,0.5046408176422119,0.48874980211257935,0.4936050772666931,,0.904180645942688,,0.5064865350723267,,0.9025733470916748,,,,729,,,,
9,,,,,,,,,,,0.19460302591323853,3.1138699054718018,729,1.6100932359695435,,1.606890082359314,
10,,,,,,,,,,,,,749,,1.5070631504058838,,1.5032693147659302
10,,,,,,,,,,,,,799,,1.498835802078247,,1.4910093545913696
,,,,0.0546875,,0.890625,,0.05859375,,0.921875,,,310,,,,
,,,,0.0607638880610466,,0.90625,,0.05078125,,0.9140625,,,311,,,,
,,,,0.04765624925494194,,0.890625,,0.05546874925494194,,0.921875,,,312,,,,
,,,,0.09392593055963516,,0.9359999895095825,,0.1671111136674881,,0.9480000138282776,,,313,,,,
,,,,0.04531250149011612,,0.8515625,,0.04531250149011612,,0.8984375,,,314,,,,
,,,,0.0651041641831398,,0.859375,,0.0581597238779068,,0.9140625,,,315,,,,
,,,,0.10401003062725067,,0.871553897857666,,0.0794486254453659,,0.8270676732063293,,,316,,,,
,,,,0.083984375,,0.96875,,0.0751953125,,0.96875,,,317,,,,
,,,,0.06943143904209137,,0.8795986771583557,,0.06508361548185349,,0.95652174949646,,,318,,,,
,,,,0.01171875,,0.921875,,0.02265625074505806,,0.9453125,,,319,,,,
,,,,0.01328125037252903,,0.953125,,0.015625,,0.953125,,,320,,,,
,,,,0.09891219437122345,,0.9743589758872986,,0.08414918184280396,,0.9572649598121643,,,321,,,,
,,,,0.06406249850988388,,0.9765625,,0.0746527761220932,,0.96875,,,322,,,,
,,,,0.087890625,,0.96875,,0.0869140625,,0.96875,,,323,,,,
,,,,0.06953124701976776,,0.9609375,,0.07109375298023224,,0.953125,,,324,,,,
,,,,0.06378446519374847,,0.8809523582458496,,0.06553884595632553,,0.885338306427002,,,325,,,,
,,,,0.02109375037252903,,0.7734375,,0.02265625074505806,,0.734375,,,326,,,,
,,,,0.02578124962747097,,0.875,,0.02656250074505806,,0.8359375,,,327,,,,
,,,,0.12250712513923645,,0.8910256624221802,,0.0923076942563057,,0.8926281929016113,,,328,,,,
,,,,0.1194196417927742,,0.9921875,,0.0927734375,,0.953125,,,329,,,,
,,,,0.091796875,,0.984375,,0.0677083358168602,,0.953125,,,330,,,,
,,,,0.1622692346572876,,0.9595959186553955,,0.1567785143852234,,0.9696969985961914,,,331,,,,
,,,,0.0825892835855484,,0.9453125,,0.0830078125,,0.9453125,,,332,,,,
,,,,0.0572916679084301,,0.9375,,0.06171875074505806,,0.9296875,,,333,,,,
,,,,0.08437499403953552,,0.8671875,,0.08750000596046448,,0.875,,,334,,,,
,,,,0.02578124962747097,,0.7890625,,0.03437500074505806,,0.796875,,,335,,,,
,,,,0.03437500074505806,,0.828125,,0.03671874850988388,,0.8359375,,,336,,,,
,,,,0.11038491129875183,,0.8895634412765503,,0.1226499006152153,,0.8871092796325684,,,337,,,,
,,,,0.0807291641831398,,0.953125,,0.07187499850988388,,0.9375,,,338,,,,
,,,,0.07578124850988388,,0.9375,,0.095703125,,0.9375,,,339,,,,
,,,,0.06470588594675064,,0.8705882430076599,,0.06352941691875458,,0.8823529481887817,,,340,,,,
10,0.5022546648979187,0.4926311671733856,0.5078489780426025,,0.9081002473831177,,0.5126019716262817,,0.9085381627082825,,,,802,,,,
10,,,,,,,,,,,0.18907341361045837,2.9648170471191406,802,1.5677335262298584,,1.5702136754989624,
11,,,,,,,,,,,,,849,,1.5194381475448608,,1.4996974468231201
,,,,0.0390625,,0.8359375,,0.0390625,,0.8828125,,,341,,,,
,,,,0.03125,,0.7421875,,0.0364583320915699,,0.8671875,,,342,,,,
,,,,0.02421874925494194,,0.8046875,,0.02968749962747097,,0.875,,,343,,,,
,,,,0.05199999734759331,,0.9440000057220459,,0.04959999769926071,,0.9559999704360962,,,344,,,,
,,,,0.05234374850988388,,0.890625,,0.04843749850988388,,0.890625,,,345,,,,
,,,,0.05390625074505806,,0.8671875,,0.05156249925494194,,0.9140625,,,346,,,,
,,,,0.08383458852767944,,0.8446115255355835,,0.08208020031452179,,0.786967396736145,,,347,,,,
,,,,0.080078125,,0.96875,,0.078125,,0.96875,,,348,,,,
,,,,0.06000000238418579,,0.960869550704956,,0.07277592271566391,,0.9521739482879639,,,349,,,,
,,,,0.02777777798473835,,0.9375,,0.02265625074505806,,0.921875,,,350,,,,
,,,,0.015625,,0.96875,,0.01406249962747097,,0.9609375,,,351,,,,
,,,,0.09919709712266922,,0.9871795177459717,,0.08414918184280396,,0.9743589758872986,,,352,,,,
,,,,0.0685763880610466,,0.9609375,,0.0703125,,0.9765625,,,353,,,,
,,,,0.06015624850988388,,0.9453125,,0.05624999850988388,,0.9765625,,,354,,,,
,,,,0.06328125298023224,,0.9453125,,0.0651041641831398,,0.9453125,,,355,,,,
,,,,0.09621275961399078,,0.9291980266571045,,0.09887218475341797,,0.9335839748382568,,,356,,,,
,,,,0.05312500149011612,,0.9140625,,0.06093750149011612,,0.9375,,,357,,,,
,,,,0.05624999850988388,,0.9375,,0.06484375149011612,,0.96875,,,358,,,,
,,,,0.1428062617778778,,0.9294872283935547,,0.12435898184776306,,0.9054487347602844,,,359,,,,
,,,,0.0876736119389534,,0.96875,,0.0772569477558136,,0.9375,,,360,,,,
,,,,0.0869140625,,0.96875,,0.064453125,,0.9296875,,,361,,,,
,,,,0.15364855527877808,,0.9646464586257935,,0.17813603579998016,,0.9676071405410767,,,362,,,,
,,,,0.0837053582072258,,0.921875,,0.1015625,,0.9296875,,,363,,,,
,,,,0.060546875,,0.921875,,0.0751953125,,0.90625,,,364,,,,
,,,,0.07656250149011612,,0.84375,,0.09062500298023224,,0.8203125,,,365,,,,
,,,,0.02734375,,0.7421875,,0.03281249850988388,,0.7578125,,,366,,,,
,,,,0.02187499962747097,,0.7578125,,0.03125,,0.8203125,,,367,,,,
,,,,0.10074915736913681,,0.901188313961029,,0.09638336300849915,,0.8691552877426147,,,368,,,,
,,,,0.06875000149011612,,0.9453125,,0.06562499701976776,,0.90625,,,369,,,,
,,,,0.07187499850988388,,0.9453125,,0.06328125298023224,,0.9296875,,,370,,,,
,,,,0.061176471412181854,,0.9411764740943909,,0.0564705915749073,,0.8470588326454163,,,371,,,,
11,0.5055009722709656,0.48746463656425476,0.49673712253570557,,0.9049148559570312,,0.49696117639541626,,0.9091947078704834,,,,875,,,,
11,,,,,,,,,,,0.18081945180892944,2.8597495555877686,875,1.5110576152801514,,1.5124821662902832,
12,,,,,,,,,,,,,899,,1.586838960647583,,1.5965092182159424
,,,,0.078125,,0.9296875,,0.0729166641831398,,0.953125,,,372,,,,
,,,,0.0720486119389534,,0.9296875,,0.0651041641831398,,0.9375,,,373,,,,
,,,,0.08203125,,0.953125,,0.068359375,,0.9453125,,,374,,,,
,,,,0.09893333911895752,,0.9800000190734863,,0.09413333237171173,,0.9760000109672546,,,375,,,,
,,,,0.05781250074505806,,0.953125,,0.05312500149011612,,0.953125,,,376,,,,
,,,,0.06796874850988388,,0.9375,,0.06718750298023224,,0.953125,,,377,,,,
,,,,0.09912280738353729,,0.8897242546081543,,0.09285714477300644,,0.9116541147232056,,,378,,,,
,,,,0.0546875,,0.953125,,0.05624999850988388,,0.9609375,,,379,,,,
,,,,0.06160535290837288,,0.9434782266616821,,0.062474917620420456,,0.9224079847335815,,,380,,,,
,,,,0.012500000186264515,,0.9765625,,0.0078125,,0.90625,,,381,,,,
,,,,0.01640624925494194,,0.96875,,0.01640624925494194,,0.921875,,,382,,,,
,,,,0.0699300691485405,,0.8706293702125549,,0.06736596673727036,,0.808080792427063,,,383,,,,
,,,,0.06171875074505806,,0.953125,,0.06328125298023224,,0.9453125,,,384,,,,
,,,,0.06796874850988388,,0.921875,,0.06796874850988388,,0.921875,,,385,,,,
,,,,0.0703125,,0.9296875,,0.06796874850988388,,0.9140625,,,386,,,,
,,,,0.09085213392972946,,0.9066416025161743,,0.0839599072933197,,0.8314536213874817,,,387,,,,
,,,,0.05156249925494194,,0.921875,,0.03750000149011612,,0.8984375,,,388,,,,
,,,,0.0651041641831398,,0.9609375,,0.05234374850988388,,0.921875,,,389,,,,
,,,,0.11538461595773697,,0.9118589758872986,,0.10929486155509949,,0.9006410241127014,,,390,,,,
,,,,0.0711805522441864,,0.9140625,,0.06406249850988388,,0.90625,,,391,,,,
,,,,0.0520833320915699,,0.8671875,,0.04453124850988388,,0.8515625,,,392,,,,
,,,,0.10573163628578186,,0.8228840231895447,,0.11900615692138672,,0.8725183010101318,,,393,,,,
,,,,0.05859375,,0.828125,,0.0642361119389534,,0.8828125,,,394,,,,
,,,,0.0390625,,0.828125,,0.046875,,0.84375,,,395,,,,
,,,,0.08281250298023224,,0.8671875,,0.08906249701976776,,0.8828125,,,396,,,,
,,,,0.03671874850988388,,0.84375,,0.046875,,0.90625,,,397,,,,
,,,,0.03828125074505806,,0.8671875,,0.05156249925494194,,0.9453125,,,398,,,,
,,,,0.13757570087909698,,0.9236631393432617,,0.13952752947807312,,0.9275380969047546,,,399,,,,
,,,,0.0815972238779068,,0.8984375,,0.0807291641831398,,0.9140625,,,400,,,,
,,,,0.0842013880610466,,0.90625,,0.0789930522441864,,0.921875,,,401,,,,
,,,,0.07320261746644974,,0.9058823585510254,,0.07058823853731155,,0.8705882430076599,,,402,,,,
12,0.5020838975906372,0.501823902130127,0.5306283831596375,,0.9110698699951172,,0.520595133304596,,0.9123227596282959,,,,948,,,,
12,,,,,,,,,,,0.178948774933815,2.7744274139404297,948,1.4975765943527222,,1.4978710412979126,
13,,,,,,,,,,,,,949,,1.376559853553772,,1.3974785804748535
13,,,,,,,,,,,,,999,,1.2817325592041016,,1.3227951526641846
,,,,0.0556640625,,0.8515625,,0.0634765625,,0.890625,,,403,,,,
,,,,0.0381944440305233,,0.828125,,0.04218750074505806,,0.875,,,404,,,,
,,,,0.0439453125,,0.828125,,0.04531250149011612,,0.875,,,405,,,,
,,,,0.1573333442211151,,0.9440000057220459,,0.16033333539962769,,0.9639999866485596,,,406,,,,
,,,,0.0572916679084301,,0.9140625,,0.0651041641831398,,0.9296875,,,407,,,,
,,,,0.0685763880610466,,0.8984375,,0.0737847238779068,,0.9375,,,408,,,,
,,,,0.07857143133878708,,0.9028822183609009,,0.08120301365852356,,0.8583959937095642,,,409,,,,
,,,,0.0654296875,,0.96875,,0.0668402761220932,,0.9765625,,,410,,,,
,,,,0.058127086609601974,,0.9224079847335815,,0.06842809170484543,,0.8963210582733154,,,411,,,,
,,,,0.02031249925494194,,0.953125,,0.02578124962747097,,0.9453125,,,412,,,,
,,,,0.01406249962747097,,0.9296875,,0.01796874962747097,,0.921875,,,413,,,,
,,,,0.10714840888977051,,0.9615384340286255,,0.1023309975862503,,0.9487179517745972,,,414,,,,
,,,,0.0894097238779068,,0.984375,,0.07421875,,0.9765625,,,415,,,,
,,,,0.1194196417927742,,0.984375,,0.0927734375,,0.96875,,,416,,,,
,,,,0.09765625,,0.984375,,0.0842013880610466,,0.9765625,,,417,,,,
,,,,0.0736842155456543,,0.8984962701797485,,0.06553884595632553,,0.8452380895614624,,,418,,,,
,,,,0.02604166604578495,,0.796875,,0.0329861119389534,,0.7890625,,,419,,,,
,,,,0.02890625037252903,,0.8671875,,0.03281249850988388,,0.8515625,,,420,,,,
,,,,0.08867521584033966,,0.8926281929016113,,0.10327635705471039,,0.8974359035491943,,,421,,,,
,,,,0.0751953125,,0.9765625,,0.0720486119389534,,0.96875,,,422,,,,
,,,,0.0673828125,,0.96875,,0.0712890625,,0.953125,,,423,,,,
,,,,0.1546064019203186,,0.9797979593276978,,0.153866246342659,,0.9524555802345276,,,424,,,,
,,,,0.0982142835855484,,0.921875,,0.0970982164144516,,0.9375,,,425,,,,
,,,,0.06406249850988388,,0.9375,,0.06328125298023224,,0.921875,,,426,,,,
,,,,0.11875000596046448,,0.9296875,,0.11406250298023224,,0.8984375,,,427,,,,
,,,,0.05234374850988388,,0.890625,,0.05234374850988388,,0.875,,,428,,,,
,,,,0.05937499925494194,,0.921875,,0.05234374850988388,,0.9296875,,,429,,,,
,,,,0.11557736992835999,,0.9008008241653442,,0.1105140745639801,,0.9046757817268372,,,430,,,,
,,,,0.0651041641831398,,0.8671875,,0.0625,,0.8984375,,,431,,,,
,,,,0.05624999850988388,,0.859375,,0.05859375,,0.875,,,432,,,,
,,,,0.05176470801234245,,0.8117647171020508,,0.05529411882162094,,0.8117647171020508,,,433,,,,
13,0.5238387584686279,0.517909824848175,0.502074122428894,,0.9096828699111938,,0.5245047807693481,,0.9096477627754211,,,,1021,,,,
13,,,,,,,,,,,0.17485013604164124,2.692289113998413,1021,1.454511284828186,,1.455295205116272,
14,,,,,,,,,,,,,1049,,1.4267560243606567,,1.4814660549163818
,,,,0.078125,,0.8828125,,0.0651041641831398,,0.8984375,,,434,,,,
,,,,0.05703125149011612,,0.921875,,0.05390625074505806,,0.9296875,,,435,,,,
,,,,0.06171875074505806,,0.921875,,0.05078125,,0.9375,,,436,,,,
,,,,0.1607999950647354,,0.9520000219345093,,0.09573333710432053,,0.9679999947547913,,,437,,,,
,,,,0.05546874925494194,,0.8984375,,0.06093750149011612,,0.90625,,,438,,,,
,,,,0.06328125298023224,,0.8671875,,0.06484375149011612,,0.9140625,,,439,,,,
,,,,0.10501253604888916,,0.9335839748382568,,0.10764411091804504,,0.9335839748382568,,,440,,,,
,,,,0.0986328125,,0.9765625,,0.1025390625,,0.9765625,,,441,,,,
,,,,0.0919063538312912,,0.8585284352302551,,0.09103678911924362,,0.9311037063598633,,,442,,,,
,,,,0.010937499813735485,,0.9375,,0.02968749962747097,,0.9375,,,443,,,,
,,,,0.008593750186264515,,0.9140625,,0.02421874925494194,,0.921875,,,444,,,,
,,,,0.08811189234256744,,0.9487179517745972,,0.09044289588928223,,0.9700855016708374,,,445,,,,
,,,,0.0694444477558136,,0.96875,,0.0751953125,,0.953125,,,446,,,,
,,,,0.080078125,,0.9453125,,0.0711805522441864,,0.9140625,,,447,,,,
,,,,0.07109375298023224,,0.9453125,,0.06562499701976776,,0.9296875,,,448,,,,
,,,,0.07694235444068909,,0.8001253604888916,,0.06791979819536209,,0.804511308670044,,,449,,,,
,,,,0.03984374925494194,,0.8359375,,0.0390625,,0.8125,,,450,,,,
,,,,0.04921875149011612,,0.90625,,0.0546875,,0.8828125,,,451,,,,
,,,,0.11666666716337204,,0.9391025304794312,,0.11378204822540283,,0.9342948794364929,,,452,,,,
,,,,0.087890625,,0.953125,,0.0869140625,,0.9453125,,,453,,,,
,,,,0.0771484375,,0.953125,,0.06093750149011612,,0.9453125,,,454,,,,
,,,,0.1303117275238037,,0.9402647018432617,,0.13640716671943665,,0.9524555802345276,,,455,,,,
,,,,0.0810546875,,0.953125,,0.0915178582072258,,0.9453125,,,456,,,,
,,,,0.0607638880610466,,0.9296875,,0.0590277761220932,,0.90625,,,457,,,,
,,,,0.10625000298023224,,0.8984375,,0.08437500149011612,,0.890625,,,458,,,,
,,,,0.03828125074505806,,0.8828125,,0.02812499925494194,,0.8828125,,,459,,,,
,,,,0.04140625149011612,,0.890625,,0.03671874850988388,,0.9296875,,,460,,,,
,,,,0.11389821767807007,,0.8983466625213623,,0.09842418134212494,,0.8983466625213623,,,461,,,,
,,,,0.06953124701976776,,0.9375,,0.078125,,0.90625,,,462,,,,
,,,,0.0772569477558136,,0.9375,,0.07109375298023224,,0.9140625,,,463,,,,
,,,,0.06797385960817337,,0.8941176533699036,,0.06352941691875458,,0.8941176533699036,,,464,,,,
14,0.5454084873199463,0.5347221493721008,0.5502583384513855,,0.9196538925170898,,0.551209568977356,,0.9198101758956909,,,,1094,,,,
14,,,,,,,,,,,0.17480163276195526,2.655795097351074,1094,1.4362846612930298,,1.4357722997665405,
15,,,,,,,,,,,,,1099,,1.4235527515411377,,1.3766837120056152
15,,,,,,,,,,,,,1149,,1.466612696647644,,1.459324836730957
,,,,0.05546874925494194,,0.8515625,,0.05156249925494194,,0.890625,,,465,,,,
,,,,0.0512152761220932,,0.890625,,0.0503472238779068,,0.8671875,,,466,,,,
,,,,0.0477430559694767,,0.90625,,0.04531250149011612,,0.9140625,,,467,,,,
,,,,0.10133333504199982,,0.8053333759307861,,0.10053333640098572,,0.7973333597183228,,,468,,,,
,,,,0.0798611119389534,,0.9609375,,0.06562499701976776,,0.9375,,,469,,,,
,,,,0.07343749701976776,,0.96875,,0.07109375298023224,,0.9296875,,,470,,,,
,,,,0.11040100455284119,,0.9248120188713074,,0.10689222812652588,,0.8583959937095642,,,471,,,,
,,,,0.0737847238779068,,0.9765625,,0.0729166641831398,,0.9609375,,,472,,,,
,,,,0.0720401331782341,,0.8926421403884888,,0.08004459738731384,,0.8709030151367188,,,473,,,,
,,,,0.01718750037252903,,0.8984375,,0.02265625074505806,,0.890625,,,474,,,,
,,,,0.014843749813735485,,0.875,,0.02187499962747097,,0.9296875,,,475,,,,
,,,,0.07334887236356735,,0.8535353541374207,,0.0659673660993576,,0.9118103981018066,,,476,,,,
,,,,0.05546874925494194,,0.890625,,0.05703125149011612,,0.921875,,,477,,,,
,,,,0.0546875,,0.890625,,0.05781250074505806,,0.9375,,,478,,,,
,,,,0.05937499925494194,,0.9296875,,0.06015624850988388,,0.921875,,,479,,,,
,,,,0.08934837579727173,,0.7913534045219421,,0.0804511308670044,,0.885338306427002,,,480,,,,
,,,,0.04218750074505806,,0.890625,,0.0390625,,0.890625,,,481,,,,
,,,,0.05078125,,0.8984375,,0.05234374850988388,,0.9296875,,,482,,,,
,,,,0.12852564454078674,,0.8894230723381042,,0.14351852238178253,,0.9198718070983887,,,483,,,,
,,,,0.0850694477558136,,0.9296875,,0.0885416641831398,,0.9375,,,484,,,,
,,,,0.06093750149011612,,0.9140625,,0.0737847238779068,,0.9296875,,,485,,,,
,,,,0.12488873302936554,,0.9200627207756042,,0.1008707731962204,,0.9120515584945679,,,486,,,,
,,,,0.0564236119389534,,0.9296875,,0.0512152761220932,,0.9140625,,,487,,,,
,,,,0.04843749850988388,,0.8984375,,0.046875,,0.890625,,,488,,,,
,,,,0.09687499701976776,,0.921875,,0.07500000298023224,,0.8984375,,,489,,,,
,,,,0.04531250149011612,,0.9140625,,0.03593749925494194,,0.90625,,,490,,,,
,,,,0.04296875,,0.9296875,,0.0399305559694767,,0.890625,,,491,,,,
,,,,0.12256380170583725,,0.9236631393432617,,0.10990557074546814,,0.9046757817268372,,,492,,,,
,,,,0.0625,,0.9140625,,0.06484375149011612,,0.921875,,,493,,,,
,,,,0.0755208358168602,,0.8984375,,0.0830078125,,0.9140625,,,494,,,,
,,,,0.062352944165468216,,0.8941176533699036,,0.06928104907274246,,0.9058823585510254,,,495,,,,
15,0.5151420831680298,0.5076628923416138,0.5314388871192932,,0.9113600254058838,,0.5187599062919617,,0.9091097712516785,,,,1167,,,,
15,,,,,,,,,,,0.1704779416322708,2.6261773109436035,1167,1.411192774772644,,1.409902572631836,
16,,,,,,,,,,,,,1199,,1.4227194786071777,,1.4432882070541382
,,,,0.0711805522441864,,0.8828125,,0.0668402761220932,,0.8984375,,,496,,,,
,,,,0.0555555559694767,,0.8984375,,0.0512152761220932,,0.90625,,,497,,,,
,,,,0.0654296875,,0.9140625,,0.04765624925494194,,0.8984375,,,498,,,,
,,,,0.1607999950647354,,0.9600000381469727,,0.11546666920185089,,0.9480000138282776,,,499,,,,
,,,,0.0546875,,0.90625,,0.04296875,,0.84375,,,500,,,,
,,,,0.0546875,,0.921875,,0.04921875149011612,,0.8671875,,,501,,,,
,,,,0.10971873998641968,,0.9379699230194092,,0.10050125420093536,,0.9066416025161743,,,502,,,,
,,,,0.13671875,,0.9609375,,0.1127232164144516,,0.96875,,,503,,,,
,,,,0.07043478637933731,,0.9267558455467224,,0.08581940084695816,,0.9267558455467224,,,504,,,,
,,,,0.01015624962747097,,0.921875,,0.01875000074505806,,0.90625,,,505,,,,
,,,,0.012500000186264515,,0.9375,,0.01640624925494194,,0.921875,,,506,,,,
,,,,0.09634809195995331,,0.9358974695205688,,0.09494949877262115,,0.8904429078102112,,,507,,,,
,,,,0.0798611119389534,,0.9921875,,0.0849609375,,0.9765625,,,508,,,,
,,,,0.0833333358168602,,0.984375,,0.0789930522441864,,0.9765625,,,509,,,,
,,,,0.0850694477558136,,0.953125,,0.07578124850988388,,0.9609375,,,510,,,,
,,,,0.10889724642038345,,0.9335839748382568,,0.09548872709274292,,0.9561403393745422,,,511,,,,
,,,,0.05234374850988388,,0.8828125,,0.05234374850988388,,0.859375,,,512,,,,
,,,,0.0625,,0.9453125,,0.06171875074505806,,0.9140625,,,513,,,,
,,,,0.15420228242874146,,0.9599359035491943,,0.13076922297477722,,0.9599359035491943,,,514,,,,
,,,,0.07343749701976776,,0.9609375,,0.1015625,,0.953125,,,515,,,,
,,,,0.080078125,,0.9765625,,0.0720486119389534,,0.9375,,,516,,,,
,,,,0.13975965976715088,,0.9322535991668701,,0.14607279002666473,,0.9524555802345276,,,517,,,,
,,,,0.0691964253783226,,0.9140625,,0.0693359375,,0.953125,,,518,,,,
,,,,0.03828125074505806,,0.875,,0.04921875149011612,,0.90625,,,519,,,,
,,,,0.0859375,,0.90625,,0.09999999403953552,,0.9140625,,,520,,,,
,,,,0.04765624925494194,,0.875,,0.05546874925494194,,0.8828125,,,521,,,,
,,,,0.05000000074505806,,0.890625,,0.05546874925494194,,0.921875,,,522,,,,
,,,,0.12888142466545105,,0.9022216796875,,0.12684060633182526,,0.9046757817268372,,,523,,,,
,,,,0.0703125,,0.9296875,,0.0703125,,0.921875,,,524,,,,
,,,,0.0833333358168602,,0.9140625,,0.0908203125,,0.921875,,,525,,,,
,,,,0.06797385960817337,,0.8823529481887817,,0.07500000298023224,,0.8823529481887817,,,526,,,,
16,0.5442409515380859,0.5320648550987244,0.5586643218994141,,0.9237897992134094,,0.5597250461578369,,0.9190317988395691,,,,1240,,,,
16,,,,,,,,,,,0.16831664741039276,2.5879173278808594,1240,1.4040414094924927,,1.4052677154541016,
17,,,,,,,,,,,,,1249,,1.4244191646575928,,1.4479527473449707
17,,,,,,,,,,,,,1299,,1.1754697561264038,,1.2263987064361572
,,,,0.0751953125,,0.8984375,,0.0791015625,,0.9453125,,,527,,,,
,,,,0.0576171875,,0.921875,,0.0673828125,,0.9375,,,528,,,,
,,,,0.0680803582072258,,0.9609375,,0.10546875,,0.9765625,,,529,,,,
,,,,0.1077333390712738,,0.9760000109672546,,0.1728000044822693,,0.972000002861023,,,530,,,,
,,,,0.07109375298023224,,0.9765625,,0.07109375298023224,,0.9453125,,,531,,,,
,,,,0.06796874850988388,,0.953125,,0.0807291641831398,,0.96875,,,532,,,,
,,,,0.11566416919231415,,0.9160400629043579,,0.12017543613910675,,0.884711742401123,,,533,,,,
,,,,0.0894097238779068,,0.96875,,0.07578124850988388,,0.9609375,,,534,,,,
,,,,0.09177257120609283,,0.9652173519134521,,0.09076923131942749,,0.947826087474823,,,535,,,,
,,,,0.03671874850988388,,0.9765625,,0.02656250074505806,,0.984375,,,536,,,,
,,,,0.03515625,,0.9765625,,0.02968749962747097,,0.9453125,,,537,,,,
,,,,0.09440559148788452,,0.9459984302520752,,0.09184148907661438,,0.9203574657440186,,,538,,,,
,,,,0.06718750298023224,,0.9296875,,0.06562499701976776,,0.921875,,,539,,,,
,,,,0.0849609375,,0.9453125,,0.0685763880610466,,0.9453125,,,540,,,,
,,,,0.078125,,0.953125,,0.0798611119389534,,0.9375,,,541,,,,
,,,,0.10789473354816437,,0.8665413856506348,,0.10701754689216614,,0.8934837579727173,,,542,,,,
,,,,0.06015624850988388,,0.953125,,0.05546874925494194,,0.90625,,,543,,,,
,,,,0.0703125,,0.9765625,,0.078125,,0.9453125,,,544,,,,
,,,,0.13639602065086365,,0.9358974695205688,,0.13212250173091888,,0.9375,,,545,,,,
,,,,0.06796874850988388,,0.9453125,,0.0789930522441864,,0.8984375,,,546,,,,
,,,,0.0581597238779068,,0.90625,,0.0616319440305233,,0.8515625,,,547,,,,
,,,,0.10550330579280853,,0.9242424368858337,,0.11498123407363892,,0.9049111604690552,,,548,,,,
,,,,0.0546875,,0.8671875,,0.0512152761220932,,0.90625,,,549,,,,
,,,,0.0373263880610466,,0.8671875,,0.0407986119389534,,0.8828125,,,550,,,,
,,,,0.0859375,,0.890625,,0.08437499403953552,,0.890625,,,551,,,,
,,,,0.05234374850988388,,0.9375,,0.04609375074505806,,0.921875,,,552,,,,
,,,,0.06093750149011612,,0.953125,,0.0590277761220932,,0.9375,,,553,,,,
,,,,0.11916817724704742,,0.9401963353157043,,0.12732857465744019,,0.8969258666038513,,,554,,,,
,,,,0.083984375,,0.9296875,,0.06718750298023224,,0.9140625,,,555,,,,
,,,,0.0755208358168602,,0.8984375,,0.06484375149011612,,0.8984375,,,556,,,,
,,,,0.06000000238418579,,0.8705882430076599,,0.0640522912144661,,0.8352941274642944,,,557,,,,
17,0.5505857467651367,0.5479555130004883,0.5819613933563232,,0.9337518215179443,,0.572926938533783,,0.9225255250930786,,,,1313,,,,
17,,,,,,,,,,,0.16789215803146362,2.542834997177124,1313,1.382030963897705,,1.388697862625122,
18,,,,,,,,,,,,,1349,,1.4697911739349365,,1.469487190246582
,,,,0.0673828125,,0.875,,0.0590277761220932,,0.84375,,,558,,,,
,,,,0.0425347238779068,,0.859375,,0.03828125074505806,,0.8125,,,559,,,,
,,,,0.0486111119389534,,0.890625,,0.046875,,0.84375,,,560,,,,
,,,,0.10373333096504211,,0.9679999947547913,,0.13466668128967285,,0.9679999947547913,,,561,,,,
,,,,0.0772569477558136,,0.9609375,,0.06171875074505806,,0.9296875,,,562,,,,
,,,,0.07265625149011612,,0.9453125,,0.0703125,,0.9375,,,563,,,,
,,,,0.08922305703163147,,0.8934837579727173,,0.08471178263425827,,0.804511308670044,,,564,,,,
,,,,0.0625,,0.96875,,0.0659722238779068,,0.96875,,,565,,,,
,,,,0.07603121548891068,,0.9267558455467224,,0.08046822994947433,,0.9137123823165894,,,566,,,,
,,,,0.01328125037252903,,0.9296875,,0.01171875,,0.8828125,,,567,,,,
,,,,0.01953125,,0.9375,,0.015625,,0.875,,,568,,,,
,,,,0.10885781049728394,,0.9246309399604797,,0.10318569839000702,,0.9075369238853455,,,569,,,,
,,,,0.0911458358168602,,0.96875,,0.0920138880610466,,0.96875,,,570,,,,
,,,,0.103515625,,0.9765625,,0.1083984375,,0.984375,,,571,,,,
,,,,0.1064453125,,0.96875,,0.0859375,,0.96875,,,572,,,,
,,,,0.14647729694843292,,0.9423558712005615,,0.13107769191265106,,0.9291980266571045,,,573,,,,
,,,,0.0720486119389534,,0.9140625,,0.0625,,0.921875,,,574,,,,
,,,,0.07109375298023224,,0.96875,,0.06640625,,0.953125,,,575,,,,
,,,,0.1477563977241516,,0.9455127716064453,,0.12724359333515167,,0.9503204822540283,,,576,,,,
,,,,0.0711805522441864,,0.9453125,,0.0720486119389534,,0.96875,,,577,,,,
,,,,0.0633680522441864,,0.9140625,,0.0633680522441864,,0.9609375,,,578,,,,
,,,,0.11807732284069061,,0.9301637411117554,,0.11966407299041748,,0.9251132011413574,,,579,,,,
,,,,0.0989583358168602,,0.9453125,,0.0848214253783226,,0.9453125,,,580,,,,
,,,,0.0590277761220932,,0.9296875,,0.0625,,0.921875,,,581,,,,
,,,,0.09843750298023224,,0.890625,,0.09375,,0.8828125,,,582,,,,
,,,,0.04140625149011612,,0.8671875,,0.03750000149011612,,0.8046875,,,583,,,,
,,,,0.04531250149011612,,0.90625,,0.04218750074505806,,0.8828125,,,584,,,,
,,,,0.11521570384502411,,0.9148798584938049,,0.10883492976427078,,0.8983466625213623,,,585,,,,
,,,,0.05937499925494194,,0.90625,,0.0746527761220932,,0.9296875,,,586,,,,
,,,,0.06093750149011612,,0.8828125,,0.06796874850988388,,0.921875,,,587,,,,
,,,,0.05411764979362488,,0.800000011920929,,0.062352944165468216,,0.929411768913269,,,588,,,,
18,0.5538456439971924,0.5486286878585815,0.5570446848869324,,0.9242425560951233,,0.5566353797912598,,0.9143799543380737,,,,1386,,,,
18,,,,,,,,,,,0.16654008626937866,2.491919994354248,1386,1.3696743249893188,,1.3764104843139648,
19,,,,,,,,,,,,,1399,,1.3767576217651367,,1.3735151290893555
19,,,,,,,,,,,,,1449,,1.3037235736846924,,1.277259111404419
,,,,0.0755208358168602,,0.9375,,0.06640625,,0.9609375,,,589,,,,
,,,,0.0668402761220932,,0.90625,,0.05312500149011612,,0.9296875,,,590,,,,
,,,,0.0711805522441864,,0.9609375,,0.0685763880610466,,0.9453125,,,591,,,,
,,,,0.15839999914169312,,0.9639999866485596,,0.1599999964237213,,0.9639999866485596,,,592,,,,
,,,,0.0633680522441864,,0.9140625,,0.06093750149011612,,0.9140625,,,593,,,,
,,,,0.06093750149011612,,0.8984375,,0.0703125,,0.9296875,,,594,,,,
,,,,0.08822055160999298,,0.9335839748382568,,0.0890977531671524,,0.9291980266571045,,,595,,,,
,,,,0.08984375,,0.9609375,,0.0869140625,,0.9765625,,,596,,,,
,,,,0.06856187433004379,,0.9224079847335815,,0.0856856182217598,,0.9224079847335815,,,597,,,,
,,,,0.014843749813735485,,0.96875,,0.02578124962747097,,0.953125,,,598,,,,
,,,,0.01953125,,0.9765625,,0.02421874925494194,,0.9765625,,,599,,,,
,,,,0.09324009716510773,,0.9829059839248657,,0.0926961898803711,,0.9829059839248657,,,600,,,,
,,,,0.1149553582072258,,0.96875,,0.07343749701976776,,0.9765625,,,601,,,,
,,,,0.103515625,,0.984375,,0.1060267835855484,,0.96875,,,602,,,,
,,,,0.1025390625,,0.96875,,0.0876736119389534,,0.953125,,,603,,,,
,,,,0.09924812614917755,,0.9116541147232056,,0.09924812614917755,,0.9160400629043579,,,604,,,,
,,,,0.04062499850988388,,0.8515625,,0.03828125074505806,,0.84375,,,605,,,,
,,,,0.05234374850988388,,0.8515625,,0.05078125,,0.8671875,,,606,,,,
,,,,0.16586539149284363,,0.9583333730697632,,0.15313389897346497,,0.9342948794364929,,,607,,,,
,,,,0.125,,1.0,,0.08515624701976776,,0.953125,,,608,,,,
,,,,0.16718749701976776,,0.9765625,,0.0986328125,,0.9453125,,,609,,,,
,,,,0.18027566373348236,,0.9696969985961914,,0.1491205096244812,,0.9797979593276978,,,610,,,,
,,,,0.0747767835855484,,0.9296875,,0.072265625,,0.9296875,,,611,,,,
,,,,0.03984374925494194,,0.90625,,0.0564236119389534,,0.9140625,,,612,,,,
,,,,0.08124999701976776,,0.8671875,,0.08906249701976776,,0.8828125,,,613,,,,
,,,,0.04296875,,0.8046875,,0.04218750074505806,,0.8515625,,,614,,,,
,,,,0.046875,,0.84375,,0.04843749850988388,,0.8671875,,,615,,,,
,,,,0.11720485985279083,,0.9060966372489929,,0.1205115020275116,,0.9212089776992798,,,616,,,,
,,,,0.07109375298023224,,0.9140625,,0.0772569477558136,,0.890625,,,617,,,,
,,,,0.07187499850988388,,0.9296875,,0.06718750298023224,,0.921875,,,618,,,,
,,,,0.062352944165468216,,0.9058823585510254,,0.061176471412181854,,0.8823529481887817,,,619,,,,
19,0.5825551748275757,0.5704346299171448,0.5740299820899963,,0.9269167184829712,,0.576179027557373,,0.9273115396499634,,,,1459,,,,
19,,,,,,,,,,,0.1634749472141266,2.4588773250579834,1459,1.3505668640136719,,1.3581761121749878,
20,,,,,,,,,,,,,1499,,1.4255057573318481,,1.4675438404083252
,,,,0.0842013880610466,,0.90625,,0.0815972238779068,,0.9140625,,,620,,,,
,,,,0.0720486119389534,,0.9296875,,0.0703125,,0.890625,,,621,,,,
,,,,0.0746527761220932,,0.96875,,0.0755208358168602,,0.9296875,,,622,,,,
,,,,0.12986667454242706,,0.9600000381469727,,0.12906667590141296,,0.9520000219345093,,,623,,,,
,,,,0.05703125149011612,,0.90625,,0.05703125149011612,,0.921875,,,624,,,,
,,,,0.05859375,,0.9140625,,0.05781250074505806,,0.921875,,,625,,,,
,,,,0.12057922780513763,,0.915413498878479,,0.11203007400035858,,0.8796992301940918,,,626,,,,
,,,,0.09375,,0.984375,,0.0928819477558136,,0.984375,,,627,,,,
,,,,0.09872909635305405,,0.9397993087768555,,0.0833444818854332,,0.9311037063598633,,,628,,,,
,,,,0.02734375,,0.9609375,,0.02187499962747097,,0.9453125,,,629,,,,
,,,,0.0234375,,0.9921875,,0.02578124962747097,,0.984375,,,630,,,,
,,,,0.08842268586158752,,0.9374514818191528,,0.09409479796886444,,0.9700855016708374,,,631,,,,
,,,,0.076171875,,0.9296875,,0.06328125298023224,,0.9375,,,632,,,,
,,,,0.0659722238779068,,0.921875,,0.0668402761220932,,0.9375,,,633,,,,
,,,,0.0711805522441864,,0.9296875,,0.06562499701976776,,0.9453125,,,634,,,,
,,,,0.09197995066642761,,0.902255654335022,,0.09110276401042938,,0.9423558712005615,,,635,,,,
,,,,0.04921875149011612,,0.8828125,,0.046875,,0.921875,,,636,,,,
,,,,0.05390625074505806,,0.9453125,,0.05703125149011612,,0.921875,,,637,,,,
,,,,0.14066950976848602,,0.9855769276618958,,0.14529913663864136,,0.9455127716064453,,,638,,,,
,,,,0.1064453125,,0.9765625,,0.1103515625,,0.953125,,,639,,,,
,,,,0.09375,,0.96875,,0.0833333358168602,,0.9609375,,,640,,,,
,,,,0.1273772120475769,,0.9696969985961914,,0.13367390632629395,,0.9545454978942871,,,641,,,,
,,,,0.0771484375,,0.9375,,0.0673828125,,0.921875,,,642,,,,
,,,,0.0625,,0.9140625,,0.0546875,,0.921875,,,643,,,,
,,,,0.11093749850988388,,0.9453125,,0.09687499701976776,,0.8984375,,,644,,,,
,,,,0.05390625074505806,,0.9375,,0.05000000074505806,,0.90625,,,645,,,,
,,,,0.05703125149011612,,0.90625,,0.05156249925494194,,0.90625,,,646,,,,
,,,,0.12226814031600952,,0.9299922585487366,,0.1339016556739807,,0.9046757817268372,,,647,,,,
,,,,0.06562499701976776,,0.8828125,,0.06562499701976776,,0.9296875,,,648,,,,
,,,,0.08984375,,0.875,,0.06875000149011612,,0.90625,,,649,,,,
,,,,0.06352941691875458,,0.9058823585510254,,0.07189542800188065,,0.929411768913269,,,650,,,,
20,0.5662261843681335,0.572563886642456,0.6019424200057983,,0.9370760321617126,,0.5873137712478638,,0.9314237833023071,,,,1532,,,,
20,,,,,,,,,,,0.1620323657989502,2.442556619644165,1532,1.322857141494751,,1.3293088674545288,
21,,,,,,,,,,,,,1549,,1.363415002822876,,1.4041447639465332
21,,,,,,,,,,,,,1599,,1.2923922538757324,,1.3180146217346191
,,,,0.0703125,,0.9453125,,0.06796874850988388,,0.8984375,,,651,,,,
,,,,0.05312500149011612,,0.9140625,,0.0625,,0.9296875,,,652,,,,
,,,,0.0668402761220932,,0.96875,,0.05624999850988388,,0.9296875,,,653,,,,
,,,,0.14826667308807373,,0.9919999837875366,,0.17733332514762878,,0.9679999947547913,,,654,,,,
,,,,0.08124999701976776,,0.9765625,,0.07265625149011612,,0.9375,,,655,,,,
,,,,0.08046875149011612,,0.9609375,,0.0833333358168602,,0.9453125,,,656,,,,
,,,,0.12962962687015533,,0.9423558712005615,,0.1325536072254181,,0.9511277675628662,,,657,,,,
,,,,0.0947265625,,0.9765625,,0.0842013880610466,,0.984375,,,658,,,,
,,,,0.10367892682552338,,0.95652174949646,,0.09003344178199768,,0.9224079847335815,,,659,,,,
,,,,0.02734375,,0.9609375,,0.02500000037252903,,0.8984375,,,660,,,,
,,,,0.02421874925494194,,0.984375,,0.02421874925494194,,0.9375,,,661,,,,
,,,,0.0867132842540741,,0.9374514818191528,,0.10178710520267487,,0.9572649598121643,,,662,,,,
,,,,0.06484375149011612,,0.9375,,0.06171875074505806,,0.921875,,,663,,,,
,,,,0.06640625,,0.9375,,0.06718750298023224,,0.9375,,,664,,,,
,,,,0.06562499701976776,,0.9296875,,0.06796874850988388,,0.8984375,,,665,,,,
,,,,0.10623781383037567,,0.8759398460388184,,0.09649123251438141,,0.9248120188713074,,,666,,,,
,,,,0.0494791679084301,,0.8671875,,0.04765624925494194,,0.8984375,,,667,,,,
,,,,0.05859375,,0.8984375,,0.0720486119389534,,0.9296875,,,668,,,,
,,,,0.11955127865076065,,0.9102563858032227,,0.1141025573015213,,0.947115421295166,,,669,,,,
,,,,0.0859375,,0.96875,,0.06171875074505806,,0.9296875,,,670,,,,
,,,,0.0546875,,0.875,,0.046875,,0.796875,,,671,,,,
,,,,0.12798482179641724,,0.9221525192260742,,0.13808584213256836,,0.9007314443588257,,,672,,,,
,,,,0.0737847238779068,,0.921875,,0.0763888880610466,,0.9375,,,673,,,,
,,,,0.0625,,0.859375,,0.078125,,0.921875,,,674,,,,
,,,,0.09843750298023224,,0.8828125,,0.10625000298023224,,0.890625,,,675,,,,
,,,,0.04140625149011612,,0.8828125,,0.04453124850988388,,0.8828125,,,676,,,,
,,,,0.0494791679084301,,0.890625,,0.0538194440305233,,0.921875,,,677,,,,
,,,,0.13022762537002563,,0.9581503868103027,,0.11642986536026001,,0.9416171312332153,,,678,,,,
,,,,0.087890625,,0.9765625,,0.06562499701976776,,0.96875,,,679,,,,
,,,,0.0833333358168602,,0.96875,,0.0763888880610466,,0.96875,,,680,,,,
,,,,0.08235294371843338,,0.9529411792755127,,0.07647059112787247,,0.9058823585510254,,,681,,,,
21,0.5814985036849976,0.5834477543830872,0.5837952494621277,,0.9328475594520569,,0.5800998210906982,,0.9236187934875488,,,,1605,,,,
21,,,,,,,,,,,0.16218635439872742,2.4099957942962646,1605,1.3082709312438965,,1.3108575344085693,
22,,,,,,,,,,,,,1649,,1.3541384935379028,,1.3436428308486938
,,,,0.09765625,,0.9375,,0.0824652761220932,,0.9375,,,682,,,,
,,,,0.0737847238779068,,0.921875,,0.0685763880610466,,0.953125,,,683,,,,
,,,,0.1138392835855484,,0.9765625,,0.0798611119389534,,0.984375,,,684,,,,
,,,,0.19555555284023285,,0.9919999837875366,,0.1720000058412552,,0.9800000190734863,,,685,,,,
,,,,0.06953124701976776,,0.96875,,0.0729166641831398,,0.9453125,,,686,,,,
,,,,0.095703125,,0.9453125,,0.0798611119389534,,0.953125,,,687,,,,
,,,,0.14243942499160767,,0.9511277675628662,,0.1139097660779953,,0.9736841917037964,,,688,,,,
,,,,0.0894097238779068,,0.9765625,,0.0850694477558136,,0.9765625,,,689,,,,
,,,,0.07304348051548004,,0.8926421403884888,,0.09525083005428314,,0.9093645811080933,,,690,,,,
,,,,0.0062500000931322575,,0.890625,,0.02109375037252903,,0.96875,,,691,,,,
,,,,0.007031249813735485,,0.8828125,,0.01953125,,0.9296875,,,692,,,,
,,,,0.06223776191473007,,0.9188034534454346,,0.08927738666534424,,0.9160839319229126,,,693,,,,
,,,,0.0711805522441864,,0.9140625,,0.06015624850988388,,0.9375,,,694,,,,
,,,,0.0746527761220932,,0.9375,,0.06875000149011612,,0.96875,,,695,,,,
,,,,0.08203125,,0.921875,,0.06484375149011612,,0.9375,,,696,,,,
,,,,0.10350877046585083,,0.9248120188713074,,0.11591479182243347,,0.9160400629043579,,,697,,,,
,,,,0.0546875,,0.9140625,,0.05546874925494194,,0.9453125,,,698,,,,
,,,,0.0703125,,0.90625,,0.0737847238779068,,0.9140625,,,699,,,,
,,,,0.15527065098285675,,0.9807692170143127,,0.16826923191547394,,0.9407051205635071,,,700,,,,
,,,,0.0885416641831398,,0.9609375,,0.0850694477558136,,0.9453125,,,701,,,,
,,,,0.06406249850988388,,0.921875,,0.0694444477558136,,0.921875,,,702,,,,
,,,,0.1083594560623169,,0.8969000577926636,,0.12330198287963867,,0.8897596597671509,,,703,,,,
,,,,0.046875,,0.8828125,,0.0625,,0.9296875,,,704,,,,
,,,,0.03828125074505806,,0.84375,,0.0512152761220932,,0.8671875,,,705,,,,
,,,,0.0859375,,0.8984375,,0.0859375,,0.90625,,,706,,,,
,,,,0.0546875,,0.9609375,,0.046875,,0.90625,,,707,,,,
,,,,0.06015624850988388,,0.9453125,,0.05781250074505806,,0.8984375,,,708,,,,
,,,,0.12880392372608185,,0.9606045484542847,,0.1566132754087448,,0.9275380969047546,,,709,,,,
,,,,0.0830078125,,0.9453125,,0.0755208358168602,,0.921875,,,710,,,,
,,,,0.0729166641831398,,0.953125,,0.0720486119389534,,0.9140625,,,711,,,,
,,,,0.07500000298023224,,0.8941176533699036,,0.06928104907274246,,0.8588235378265381,,,712,,,,
22,0.5823467969894409,0.5767014622688293,0.5881386399269104,,0.9283740520477295,,0.5948830842971802,,0.9298187494277954,,,,1678,,,,
22,,,,,,,,,,,0.15991482138633728,2.3997485637664795,1678,1.2967588901519775,,1.3066015243530273,
23,,,,,,,,,,,,,1699,,1.3744230270385742,,1.3809106349945068
23,,,,,,,,,,,,,1749,,1.3020904064178467,,1.284698486328125
,,,,0.0849609375,,0.8984375,,0.06875000149011612,,0.921875,,,713,,,,
,,,,0.0572916679084301,,0.8828125,,0.0598958320915699,,0.921875,,,714,,,,
,,,,0.0870535746216774,,0.9453125,,0.0694444477558136,,0.9453125,,,715,,,,
,,,,0.154962956905365,,0.9800000190734863,,0.1540740728378296,,0.9800000190734863,,,716,,,,
,,,,0.0729166641831398,,0.9453125,,0.0729166641831398,,0.9375,,,717,,,,
,,,,0.0763888880610466,,0.921875,,0.0755208358168602,,0.953125,,,718,,,,
,,,,0.14692983031272888,,0.9379699230194092,,0.1157059371471405,,0.9379699230194092,,,719,,,,
,,,,0.0908203125,,0.9765625,,0.078125,,0.984375,,,720,,,,
,,,,0.06856187433004379,,0.9739130735397339,,0.07973244041204453,,0.9137123823165894,,,721,,,,
,,,,0.01406249962747097,,0.90625,,0.02656250074505806,,0.9453125,,,722,,,,
,,,,0.014843749813735485,,0.9375,,0.03125,,0.9453125,,,723,,,,
,,,,0.08896659314632416,,0.9658119678497314,,0.11996892094612122,,0.9829059839248657,,,724,,,,
,,,,0.0729166641831398,,0.9375,,0.0798611119389534,,0.9453125,,,725,,,,
,,,,0.0729166641831398,,0.96875,,0.0789930522441864,,0.9921875,,,726,,,,
,,,,0.0772569477558136,,0.9453125,,0.0833333358168602,,0.9609375,,,727,,,,
,,,,0.11315789818763733,,0.9291980266571045,,0.12183235585689545,,0.9385964870452881,,,728,,,,
,,,,0.0607638880610466,,0.9140625,,0.0590277761220932,,0.8828125,,,729,,,,
,,,,0.0729166641831398,,0.9296875,,0.0737847238779068,,0.9296875,,,730,,,,
,,,,0.1784188151359558,,0.9599359035491943,,0.16239315271377563,,0.9647436141967773,,,731,,,,
,,,,0.08359374850988388,,0.9765625,,0.08124999701976776,,0.9609375,,,732,,,,
,,,,0.0885416641831398,,0.96875,,0.0859375,,0.953125,,,733,,,,
,,,,0.13326367735862732,,0.9474050998687744,,0.14470374584197998,,0.9494949579238892,,,734,,,,
,,,,0.07421875,,0.921875,,0.0712890625,,0.90625,,,735,,,,
,,,,0.04921875149011612,,0.90625,,0.04609375074505806,,0.890625,,,736,,,,
,,,,0.11249999701976776,,0.9375,,0.09687499701976776,,0.921875,,,737,,,,
,,,,0.0625,,0.9609375,,0.04765624925494194,,0.90625,,,738,,,,
,,,,0.06562499701976776,,0.96875,,0.05937499925494194,,0.9140625,,,739,,,,
,,,,0.12219065427780151,,0.9669336080551147,,0.11867734789848328,,0.9401963353157043,,,740,,,,
,,,,0.0729166641831398,,0.9375,,0.0729166641831398,,0.890625,,,741,,,,
,,,,0.0720486119389534,,0.8984375,,0.0729166641831398,,0.890625,,,742,,,,
,,,,0.062745101749897,,0.9058823585510254,,0.06666667014360428,,0.8705882430076599,,,743,,,,
23,0.5958651304244995,0.5908284187316895,0.6009947061538696,,0.9387824535369873,,0.6088041067123413,,0.9324593544006348,,,,1751,,,,
23,,,,,,,,,,,0.15760073065757751,2.3667593002319336,1751,1.2980875968933105,,1.303468942642212,
24,,,,,,,,,,,,,1799,,1.1034965515136719,,1.1116065979003906
,,,,0.0824652761220932,,0.9609375,,0.0755208358168602,,0.9375,,,744,,,,
,,,,0.0810546875,,0.9609375,,0.0751953125,,0.953125,,,745,,,,
,,,,0.078125,,0.9765625,,0.0869140625,,0.9609375,,,746,,,,
,,,,0.20177778601646423,,0.9919999837875366,,0.2582857310771942,,0.9959999918937683,,,747,,,,
,,,,0.0920138880610466,,0.9765625,,0.078125,,0.96875,,,748,,,,
,,,,0.0885416641831398,,0.96875,,0.0885416641831398,,0.984375,,,749,,,,
,,,,0.15246449410915375,,0.9291980266571045,,0.10526315867900848,,0.9072681665420532,,,750,,,,
,,,,0.0833333358168602,,0.9609375,,0.06718750298023224,,0.953125,,,751,,,,
,,,,0.0977257490158081,,0.9180601835250854,,0.10354515165090561,,0.9050167202949524,,,752,,,,
,,,,0.02812499925494194,,0.9609375,,0.02968749962747097,,0.9921875,,,753,,,,
,,,,0.03125,,0.984375,,0.03437500074505806,,0.9609375,,,754,,,,
,,,,0.1142968088388443,,0.9914529919624329,,0.12167832255363464,,0.9743589758872986,,,755,,,,
,,,,0.07500000298023224,,0.96875,,0.0876736119389534,,0.9609375,,,756,,,,
,,,,0.07421875,,0.9453125,,0.0876736119389534,,0.96875,,,757,,,,
,,,,0.07578124850988388,,0.953125,,0.07890625298023224,,0.9609375,,,758,,,,
,,,,0.08859649300575256,,0.9028822183609009,,0.10136452317237854,,0.885338306427002,,,759,,,,
,,,,0.03203124925494194,,0.8359375,,0.03281249850988388,,0.765625,,,760,,,,
,,,,0.0590277761220932,,0.890625,,0.05234374850988388,,0.859375,,,761,,,,
,,,,0.12856125831604004,,0.9294872283935547,,0.12250712513923645,,0.9455127716064453,,,762,,,,
,,,,0.1315104216337204,,0.953125,,0.0927734375,,0.9453125,,,763,,,,
,,,,0.0625,,0.9296875,,0.06406249850988388,,0.921875,,,764,,,,
,,,,0.1381632387638092,,0.9494949579238892,,0.1383567601442337,,0.9221525192260742,,,765,,,,
,,,,0.05390625074505806,,0.8984375,,0.0668402761220932,,0.90625,,,766,,,,
,,,,0.0494791679084301,,0.890625,,0.05078125,,0.90625,,,767,,,,
,,,,0.09062500298023224,,0.9296875,,0.1015625,,0.921875,,,768,,,,
,,,,0.04921875149011612,,0.9140625,,0.05000000074505806,,0.9453125,,,769,,,,
,,,,0.05078125,,0.921875,,0.05234374850988388,,0.9375,,,770,,,,
,,,,0.11769568920135498,,0.9669336080551147,,0.12275898456573486,,0.9401963353157043,,,771,,,,
,,,,0.0763888880610466,,0.9140625,,0.0859375,,0.9140625,,,772,,,,
,,,,0.0772569477558136,,0.90625,,0.078125,,0.9140625,,,773,,,,
,,,,0.07941176742315292,,0.9176470637321472,,0.06000000238418579,,0.9058823585510254,,,774,,,,
24,0.5903992056846619,0.5944835543632507,0.6044953465461731,,0.9373602867126465,,0.602254331111908,,0.9294027090072632,,,,1824,,,,
24,,,,,,,,,,,0.15780453383922577,2.3575022220611572,1824,1.274642825126648,,1.2800662517547607,
25,,,,,,,,,,,,,1849,,1.2331452369689941,,1.2976915836334229
,,,,0.0807291641831398,,0.921875,,0.06953124701976776,,0.9296875,,,775,,,,
,,,,0.0651041641831398,,0.9375,,0.0642361119389534,,0.953125,,,776,,,,
,,,,0.078125,,0.9609375,,0.0677083358168602,,0.9453125,,,777,,,,
,,,,0.19822221994400024,,0.9919999837875366,,0.22200000286102295,,0.9919999837875366,,,778,,,,
,,,,0.07500000298023224,,0.9765625,,0.07109375298023224,,0.96875,,,779,,,,
,,,,0.0850694477558136,,0.9453125,,0.06953124701976776,,0.9453125,,,780,,,,
,,,,0.12670564651489258,,0.9204260110855103,,0.10985797643661499,,0.9204260110855103,,,781,,,,
,,,,0.0703125,,0.9609375,,0.06640625,,0.96875,,,782,,,,
,,,,0.07190635055303574,,0.9093645811080933,,0.08642140030860901,,0.9050167202949524,,,783,,,,
,,,,0.01015624962747097,,0.890625,,0.02968749962747097,,0.9453125,,,784,,,,
,,,,0.01328125037252903,,0.9375,,0.02812499925494194,,0.953125,,,785,,,,
,,,,0.09378398954868317,,0.8904429078102112,,0.1202797144651413,,0.9289044141769409,,,786,,,,
,,,,0.07656250149011612,,0.96875,,0.07890625298023224,,0.9765625,,,787,,,,
,,,,0.0798611119389534,,0.9609375,,0.07265625149011612,,0.9765625,,,788,,,,
,,,,0.0966796875,,0.9609375,,0.07578124850988388,,0.96875,,,789,,,,
,,,,0.10889724642038345,,0.9116541147232056,,0.13965469598770142,,0.9605263471603394,,,790,,,,
,,,,0.04921875149011612,,0.84375,,0.05390625074505806,,0.8828125,,,791,,,,
,,,,0.078125,,0.921875,,0.07421875,,0.953125,,,792,,,,
,,,,0.16132479906082153,,0.932692289352417,,0.13557691872119904,,0.9535256624221802,,,793,,,,
,,,,0.0928819477558136,,0.9921875,,0.07500000298023224,,0.96875,,,794,,,,
,,,,0.095703125,,0.984375,,0.06562499701976776,,0.9375,,,795,,,,
,,,,0.12072448432445526,,0.939393937587738,,0.1180424913764,,0.9494949579238892,,,796,,,,
,,,,0.0512152761220932,,0.8828125,,0.0732421875,,0.9296875,,,797,,,,
,,,,0.03593749925494194,,0.8671875,,0.05546874925494194,,0.8828125,,,798,,,,
,,,,0.09218749403953552,,0.9296875,,0.10625000298023224,,0.9296875,,,799,,,,
,,,,0.06015624850988388,,0.9375,,0.05312500149011612,,0.9296875,,,800,,,,
,,,,0.05781250074505806,,0.9296875,,0.05156249925494194,,0.90625,,,801,,,,
,,,,0.13068687915802002,,0.9771376848220825,,0.11410488188266754,,0.9465254545211792,,,802,,,,
,,,,0.0720486119389534,,0.921875,,0.06640625,,0.90625,,,803,,,,
,,,,0.0810546875,,0.9375,,0.06562499701976776,,0.90625,,,804,,,,
,,,,0.0676470622420311,,0.9176470637321472,,0.062745101749897,,0.8588235378265381,,,805,,,,
25,0.6028530597686768,0.5916098356246948,0.587999165058136,,0.9329068660736084,,0.6092275977134705,,0.937542200088501,,,,1897,,,,
25,,,,,,,,,,,0.15478897094726562,2.295269727706909,1897,1.2572904825210571,,1.2697267532348633,
26,,,,,,,,,,,,,1899,,1.339787483215332,,1.3259470462799072
26,,,,,,,,,,,,,1949,,1.1793742179870605,,1.2251794338226318
,,,,0.0694444477558136,,0.8828125,,0.05156249925494194,,0.9375,,,806,,,,
,,,,0.0538194440305233,,0.875,,0.0442708320915699,,0.890625,,,807,,,,
,,,,0.0581597238779068,,0.9140625,,0.05859375,,0.9140625,,,808,,,,
,,,,0.1671999990940094,,0.9760000109672546,,0.13146667182445526,,0.9600000381469727,,,809,,,,
,,,,0.06718750298023224,,0.875,,0.06484375149011612,,0.90625,,,810,,,,
,,,,0.07109375298023224,,0.8828125,,0.06640625,,0.90625,,,811,,,,
,,,,0.10595934092998505,,0.8665413856506348,,0.13580827414989471,,0.8621553778648376,,,812,,,,
,,,,0.083984375,,0.96875,,0.08984375,,0.9609375,,,813,,,,
,,,,0.09795615077018738,,0.9267558455467224,,0.10107024013996124,,0.960869550704956,,,814,,,,
,,,,0.02578124962747097,,0.9375,,0.0390625,,0.9765625,,,815,,,,
,,,,0.03203124925494194,,0.9609375,,0.04218750074505806,,0.96875,,,816,,,,
,,,,0.10606060922145844,,0.9572649598121643,,0.12369851768016815,,0.9871795177459717,,,817,,,,
,,,,0.0833333358168602,,0.9609375,,0.0755208358168602,,0.9609375,,,818,,,,
,,,,0.1015625,,0.9765625,,0.0948660746216774,,0.984375,,,819,,,,
,,,,0.0927734375,,0.96875,,0.078125,,0.953125,,,820,,,,
,,,,0.12105262279510498,,0.9423558712005615,,0.15131577849388123,,0.9423558712005615,,,821,,,,
,,,,0.06796874850988388,,0.9453125,,0.06640625,,0.9375,,,822,,,,
,,,,0.07421875,,0.984375,,0.0824652761220932,,0.984375,,,823,,,,
,,,,0.18304842710494995,,0.9807692170143127,,0.22847986221313477,,0.9455127716064453,,,824,,,,
,,,,0.1083984375,,0.984375,,0.0876736119389534,,0.96875,,,825,,,,
,,,,0.1082589253783226,,0.9609375,,0.0926339253783226,,0.9296875,,,826,,,,
,,,,0.18689356744289398,,0.9747474789619446,,0.1920684576034546,,0.9474050998687744,,,827,,,,
,,,,0.08984375,,0.9453125,,0.0859375,,0.953125,,,828,,,,
,,,,0.0771484375,,0.9296875,,0.0892857164144516,,0.9375,,,829,,,,
,,,,0.10468749701976776,,0.953125,,0.10312499850988388,,0.9296875,,,830,,,,
,,,,0.05703125149011612,,0.875,,0.0390625,,0.890625,,,831,,,,
,,,,0.04843749850988388,,0.953125,,0.04062499850988388,,0.90625,,,832,,,,
,,,,0.11692069470882416,,0.947946310043335,,0.1116507351398468,,0.9440712928771973,,,833,,,,
,,,,0.078125,,0.921875,,0.0703125,,0.90625,,,834,,,,
,,,,0.07109375298023224,,0.921875,,0.0703125,,0.90625,,,835,,,,
,,,,0.06705882400274277,,0.9058823585510254,,0.07320261746644974,,0.9058823585510254,,,836,,,,
26,0.6012191772460938,0.5978550910949707,0.6233984231948853,,0.9372744560241699,,0.6055634021759033,,0.937037467956543,,,,1970,,,,
26,,,,,,,,,,,0.15314237773418427,2.3007545471191406,1970,1.2374858856201172,,1.2439147233963013,
27,,,,,,,,,,,,,1999,,1.3484145402908325,,1.3503228425979614
,,,,0.0737847238779068,,0.890625,,0.0703125,,0.8671875,,,837,,,,
,,,,0.05703125149011612,,0.8984375,,0.0494791679084301,,0.8671875,,,838,,,,
,,,,0.07421875,,0.921875,,0.0581597238779068,,0.8515625,,,839,,,,
,,,,0.19822221994400024,,0.9839999675750732,,0.20088890194892883,,0.9959999918937683,,,840,,,,
,,,,0.0859375,,0.9453125,,0.1005859375,,0.953125,,,841,,,,
,,,,0.0894097238779068,,0.96875,,0.1044921875,,0.96875,,,842,,,,
,,,,0.11052632331848145,,0.9291980266571045,,0.10526315867900848,,0.9248120188713074,,,843,,,,
,,,,0.0810546875,,0.9765625,,0.0737847238779068,,0.953125,,,844,,,,
,,,,0.06769230961799622,,0.8752508163452148,,0.08481605350971222,,0.9093645811080933,,,845,,,,
,,,,0.00390625,,0.8046875,,0.02187499962747097,,0.9453125,,,846,,,,
,,,,0.00937500037252903,,0.84375,,0.01796874962747097,,0.9609375,,,847,,,,
,,,,0.09378398954868317,,0.8562548756599426,,0.09665890038013458,,0.9374514818191528,,,848,,,,
,,,,0.078125,,0.96875,,0.0824652761220932,,0.9609375,,,849,,,,
,,,,0.1026785746216774,,0.953125,,0.1060267835855484,,0.9375,,,850,,,,
,,,,0.08984375,,0.9453125,,0.0789930522441864,,0.9375,,,851,,,,
,,,,0.13171818852424622,,0.9335839748382568,,0.11319966614246368,,0.9429824352264404,,,852,,,,
,,,,0.05000000074505806,,0.9609375,,0.03828125074505806,,0.8515625,,,853,,,,
,,,,0.06406249850988388,,0.953125,,0.05546874925494194,,0.90625,,,854,,,,
,,,,0.18349358439445496,,1.0,,0.15242165327072144,,0.9439102411270142,,,855,,,,
,,,,0.1006944477558136,,0.984375,,0.0963541641831398,,0.96875,,,856,,,,
,,,,0.14453125,,0.96875,,0.1138392835855484,,0.96875,,,857,,,,
,,,,0.14938658475875854,,0.9444444179534912,,0.15116682648658752,,0.9545454978942871,,,858,,,,
,,,,0.0892857164144516,,0.9453125,,0.087890625,,0.953125,,,859,,,,
,,,,0.0659722238779068,,0.9296875,,0.0677083358168602,,0.9296875,,,860,,,,
,,,,0.09999999403953552,,0.9296875,,0.11093750596046448,,0.921875,,,861,,,,
,,,,0.04296875,,0.9140625,,0.04374999925494194,,0.9296875,,,862,,,,
,,,,0.03984374925494194,,0.875,,0.04140625149011612,,0.921875,,,863,,,,
,,,,0.12655356526374817,,0.9581503868103027,,0.10981658846139908,,0.956729531288147,,,864,,,,
,,,,0.0798611119389534,,0.96875,,0.0703125,,0.9296875,,,865,,,,
,,,,0.0833333358168602,,0.9453125,,0.07109375298023224,,0.9375,,,866,,,,
,,,,0.08382353186607361,,0.929411768913269,,0.08235294371843338,,0.9411764740943909,,,867,,,,
27,0.5871443748474121,0.5924403667449951,0.6003624200820923,,0.9300479292869568,,0.5932677984237671,,0.9315462112426758,,,,2043,,,,
27,,,,,,,,,,,0.15171636641025543,2.2670161724090576,2043,1.227403163909912,,1.2377995252609253,
28,,,,,,,,,,,,,2049,,1.3155616521835327,,1.2510969638824463
28,,,,,,,,,,,,,2099,,1.1799854040145874,,1.235222339630127
,,,,0.1197916641831398,,0.9609375,,0.0927734375,,0.9453125,,,868,,,,
,,,,0.080078125,,0.9609375,,0.0720486119389534,,0.9609375,,,869,,,,
,,,,0.1026785746216774,,0.9765625,,0.1223958358168602,,0.984375,,,870,,,,
,,,,0.20000000298023224,,1.0,,0.1712000072002411,,0.9800000190734863,,,871,,,,
,,,,0.1183035746216774,,0.9609375,,0.0798611119389534,,0.9453125,,,872,,,,
,,,,0.0902777761220932,,0.96875,,0.0824652761220932,,0.96875,,,873,,,,
,,,,0.12205514311790466,,0.9160400629043579,,0.13965469598770142,,0.9028822183609009,,,874,,,,
,,,,0.07343749701976776,,0.953125,,0.07421875,,0.9375,,,875,,,,
,,,,0.10715718567371368,,0.9093645811080933,,0.12080267816781998,,0.9050167202949524,,,876,,,,
,,,,0.015625,,0.90625,,0.03046875074505806,,0.9765625,,,877,,,,
,,,,0.01718750037252903,,0.921875,,0.03125,,0.984375,,,878,,,,
,,,,0.09976689517498016,,0.9487179517745972,,0.11857031285762787,,0.9871795177459717,,,879,,,,
,,,,0.08203125,,0.9921875,,0.07656250149011612,,0.9609375,,,880,,,,
,,,,0.0885416641831398,,0.9609375,,0.0833333358168602,,0.9453125,,,881,,,,
,,,,0.08124999701976776,,0.96875,,0.078125,,0.9296875,,,882,,,,
,,,,0.1574770212173462,,0.8803257942199707,,0.15930449962615967,,0.8890977501869202,,,883,,,,
,,,,0.0546875,,0.90625,,0.05546874925494194,,0.890625,,,884,,,,
,,,,0.06328125298023224,,0.9140625,,0.06484375149011612,,0.90625,,,885,,,,
,,,,0.1439102590084076,,0.9310897588729858,,0.1387820541858673,,0.9407051205635071,,,886,,,,
,,,,0.0824652761220932,,0.9296875,,0.07578124850988388,,0.921875,,,887,,,,
,,,,0.05937499925494194,,0.890625,,0.072265625,,0.8828125,,,888,,,,
,,,,0.12048067152500153,,0.899860680103302,,0.11156390607357025,,0.9120515584945679,,,889,,,,
,,,,0.0659722238779068,,0.8828125,,0.0712890625,,0.8984375,,,890,,,,
,,,,0.05390625074505806,,0.8828125,,0.0564236119389534,,0.8984375,,,891,,,,
,,,,0.09062500298023224,,0.921875,,0.0859375,,0.9296875,,,892,,,,
,,,,0.05390625074505806,,0.96875,,0.04843749850988388,,0.9296875,,,893,,,,
,,,,0.05234374850988388,,0.953125,,0.046875,,0.921875,,,894,,,,
,,,,0.16013303399085999,,0.9834668040275574,,0.13217945396900177,,0.9606045484542847,,,895,,,,
,,,,0.0798611119389534,,0.96875,,0.0763888880610466,,0.9453125,,,896,,,,
,,,,0.09375,,0.9453125,,0.091796875,,0.921875,,,897,,,,
,,,,0.07647059112787247,,0.9647058844566345,,0.06928104907274246,,0.929411768913269,,,898,,,,
28,0.6174110174179077,0.6150179505348206,0.624406635761261,,0.9368396997451782,,0.6178901195526123,,0.9327996969223022,,,,2116,,,,
28,,,,,,,,,,,0.15093933045864105,2.2616384029388428,2116,1.222123622894287,,1.2300937175750732,
29,,,,,,,,,,,,,2149,,1.0839147567749023,,1.1095952987670898
,,,,0.0810546875,,0.9375,,0.06875000149011612,,0.9375,,,899,,,,
,,,,0.0598958320915699,,0.9375,,0.0616319440305233,,0.9296875,,,900,,,,
,,,,0.08203125,,0.9375,,0.0737847238779068,,0.9296875,,,901,,,,
,,,,0.1656000018119812,,0.9880000352859497,,0.21000000834465027,,0.9880000352859497,,,902,,,,
,,,,0.0694444477558136,,0.9296875,,0.06796874850988388,,0.921875,,,903,,,,
,,,,0.0772569477558136,,0.953125,,0.0833333358168602,,0.9609375,,,904,,,,
,,,,0.12374687194824219,,0.9116541147232056,,0.11292119324207306,,0.9248120188713074,,,905,,,,
,,,,0.06718750298023224,,0.953125,,0.06718750298023224,,0.9453125,,,906,,,,
,,,,0.10528428852558136,,0.9434782266616821,,0.1078929752111435,,0.9050167202949524,,,907,,,,
,,,,0.05000000074505806,,0.984375,,0.04296875,,0.9609375,,,908,,,,
,,,,0.04531250149011612,,0.9765625,,0.04218750074505806,,0.953125,,,909,,,,
,,,,0.13053612411022186,,0.9871795177459717,,0.12369851768016815,,0.9658119678497314,,,910,,,,
,,,,0.1227678582072258,,0.9765625,,0.0946180522441864,,0.9921875,,,911,,,,
,,,,0.1025390625,,0.9765625,,0.1025390625,,0.9921875,,,912,,,,
,,,,0.0911458358168602,,0.96875,,0.0911458358168602,,0.9609375,,,913,,,,
,,,,0.14550264179706573,,0.9511277675628662,,0.11791980266571045,,0.9429824352264404,,,914,,,,
,,,,0.0616319440305233,,0.9375,,0.04218750074505806,,0.859375,,,915,,,,
,,,,0.06640625,,0.9609375,,0.05624999850988388,,0.9296875,,,916,,,,
,,,,0.15096154808998108,,0.9647436141967773,,0.13333332538604736,,0.9487179517745972,,,917,,,,
,,,,0.1015625,,0.9609375,,0.0986328125,,0.9609375,,,918,,,,
,,,,0.0815972238779068,,0.96875,,0.0798611119389534,,0.96875,,,919,,,,
,,,,0.1748955100774765,,0.9797979593276978,,0.17437303066253662,,0.9696969985961914,,,920,,,,
,,,,0.0789930522441864,,0.9609375,,0.091796875,,0.953125,,,921,,,,
,,,,0.0746527761220932,,0.9296875,,0.06562499701976776,,0.9296875,,,922,,,,
,,,,0.11875000596046448,,0.921875,,0.11249999701976776,,0.9375,,,923,,,,
,,,,0.05937499925494194,,0.9375,,0.05546874925494194,,0.90625,,,924,,,,
,,,,0.06093750149011612,,0.9140625,,0.05859375,,0.8828125,,,925,,,,
,,,,0.1283130943775177,,0.9528545141220093,,0.12275898456573486,,0.956729531288147,,,926,,,,
,,,,0.06484375149011612,,0.890625,,0.0772569477558136,,0.953125,,,927,,,,
,,,,0.06406249850988388,,0.9140625,,0.078125,,0.9375,,,928,,,,
,,,,0.07352941483259201,,0.8705882430076599,,0.07941176742315292,,0.9529411792755127,,,929,,,,
29,0.6218700408935547,0.6168785095214844,0.6488699913024902,,0.9461439251899719,,0.6365179419517517,,0.9403459429740906,,,,2189,,,,
29,,,,,,,,,,,0.15105687081813812,2.2431774139404297,2189,1.213586449623108,,1.2258890867233276,
30,,,,,,,,,,,,,2199,,1.0345362424850464,,1.0131820440292358
30,,,,,,,,,,,,,2249,,1.1487127542495728,,1.1938166618347168
,,,,0.0529513880610466,,0.8125,,0.056640625,,0.8671875,,,930,,,,
,,,,0.02968749962747097,,0.7890625,,0.03125,,0.8671875,,,931,,,,
,,,,0.0498046875,,0.84375,,0.0546875,,0.8984375,,,932,,,,
,,,,0.16207407414913177,,0.9919999837875366,,0.1407407522201538,,0.9480000138282776,,,933,,,,
,,,,0.0894097238779068,,0.96875,,0.0668402761220932,,0.875,,,934,,,,
,,,,0.078125,,0.9609375,,0.06406249850988388,,0.9375,,,935,,,,
,,,,0.10930103063583374,,0.9160400629043579,,0.10038986802101135,,0.9335839748382568,,,936,,,,
,,,,0.0673828125,,0.953125,,0.0693359375,,0.9609375,,,937,,,,
,,,,0.1074693500995636,,0.9093645811080933,,0.09505760669708252,,0.9267558455467224,,,938,,,,
,,,,0.03750000149011612,,0.9453125,,0.04453124850988388,,0.9765625,,,939,,,,
,,,,0.03203124925494194,,0.9453125,,0.05078125,,0.984375,,,940,,,,
,,,,0.1202797144651413,,0.9700855016708374,,0.1339549422264099,,0.9374514818191528,,,941,,,,
,,,,0.09375,,0.984375,,0.1064453125,,0.984375,,,942,,,,
,,,,0.0894097238779068,,0.984375,,0.1025390625,,0.984375,,,943,,,,
,,,,0.1083984375,,0.96875,,0.107421875,,0.96875,,,944,,,,
,,,,0.18483708798885345,,0.9467418193817139,,0.1642996370792389,,0.9467418193817139,,,945,,,,
,,,,0.07421875,,0.9140625,,0.0668402761220932,,0.9375,,,946,,,,
,,,,0.091796875,,0.9453125,,0.0798611119389534,,0.9765625,,,947,,,,
,,,,0.2101648449897766,,0.9759615659713745,,0.21611721813678741,,0.990384578704834,,,948,,,,
,,,,0.1171875,,0.9765625,,0.0947265625,,1.0,,,949,,,,
,,,,0.083984375,,0.9375,,0.0892857164144516,,0.9765625,,,950,,,,
,,,,0.15565617382526398,,0.9726575613021851,,0.15565617382526398,,0.9575060606002808,,,951,,,,
,,,,0.091796875,,0.953125,,0.091796875,,0.9453125,,,952,,,,
,,,,0.0815972238779068,,0.9453125,,0.0888671875,,0.9453125,,,953,,,,
,,,,0.1171875,,0.921875,,0.11249999701976776,,0.9375,,,954,,,,
,,,,0.04062499850988388,,0.8515625,,0.04218750074505806,,0.859375,,,955,,,,
,,,,0.04062499850988388,,0.8359375,,0.04140625149011612,,0.890625,,,956,,,,
,,,,0.11516404151916504,,0.9328339099884033,,0.11818651854991913,,0.9275380969047546,,,957,,,,
,,,,0.06562499701976776,,0.921875,,0.0729166641831398,,0.8828125,,,958,,,,
,,,,0.06640625,,0.9140625,,0.06484375149011612,,0.8671875,,,959,,,,
,,,,0.06928104907274246,,0.9058823585510254,,0.06013072282075882,,0.8823529481887817,,,960,,,,
30,0.598069429397583,0.5876121520996094,0.6105228662490845,,0.9266272783279419,,0.5993096828460693,,0.9346638917922974,,,,2262,,,,
30,,,,,,,,,,,0.15121309459209442,2.2347495555877686,2262,1.2043488025665283,,1.218055248260498,
31,,,,,,,,,,,,,2299,,1.1538870334625244,,1.179197072982788
,,,,0.0763888880610466,,0.8828125,,0.06796874850988388,,0.8671875,,,961,,,,
,,,,0.0607638880610466,,0.9140625,,0.0581597238779068,,0.890625,,,962,,,,
,,,,0.0751953125,,0.921875,,0.0848214253783226,,0.921875,,,963,,,,
,,,,0.15762962400913239,,0.9919999837875366,,0.14106667041778564,,0.9800000190734863,,,964,,,,
,,,,0.0815972238779068,,0.9453125,,0.07109375298023224,,0.921875,,,965,,,,
,,,,0.07734374701976776,,0.96875,,0.07187499850988388,,0.9609375,,,966,,,,
,,,,0.1020607054233551,,0.9160400629043579,,0.12280702590942383,,0.8934837579727173,,,967,,,,
,,,,0.06406249850988388,,0.953125,,0.0729166641831398,,0.9609375,,,968,,,,
,,,,0.12066890299320221,,0.960869550704956,,0.11906354874372482,,0.960869550704956,,,969,,,,
,,,,0.04453124850988388,,0.984375,,0.03984374925494194,,0.9765625,,,970,,,,
,,,,0.046875,,0.984375,,0.04218750074505806,,0.96875,,,971,,,,
,,,,0.12797202169895172,,1.0,,0.11289821565151215,,0.941724956035614,,,972,,,,
,,,,0.0894097238779068,,0.9765625,,0.0833333358168602,,0.9453125,,,973,,,,
,,,,0.095703125,,0.9765625,,0.0815972238779068,,0.96875,,,974,,,,
,,,,0.0894097238779068,,0.9609375,,0.0885416641831398,,0.96875,,,975,,,,
,,,,0.13088275492191315,,0.9561403393745422,,0.13074353337287903,,0.9780701398849487,,,976,,,,
,,,,0.04765624925494194,,0.8671875,,0.0607638880610466,,0.890625,,,977,,,,
,,,,0.06484375149011612,,0.921875,,0.06796874850988388,,0.9375,,,978,,,,
,,,,0.17908653616905212,,0.9551281929016113,,0.1695156693458557,,0.9695512652397156,,,979,,,,
,,,,0.1044921875,,0.9765625,,0.0894097238779068,,0.9609375,,,980,,,,
,,,,0.0798611119389534,,0.9375,,0.0982142835855484,,0.9453125,,,981,,,,
,,,,0.13994349539279938,,0.9373040795326233,,0.15321800112724304,,0.9797979593276978,,,982,,,,
,,,,0.087890625,,0.921875,,0.0888671875,,0.96875,,,983,,,,
,,,,0.0677083358168602,,0.8984375,,0.0694444477558136,,0.9453125,,,984,,,,
,,,,0.11875000596046448,,0.9453125,,0.11249999701976776,,0.9296875,,,985,,,,
,,,,0.06484375149011612,,0.9609375,,0.05000000074505806,,0.859375,,,986,,,,
,,,,0.06093750149011612,,0.9765625,,0.04921875149011612,,0.9140625,,,987,,,,
,,,,0.12753809988498688,,0.9693877696990967,,0.11108241230249405,,0.9275380969047546,,,988,,,,
,,,,0.0711805522441864,,0.9453125,,0.06484375149011612,,0.9296875,,,989,,,,
,,,,0.06562499701976776,,0.90625,,0.06796874850988388,,0.8828125,,,990,,,,
,,,,0.06797385960817337,,0.8941176533699036,,0.06666667014360428,,0.8941176533699036,,,991,,,,
31,0.6210653781890869,0.6213892698287964,0.6427643299102783,,0.9428563117980957,,0.6289479732513428,,0.9366332292556763,,,,2335,,,,
31,,,,,,,,,,,0.1504518985748291,2.2177867889404297,2335,1.1902540922164917,,1.2017637491226196,
32,,,,,,,,,,,,,2349,,1.0811244249343872,,1.0788614749908447
32,,,,,,,,,,,,,2399,,1.187214732170105,,1.1231268644332886
,,,,0.0825892835855484,,0.8984375,,0.0825892835855484,,0.90625,,,992,,,,
,,,,0.0546875,,0.8671875,,0.0494791679084301,,0.890625,,,993,,,,
,,,,0.0654296875,,0.8671875,,0.0625,,0.8984375,,,994,,,,
,,,,0.13466668128967285,,0.9679999947547913,,0.10903703421354294,,0.9800000190734863,,,995,,,,
,,,,0.0772569477558136,,0.9296875,,0.06875000149011612,,0.9296875,,,996,,,,
,,,,0.0824652761220932,,0.953125,,0.0807291641831398,,0.9609375,,,997,,,,
,,,,0.12183235585689545,,0.9291980266571045,,0.14270049333572388,,0.9204260110855103,,,998,,,,
,,,,0.0888671875,,0.9453125,,0.0763888880610466,,0.9765625,,,999,,,,
,,,,0.10193979740142822,,0.9652173519134521,,0.10876254737377167,,0.960869550704956,,,1000,,,,
,,,,0.04062499850988388,,0.9609375,,0.04765624925494194,,0.96875,,,1001,,,,
,,,,0.04531250149011612,,0.9765625,,0.04609375074505806,,0.9765625,,,1002,,,,
,,,,0.127117320895195,,0.9871795177459717,,0.15609082579612732,,0.941724956035614,,,1003,,,,
,,,,0.07734374701976776,,0.96875,,0.06640625,,0.9609375,,,1004,,,,
,,,,0.0815972238779068,,0.9609375,,0.07187499850988388,,0.96875,,,1005,,,,
,,,,0.07421875,,0.9765625,,0.0807291641831398,,0.9609375,,,1006,,,,
,,,,0.13450291752815247,,0.9379699230194092,,0.1393762230873108,,0.9467418193817139,,,1007,,,,
,,,,0.06015624850988388,,0.90625,,0.06484375149011612,,0.953125,,,1008,,,,
,,,,0.07421875,,0.9453125,,0.07343749701976776,,0.984375,,,1009,,,,
,,,,0.1844729334115982,,0.9599359035491943,,0.20713141560554504,,0.9855769276618958,,,1010,,,,
,,,,0.1025390625,,0.9765625,,0.0963541641831398,,0.96875,,,1011,,,,
,,,,0.091796875,,0.953125,,0.0798611119389534,,0.9765625,,,1012,,,,
,,,,0.16805991530418396,,0.9797979593276978,,0.1741553544998169,,0.9646464586257935,,,1013,,,,
,,,,0.087890625,,0.9453125,,0.0849609375,,0.9140625,,,1014,,,,
,,,,0.0737847238779068,,0.921875,,0.06015624850988388,,0.921875,,,1015,,,,
,,,,0.109375,,0.921875,,0.09218749403953552,,0.90625,,,1016,,,,
,,,,0.04531250149011612,,0.8671875,,0.04296875,,0.8828125,,,1017,,,,
,,,,0.04609375074505806,,0.875,,0.04374999925494194,,0.875,,,1018,,,,
,,,,0.1457848995923996,,0.9771376848220825,,0.1339016556739807,,0.9338672161102295,,,1019,,,,
,,,,0.0833333358168602,,0.9765625,,0.07187499850988388,,0.921875,,,1020,,,,
,,,,0.07734374701976776,,0.9609375,,0.07421875,,0.8984375,,,1021,,,,
,,,,0.08104575425386429,,0.9529411792755127,,0.07581699639558792,,0.8823529481887817,,,1022,,,,
32,0.6211560368537903,0.6164897084236145,0.6425474882125854,,0.9398159980773926,,0.6294559240341187,,0.9386882781982422,,,,2408,,,,
32,,,,,,,,,,,0.14735059440135956,2.190523386001587,2408,1.1848019361495972,,1.193445086479187,
33,,,,,,,,,,,,,2449,,1.1913049221038818,,1.2182022333145142
,,,,0.0755208358168602,,0.890625,,0.07265625149011612,,0.9140625,,,1023,,,,
,,,,0.0625,,0.90625,,0.0677083358168602,,0.953125,,,1024,,,,
,,,,0.0763888880610466,,0.9140625,,0.07109375298023224,,0.9375,,,1025,,,,
,,,,0.12266667187213898,,0.9480000138282776,,0.16033333539962769,,0.9600000381469727,,,1026,,,,
,,,,0.05937499925494194,,0.9375,,0.06171875074505806,,0.90625,,,1027,,,,
,,,,0.06171875074505806,,0.9140625,,0.06093750149011612,,0.9453125,,,1028,,,,
,,,,0.1235588937997818,,0.9066416025161743,,0.12559175491333008,,0.8934837579727173,,,1029,,,,
,,,,0.1083984375,,0.984375,,0.0894097238779068,,0.9609375,,,1030,,,,
,,,,0.1175919771194458,,0.9397993087768555,,0.1012040227651596,,0.9180601835250854,,,1031,,,,
,,,,0.03984374925494194,,0.9296875,,0.04296875,,0.9140625,,,1032,,,,
,,,,0.03281249850988388,,0.9609375,,0.03359375149011612,,0.96875,,,1033,,,,
,,,,0.12424242496490479,,0.9786324501037598,,0.12338772416114807,,0.9615384340286255,,,1034,,,,
,,,,0.1083984375,,0.9765625,,0.0911458358168602,,0.9765625,,,1035,,,,
,,,,0.0928819477558136,,0.984375,,0.0920138880610466,,0.9765625,,,1036,,,,
,,,,0.1272321492433548,,0.9765625,,0.0963541641831398,,0.96875,,,1037,,,,
,,,,0.13575604557991028,,0.9736841917037964,,0.13283208012580872,,0.9291980266571045,,,1038,,,,
,,,,0.0512152761220932,,0.8671875,,0.04218750074505806,,0.84375,,,1039,,,,
,,,,0.0685763880610466,,0.9375,,0.0677083358168602,,0.9296875,,,1040,,,,
,,,,0.14711537957191467,,0.932692289352417,,0.15099716186523438,,0.9230769276618958,,,1041,,,,
,,,,0.103515625,,0.9921875,,0.1025390625,,0.984375,,,1042,,,,
,,,,0.0888671875,,0.9609375,,0.0970982164144516,,0.96875,,,1043,,,,
,,,,0.1332094818353653,,0.9373040795326233,,0.13994349539279938,,0.9494949579238892,,,1044,,,,
,,,,0.0791015625,,0.9453125,,0.078125,,0.9453125,,,1045,,,,
,,,,0.04843749850988388,,0.921875,,0.0625,,0.9140625,,,1046,,,,
,,,,0.10625000298023224,,0.96875,,0.11406250298023224,,0.9453125,,,1047,,,,
,,,,0.06328125298023224,,0.921875,,0.06015624850988388,,0.9140625,,,1048,,,,
,,,,0.0791015625,,0.9453125,,0.06171875074505806,,0.9296875,,,1049,,,,
,,,,0.15359222888946533,,0.9732627272605896,,0.1331697255373001,,0.956729531288147,,,1050,,,,
,,,,0.0888671875,,0.9375,,0.087890625,,0.9375,,,1051,,,,
,,,,0.07187499850988388,,0.90625,,0.06953124701976776,,0.9375,,,1052,,,,
,,,,0.0658823549747467,,0.929411768913269,,0.07058823853731155,,0.9529411792755127,,,1053,,,,
33,0.6302330493927002,0.6304429769515991,0.644574761390686,,0.9417963027954102,,0.6408461332321167,,0.9378169775009155,,,,2481,,,,
33,,,,,,,,,,,0.14723750948905945,2.1905767917633057,2481,1.1688973903656006,,1.1797198057174683,
34,,,,,,,,,,,,,2499,,1.09792959690094,,1.089022159576416
34,,,,,,,,,,,,,2549,,1.1717562675476074,,1.1889023780822754
,,,,0.06484375149011612,,0.921875,,0.06328125298023224,,0.921875,,,1054,,,,
,,,,0.0590277761220932,,0.90625,,0.0590277761220932,,0.9140625,,,1055,,,,
,,,,0.0810546875,,0.8984375,,0.0720486119389534,,0.9375,,,1056,,,,
,,,,0.11466667056083679,,0.9480000138282776,,0.1074666678905487,,0.9199999570846558,,,1057,,,,
,,,,0.05234374850988388,,0.8984375,,0.04609375074505806,,0.828125,,,1058,,,,
,,,,0.0546875,,0.9140625,,0.0503472238779068,,0.8671875,,,1059,,,,
,,,,0.09436090290546417,,0.8709273338317871,,0.08646616339683533,,0.8088972568511963,,,1060,,,,
,,,,0.0815972238779068,,0.9765625,,0.0685763880610466,,0.9609375,,,1061,,,,
,,,,0.11150501668453217,,0.9652173519134521,,0.11230026185512543,,0.9311037063598633,,,1062,,,,
,,,,0.03515625,,0.953125,,0.0373263880610466,,0.90625,,,1063,,,,
,,,,0.02890625037252903,,0.921875,,0.02890625037252903,,0.8984375,,,1064,,,,
,,,,0.13333334028720856,,0.9529914855957031,,0.11825951933860779,,0.9615384340286255,,,1065,,,,
,,,,0.1103515625,,1.0,,0.1103515625,,0.9921875,,,1066,,,,
,,,,0.1283482164144516,,0.9921875,,0.1205357164144516,,0.984375,,,1067,,,,
,,,,0.0980902761220932,,0.984375,,0.10546875,,0.984375,,,1068,,,,
,,,,0.16736285388469696,,0.9780701398849487,,0.14260651171207428,,0.9868420958518982,,,1069,,,,
,,,,0.05312500149011612,,0.9375,,0.0625,,0.9296875,,,1070,,,,
,,,,0.06562499701976776,,0.984375,,0.06875000149011612,,0.9765625,,,1071,,,,
,,,,0.17508012056350708,,0.9647436141967773,,0.17628204822540283,,0.9743589758872986,,,1072,,,,
,,,,0.1071428582072258,,0.9609375,,0.0986328125,,0.9765625,,,1073,,,,
,,,,0.08203125,,0.96875,,0.08203125,,0.9765625,,,1074,,,,
,,,,0.1379745751619339,,0.9696969985961914,,0.15691396594047546,,0.9848484992980957,,,1075,,,,
,,,,0.0703125,,0.9609375,,0.087890625,,0.96875,,,1076,,,,
,,,,0.0503472238779068,,0.921875,,0.0659722238779068,,0.9453125,,,1077,,,,
,,,,0.08906249701976776,,0.90625,,0.10625000298023224,,0.9375,,,1078,,,,
,,,,0.04453124850988388,,0.796875,,0.05078125,,0.8828125,,,1079,,,,
,,,,0.04453124850988388,,0.859375,,0.0538194440305233,,0.90625,,,1080,,,,
,,,,0.12381812930107117,,0.9138465523719788,,0.1205115020275116,,0.9518212080001831,,,1081,,,,
,,,,0.0798611119389534,,0.9453125,,0.0789930522441864,,0.9296875,,,1082,,,,
,,,,0.0789930522441864,,0.9375,,0.07343749701976776,,0.9375,,,1083,,,,
,,,,0.06941176950931549,,0.9411764740943909,,0.06823529303073883,,0.9529411792755127,,,1084,,,,
34,0.5941687822341919,0.595889687538147,0.600854218006134,,0.9340823292732239,,0.5982927083969116,,0.9347301721572876,,,,2554,,,,
34,,,,,,,,,,,0.14791038632392883,2.178617238998413,2554,1.1583094596862793,,1.168949007987976,
35,,,,,,,,,,,,,2599,,1.0493838787078857,,1.0726325511932373
,,,,0.0830078125,,0.953125,,0.0833333358168602,,0.96875,,,1085,,,,
,,,,0.07421875,,0.953125,,0.0810546875,,0.96875,,,1086,,,,
,,,,0.0791015625,,0.9453125,,0.0798611119389534,,0.984375,,,1087,,,,
,,,,0.13706666231155396,,0.9919999837875366,,0.1664000004529953,,0.972000002861023,,,1088,,,,
,,,,0.0868055522441864,,0.9765625,,0.07265625149011612,,0.9375,,,1089,,,,
,,,,0.07187499850988388,,0.9609375,,0.07109375298023224,,0.9453125,,,1090,,,,
,,,,0.1524122804403305,,0.9379699230194092,,0.12962962687015533,,0.969298243522644,,,1091,,,,
,,,,0.0966796875,,0.9765625,,0.0807291641831398,,0.9765625,,,1092,,,,
,,,,0.12515050172805786,,0.9739130735397339,,0.11311036348342896,,0.969565212726593,,,1093,,,,
,,,,0.04609375074505806,,0.96875,,0.03671874850988388,,0.9765625,,,1094,,,,
,,,,0.04218750074505806,,0.96875,,0.03750000149011612,,0.953125,,,1095,,,,
,,,,0.1310800313949585,,0.9829059839248657,,0.12424242496490479,,0.9743589758872986,,,1096,,,,
,,,,0.0947265625,,0.984375,,0.0842013880610466,,0.9609375,,,1097,,,,
,,,,0.0859375,,0.96875,,0.078125,,0.953125,,,1098,,,,
,,,,0.091796875,,0.9609375,,0.0833333358168602,,0.9453125,,,1099,,,,
,,,,0.13721805810928345,,0.9780701398849487,,0.13195489346981049,,0.9649122953414917,,,1100,,,,
,,,,0.0651041641831398,,0.9140625,,0.05781250074505806,,0.921875,,,1101,,,,
,,,,0.06953124701976776,,0.9765625,,0.06796874850988388,,0.9453125,,,1102,,,,
,,,,0.15160256624221802,,0.9663461446762085,,0.13846153020858765,,0.9663461446762085,,,1103,,,,
,,,,0.08359374850988388,,0.953125,,0.0902777761220932,,0.9296875,,,1104,,,,
,,,,0.0869140625,,0.9140625,,0.0755208358168602,,0.8828125,,,1105,,,,
,,,,0.15469348430633545,,0.9272030591964722,,0.12392893433570862,,0.9696969985961914,,,1106,,,,
,,,,0.0659722238779068,,0.875,,0.0737847238779068,,0.9140625,,,1107,,,,
,,,,0.05000000074505806,,0.890625,,0.05781250074505806,,0.9140625,,,1108,,,,
,,,,0.11406250298023224,,0.9296875,,0.11562499403953552,,0.953125,,,1109,,,,
,,,,0.06328125298023224,,0.953125,,0.0659722238779068,,0.953125,,,1110,,,,
,,,,0.06328125298023224,,0.953125,,0.05859375,,0.9296875,,,1111,,,,
,,,,0.13492637872695923,,0.9732627272605896,,0.12908810377120972,,0.9669336080551147,,,1112,,,,
,,,,0.0810546875,,0.921875,,0.06796874850988388,,0.96875,,,1113,,,,
,,,,0.0729166641831398,,0.9140625,,0.078125,,0.921875,,,1114,,,,
,,,,0.0640522912144661,,0.9176470637321472,,0.07058823853731155,,0.9529411792755127,,,1115,,,,
35,0.6292080879211426,0.6321535706520081,0.6484633684158325,,0.9481610059738159,,0.6427577137947083,,0.9469558596611023,,,,2627,,,,
35,,,,,,,,,,,0.1478266566991806,2.1686644554138184,2627,1.1589940786361694,,1.1679280996322632,
36,,,,,,,,,,,,,2649,,1.1679401397705078,,1.1813510656356812
36,,,,,,,,,,,,,2699,,1.0782843828201294,,1.0628780126571655
,,,,0.0659722238779068,,0.8828125,,0.0633680522441864,,0.9140625,,,1116,,,,
,,,,0.0538194440305233,,0.890625,,0.046875,,0.9296875,,,1117,,,,
,,,,0.0792410746216774,,0.890625,,0.0598958320915699,,0.8828125,,,1118,,,,
,,,,0.15851852297782898,,0.9959999918937683,,0.13306666910648346,,0.972000002861023,,,1119,,,,
,,,,0.103515625,,0.9453125,,0.095703125,,0.921875,,,1120,,,,
,,,,0.1015625,,0.96875,,0.0842013880610466,,0.9609375,,,1121,,,,
,,,,0.11514899134635925,,0.9204260110855103,,0.12781955301761627,,0.9110275506973267,,,1122,,,,
,,,,0.0651041641831398,,0.96875,,0.078125,,0.9765625,,,1123,,,,
,,,,0.08747677505016327,,0.9652173519134521,,0.10375325381755829,,0.9441471695899963,,,1124,,,,
,,,,0.03203124925494194,,0.953125,,0.03828125074505806,,0.9453125,,,1125,,,,
,,,,0.03203124925494194,,0.96875,,0.03203124925494194,,0.953125,,,1126,,,,
,,,,0.12680652737617493,,0.9871795177459717,,0.1319347321987152,,0.9829059839248657,,,1127,,,,
,,,,0.0911458358168602,,0.984375,,0.0911458358168602,,0.9609375,,,1128,,,,
,,,,0.1216517835855484,,0.984375,,0.0894097238779068,,0.9609375,,,1129,,,,
,,,,0.0963541641831398,,0.9921875,,0.0928819477558136,,0.9453125,,,1130,,,,
,,,,0.20034462213516235,,0.9824561476707458,,0.16527429223060608,,0.9423558712005615,,,1131,,,,
,,,,0.0720486119389534,,0.953125,,0.06406249850988388,,0.921875,,,1132,,,,
,,,,0.0868055522441864,,0.984375,,0.07421875,,0.9609375,,,1133,,,,
,,,,0.19190704822540283,,0.9711538553237915,,0.1850961446762085,,0.9759615659713745,,,1134,,,,
,,,,0.0902777761220932,,0.953125,,0.0928819477558136,,0.9453125,,,1135,,,,
,,,,0.0830078125,,0.953125,,0.0746527761220932,,0.953125,,,1136,,,,
,,,,0.16880005598068237,,0.9625566005706787,,0.18569934368133545,,0.9747474789619446,,,1137,,,,
,,,,0.1071428582072258,,0.953125,,0.0833333358168602,,0.9375,,,1138,,,,
,,,,0.1037946417927742,,0.9453125,,0.06718750298023224,,0.9453125,,,1139,,,,
,,,,0.125,,0.9453125,,0.12656250596046448,,0.953125,,,1140,,,,
,,,,0.05703125149011612,,0.890625,,0.05781250074505806,,0.9453125,,,1141,,,,
,,,,0.0581597238779068,,0.9453125,,0.0651041641831398,,0.9296875,,,1142,,,,
,,,,0.12959614396095276,,0.9465254545211792,,0.12374064326286316,,0.9771376848220825,,,1143,,,,
,,,,0.0771484375,,0.890625,,0.0810546875,,0.9453125,,,1144,,,,
,,,,0.06328125298023224,,0.890625,,0.0755208358168602,,0.8984375,,,1145,,,,
,,,,0.06143791228532791,,0.8352941274642944,,0.06535948067903519,,0.9058823585510254,,,1146,,,,
36,0.6373534798622131,0.632703423500061,0.6376855969429016,,0.943591833114624,,0.6415539383888245,,0.9448549747467041,,,,2700,,,,
36,,,,,,,,,,,0.14546556770801544,2.156437397003174,2700,1.1555124521255493,,1.1688042879104614,
37,,,,,,,,,,,,,2749,,1.077104091644287,,1.0915013551712036
,,,,0.0894097238779068,,0.9609375,,0.0850694477558136,,0.9765625,,,1147,,,,
,,,,0.08203125,,0.9609375,,0.0791015625,,0.96875,,,1148,,,,
,,,,0.09375,,0.9765625,,0.087890625,,0.96875,,,1149,,,,
,,,,0.19111111760139465,,1.0,,0.2199999988079071,,0.9919999837875366,,,1150,,,,
,,,,0.0859375,,0.9765625,,0.07109375298023224,,0.9765625,,,1151,,,,
,,,,0.0824652761220932,,0.953125,,0.07343749701976776,,0.9453125,,,1152,,,,
,,,,0.16478696465492249,,0.9736841917037964,,0.13659147918224335,,0.9736841917037964,,,1153,,,,
,,,,0.091796875,,0.9921875,,0.06953124701976776,,0.9765625,,,1154,,,,
,,,,0.11397993564605713,,0.9311037063598633,,0.12080267816781998,,0.9354515075683594,,,1155,,,,
,,,,0.03359375149011612,,0.9609375,,0.03671874850988388,,0.9609375,,,1156,,,,
,,,,0.03281249850988388,,0.9765625,,0.0390625,,0.9765625,,,1157,,,,
,,,,0.11771561205387115,,0.9700855016708374,,0.12113441526889801,,0.9075369238853455,,,1158,,,,
,,,,0.0850694477558136,,1.0,,0.07890625298023224,,0.9609375,,,1159,,,,
,,,,0.0807291641831398,,0.9609375,,0.0798611119389534,,0.9609375,,,1160,,,,
,,,,0.0850694477558136,,0.9609375,,0.0859375,,0.9609375,,,1161,,,,
,,,,0.12155388295650482,,0.9342105388641357,,0.12957394123077393,,0.9385964870452881,,,1162,,,,
,,,,0.0416666679084301,,0.84375,,0.0460069440305233,,0.859375,,,1163,,,,
,,,,0.04843749850988388,,0.890625,,0.05312500149011612,,0.90625,,,1164,,,,
,,,,0.17267628014087677,,0.9342948794364929,,0.1588319092988968,,0.9695512652397156,,,1165,,,,
,,,,0.0902777761220932,,0.9375,,0.107421875,,0.9453125,,,1166,,,,
,,,,0.087890625,,0.9140625,,0.1015625,,0.9453125,,,1167,,,,
,,,,0.12030650675296783,,0.9696969985961914,,0.12476488947868347,,0.9343434572219849,,,1168,,,,
,,,,0.05624999850988388,,0.9140625,,0.0668402761220932,,0.90625,,,1169,,,,
,,,,0.0572916679084301,,0.890625,,0.0555555559694767,,0.8671875,,,1170,,,,
,,,,0.12343750149011612,,0.953125,,0.12656250596046448,,0.9453125,,,1171,,,,
,,,,0.078125,,0.9765625,,0.07187499850988388,,0.9609375,,,1172,,,,
,,,,0.0868055522441864,,0.9765625,,0.06875000149011612,,0.953125,,,1173,,,,
,,,,0.17973391711711884,,0.9693877696990967,,0.160079225897789,,0.9465254545211792,,,1174,,,,
,,,,0.0763888880610466,,0.9296875,,0.0789930522441864,,0.9609375,,,1175,,,,
,,,,0.06796874850988388,,0.9296875,,0.06875000149011612,,0.921875,,,1176,,,,
,,,,0.06928104907274246,,0.9176470637321472,,0.06797385960817337,,0.9176470637321472,,,1177,,,,
37,0.6184521913528442,0.6268998384475708,0.6438136100769043,,0.9472230672836304,,0.645384669303894,,0.9436589479446411,,,,2773,,,,
37,,,,,,,,,,,0.1443289965391159,2.1285316944122314,2773,1.1404615640640259,,1.155241847038269,
38,,,,,,,,,,,,,2799,,1.0931545495986938,,1.1151878833770752
,,,,0.07734374701976776,,0.9453125,,0.0772569477558136,,0.9453125,,,1178,,,,
,,,,0.0737847238779068,,0.9375,,0.06171875074505806,,0.90625,,,1179,,,,
,,,,0.0772569477558136,,0.9375,,0.0720486119389534,,0.9296875,,,1180,,,,
,,,,0.18222221732139587,,0.9959999918937683,,0.18666666746139526,,0.9760000109672546,,,1181,,,,
,,,,0.0763888880610466,,0.953125,,0.0789930522441864,,0.921875,,,1182,,,,
,,,,0.0763888880610466,,0.9453125,,0.07187499850988388,,0.9453125,,,1183,,,,
,,,,0.10902255773544312,,0.9780701398849487,,0.13486841320991516,,0.9335839748382568,,,1184,,,,
,,,,0.0625,,0.9765625,,0.06718750298023224,,0.96875,,,1185,,,,
,,,,0.10528428852558136,,0.960869550704956,,0.09933110326528549,,0.95652174949646,,,1186,,,,
,,,,0.05078125,,0.984375,,0.03750000149011612,,0.953125,,,1187,,,,
,,,,0.04765624925494194,,1.0,,0.04218750074505806,,0.9765625,,,1188,,,,
,,,,0.13139082491397858,,0.9459984302520752,,0.12284381687641144,,0.9374514818191528,,,1189,,,,
,,,,0.09765625,,0.9609375,,0.0946180522441864,,0.96875,,,1190,,,,
,,,,0.0789930522441864,,0.953125,,0.099609375,,0.9765625,,,1191,,,,
,,,,0.0859375,,0.953125,,0.0911458358168602,,0.984375,,,1192,,,,
,,,,0.11240601539611816,,0.8934837579727173,,0.12879422307014465,,0.9736841917037964,,,1193,,,,
,,,,0.04921875149011612,,0.90625,,0.05859375,,0.9375,,,1194,,,,
,,,,0.06171875074505806,,0.9453125,,0.07109375298023224,,0.921875,,,1195,,,,
,,,,0.14326922595500946,,0.9759615659713745,,0.16185897588729858,,0.9759615659713745,,,1196,,,,
,,,,0.1419270783662796,,0.9765625,,0.140625,,0.984375,,,1197,,,,
,,,,0.09375,,0.9765625,,0.0927734375,,0.9609375,,,1198,,,,
,,,,0.15948760509490967,,0.9898989796638489,,0.13605014979839325,,0.9545454978942871,,,1199,,,,
,,,,0.0850694477558136,,0.9609375,,0.0807291641831398,,0.9453125,,,1200,,,,
,,,,0.06953124701976776,,0.9375,,0.0703125,,0.921875,,,1201,,,,
,,,,0.14531250298023224,,0.9609375,,0.13593751192092896,,0.9296875,,,1202,,,,
,,,,0.06484375149011612,,0.9296875,,0.05937499925494194,,0.9140625,,,1203,,,,
,,,,0.05937499925494194,,0.9375,,0.05390625074505806,,0.921875,,,1204,,,,
,,,,0.1632975935935974,,0.956729531288147,,0.14234048128128052,,0.9669336080551147,,,1205,,,,
,,,,0.0746527761220932,,0.921875,,0.083984375,,0.953125,,,1206,,,,
,,,,0.06718750298023224,,0.9140625,,0.0703125,,0.9375,,,1207,,,,
,,,,0.07058823853731155,,0.9176470637321472,,0.07581699639558792,,0.9529411792755127,,,1208,,,,
38,0.6380199193954468,0.6354577541351318,0.6589545011520386,,0.9526360034942627,,0.6573484539985657,,0.9465237855911255,,,,2846,,,,
38,,,,,,,,,,,0.14189614355564117,2.107020616531372,2846,1.124218225479126,,1.1369929313659668,
39,,,,,,,,,,,,,2849,,1.069807529449463,,1.0283015966415405
39,,,,,,,,,,,,,2899,,1.1419841051101685,,1.1007765531539917
,,,,0.0869140625,,0.9375,,0.0970982164144516,,0.9453125,,,1209,,,,
,,,,0.0598958320915699,,0.90625,,0.0572916679084301,,0.9375,,,1210,,,,
,,,,0.078125,,0.953125,,0.0677083358168602,,0.9609375,,,1211,,,,
,,,,0.18833333253860474,,0.9919999837875366,,0.18133333325386047,,0.9760000109672546,,,1212,,,,
,,,,0.0911458358168602,,0.96875,,0.0868055522441864,,0.953125,,,1213,,,,
,,,,0.0920138880610466,,0.96875,,0.07734374701976776,,0.9765625,,,1214,,,,
,,,,0.14355331659317017,,0.9605263471603394,,0.13868004083633423,,0.9517543911933899,,,1215,,,,
,,,,0.0842013880610466,,0.953125,,0.06875000149011612,,0.9609375,,,1216,,,,
,,,,0.10715718567371368,,0.95652174949646,,0.10963210463523865,,0.9434782266616821,,,1217,,,,
,,,,0.03359375149011612,,0.953125,,0.04140625149011612,,0.953125,,,1218,,,,
,,,,0.03750000149011612,,0.9609375,,0.04531250149011612,,0.9765625,,,1219,,,,
,,,,0.12937062978744507,,0.9331779479980469,,0.12882672250270844,,0.9374514818191528,,,1220,,,,
,,,,0.0963541641831398,,0.9765625,,0.0928819477558136,,0.96875,,,1221,,,,
,,,,0.07656250149011612,,0.96875,,0.08124999701976776,,0.984375,,,1222,,,,
,,,,0.0911458358168602,,0.953125,,0.08203125,,0.9765625,,,1223,,,,
,,,,0.1434836983680725,,0.9780701398849487,,0.1515037715435028,,0.9824561476707458,,,1224,,,,
,,,,0.05234374850988388,,0.921875,,0.05703125149011612,,0.9140625,,,1225,,,,
,,,,0.06484375149011612,,0.9609375,,0.0625,,0.9609375,,,1226,,,,
,,,,0.16880342364311218,,0.9647436141967773,,0.16346153616905212,,0.9599359035491943,,,1227,,,,
,,,,0.0972222238779068,,0.9609375,,0.1015625,,0.953125,,,1228,,,,
,,,,0.0807291641831398,,0.96875,,0.0746527761220932,,0.96875,,,1229,,,,
,,,,0.14714191854000092,,0.9747474789619446,,0.17058515548706055,,0.9848484992980957,,,1230,,,,
,,,,0.0859375,,0.9609375,,0.087890625,,0.9296875,,,1231,,,,
,,,,0.0694444477558136,,0.9453125,,0.0720486119389534,,0.9296875,,,1232,,,,
,,,,0.12187500298023224,,0.9453125,,0.12187500298023224,,0.9296875,,,1233,,,,
,,,,0.06015624850988388,,0.9296875,,0.06093750149011612,,0.8984375,,,1234,,,,
,,,,0.0677083358168602,,0.9609375,,0.0651041641831398,,0.9296875,,,1235,,,,
,,,,0.13802635669708252,,0.9834668040275574,,0.13598553836345673,,0.9669336080551147,,,1236,,,,
,,,,0.1004464253783226,,0.9609375,,0.087890625,,0.96875,,,1237,,,,
,,,,0.07578124850988388,,0.9453125,,0.07109375298023224,,0.921875,,,1238,,,,
,,,,0.07581699639558792,,0.9647058844566345,,0.07450980693101883,,0.9411764740943909,,,1239,,,,
39,0.6587337851524353,0.653058648109436,0.6693703532218933,,0.9541386365890503,,0.6610907316207886,,0.9495741128921509,,,,2919,,,,
39,,,,,,,,,,,0.14181365072727203,2.1086392402648926,2919,1.1151533126831055,,1.12655508518219,
40,,,,,,,,,,,,,2949,,1.2857190370559692,,1.3060061931610107
,,,,0.0849609375,,0.9296875,,0.06640625,,0.90625,,,1240,,,,
,,,,0.0616319440305233,,0.90625,,0.0572916679084301,,0.875,,,1241,,,,
,,,,0.0859375,,0.921875,,0.0763888880610466,,0.90625,,,1242,,,,
,,,,0.12986667454242706,,0.9679999947547913,,0.13146667182445526,,0.9559999704360962,,,1243,,,,
,,,,0.06875000149011612,,0.953125,,0.06562499701976776,,0.890625,,,1244,,,,
,,,,0.0703125,,0.9453125,,0.06562499701976776,,0.9375,,,1245,,,,
,,,,0.12754108011722565,,0.9110275506973267,,0.12280702590942383,,0.9511277675628662,,,1246,,,,
,,,,0.0868055522441864,,0.984375,,0.0850694477558136,,0.984375,,,1247,,,,
,,,,0.13905611634254456,,0.9739130735397339,,0.1314752846956253,,0.97826087474823,,,1248,,,,
,,,,0.05546874925494194,,0.984375,,0.03984374925494194,,0.9375,,,1249,,,,
,,,,0.05078125,,1.0,,0.04296875,,0.953125,,,1250,,,,
,,,,0.1490287482738495,,0.9459984302520752,,0.14048174023628235,,0.9374514818191528,,,1251,,,,
,,,,0.103515625,,0.9765625,,0.1044921875,,0.9609375,,,1252,,,,
,,,,0.1005859375,,0.96875,,0.1015625,,0.984375,,,1253,,,,
,,,,0.0894097238779068,,0.96875,,0.0902777761220932,,0.96875,,,1254,,,,
,,,,0.14624060690402985,,0.9824561476707458,,0.1722361445426941,,0.9868420958518982,,,1255,,,,
,,,,0.05781250074505806,,0.9140625,,0.06718750298023224,,0.96875,,,1256,,,,
,,,,0.0729166641831398,,0.953125,,0.0789930522441864,,0.9609375,,,1257,,,,
,,,,0.1746794879436493,,0.9663461446762085,,0.19391025602817535,,0.9807692170143127,,,1258,,,,
,,,,0.099609375,,0.9296875,,0.1015625,,0.9453125,,,1259,,,,
,,,,0.0677083358168602,,0.9140625,,0.083984375,,0.921875,,,1260,,,,
,,,,0.14331048727035522,,0.9848484992980957,,0.14060142636299133,,0.9676071405410767,,,1261,,,,
,,,,0.0859375,,0.9609375,,0.0859375,,0.9609375,,,1262,,,,
,,,,0.0677083358168602,,0.953125,,0.076171875,,0.9453125,,,1263,,,,
,,,,0.13750000298023224,,0.9375,,0.13124999403953552,,0.953125,,,1264,,,,
,,,,0.06562499701976776,,0.9453125,,0.0625,,0.9296875,,,1265,,,,
,,,,0.0711805522441864,,0.96875,,0.06406249850988388,,0.9609375,,,1266,,,,
,,,,0.16804443299770355,,0.9732627272605896,,0.13063807785511017,,0.9465254545211792,,,1267,,,,
,,,,0.0711805522441864,,0.96875,,0.0849609375,,0.984375,,,1268,,,,
,,,,0.06562499701976776,,0.921875,,0.0720486119389534,,0.9375,,,1269,,,,
,,,,0.06928104907274246,,0.9529411792755127,,0.06797385960817337,,0.9529411792755127,,,1270,,,,
40,0.6493269205093384,0.6480869054794312,0.6678862571716309,,0.9531302452087402,,0.6638627648353577,,0.9482717514038086,,,,2992,,,,
40,,,,,,,,,,,0.14077092707157135,2.0901246070861816,2992,1.0989539623260498,,1.1188563108444214,
41,,,,,,,,,,,,,2999,,0.9554229974746704,,1.0300853252410889
41,,,,,,,,,,,,,3049,,0.9593234658241272,,1.0022449493408203
,,,,0.0926339253783226,,0.890625,,0.1037946417927742,,0.9140625,,,1271,,,,
,,,,0.0625,,0.90625,,0.0685763880610466,,0.953125,,,1272,,,,
,,,,0.0703125,,0.90625,,0.0927734375,,0.953125,,,1273,,,,
,,,,0.19022223353385925,,0.9800000190734863,,0.1728000044822693,,0.972000002861023,,,1274,,,,
,,,,0.09375,,0.96875,,0.0842013880610466,,0.953125,,,1275,,,,
,,,,0.0966796875,,0.96875,,0.0842013880610466,,0.9609375,,,1276,,,,
,,,,0.1122807040810585,,0.9379699230194092,,0.1484266221523285,,0.9467418193817139,,,1277,,,,
,,,,0.083984375,,0.984375,,0.07734374701976776,,0.9609375,,,1278,,,,
,,,,0.11484949290752411,,0.9739130735397339,,0.10889632999897003,,0.9739130735397339,,,1279,,,,
,,,,0.05312500149011612,,1.0,,0.04140625149011612,,0.9375,,,1280,,,,
,,,,0.06171875074505806,,1.0,,0.0538194440305233,,0.9609375,,,1281,,,,
,,,,0.14646464586257935,,0.9914529919624329,,0.13620823621749878,,0.9374514818191528,,,1282,,,,
,,,,0.1183035746216774,,0.984375,,0.0894097238779068,,0.9609375,,,1283,,,,
,,,,0.0911458358168602,,0.9921875,,0.0986328125,,0.9765625,,,1284,,,,
,,,,0.0928819477558136,,0.96875,,0.07968749850988388,,0.9609375,,,1285,,,,
,,,,0.15566694736480713,,0.9649122953414917,,0.12568920850753784,,0.969298243522644,,,1286,,,,
,,,,0.0477430559694767,,0.8671875,,0.0651041641831398,,0.9140625,,,1287,,,,
,,,,0.05546874925494194,,0.9296875,,0.06640625,,0.953125,,,1288,,,,
,,,,0.16786858439445496,,0.9551281929016113,,0.15416666865348816,,0.9759615659713745,,,1289,,,,
,,,,0.08671875298023224,,0.9609375,,0.0954861119389534,,0.953125,,,1290,,,,
,,,,0.06640625,,0.90625,,0.0789930522441864,,0.9140625,,,1291,,,,
,,,,0.1372344195842743,,0.9402647018432617,,0.142188161611557,,0.9352142214775085,,,1292,,,,
,,,,0.0789930522441864,,0.9453125,,0.078125,,0.9375,,,1293,,,,
,,,,0.0694444477558136,,0.921875,,0.0625,,0.921875,,,1294,,,,
,,,,0.12812499701976776,,0.96875,,0.11874999850988388,,0.9609375,,,1295,,,,
,,,,0.06875000149011612,,0.9609375,,0.04921875149011612,,0.921875,,,1296,,,,
,,,,0.0772569477558136,,1.0,,0.0607638880610466,,0.953125,,,1297,,,,
,,,,0.1476506143808365,,0.9834668040275574,,0.12304313480854034,,0.9771376848220825,,,1298,,,,
,,,,0.0982142835855484,,0.9609375,,0.091796875,,0.9765625,,,1299,,,,
,,,,0.0807291641831398,,0.9453125,,0.07343749701976776,,0.9609375,,,1300,,,,
,,,,0.08235294371843338,,0.9529411792755127,,0.08676470816135406,,0.9647058844566345,,,1301,,,,
41,0.6615786552429199,0.6562297344207764,0.6689165830612183,,0.9533644914627075,,0.6697586178779602,,0.9504115581512451,,,,3065,,,,
41,,,,,,,,,,,0.14166396856307983,2.0581254959106445,3065,1.0995409488677979,,1.1133054494857788,
42,,,,,,,,,,,,,3099,,0.898378849029541,,0.9296373128890991
,,,,0.0763888880610466,,0.9453125,,0.0859375,,0.96875,,,1302,,,,
,,,,0.0711805522441864,,0.953125,,0.0791015625,,0.9609375,,,1303,,,,
,,,,0.0772569477558136,,0.9453125,,0.0986328125,,0.96875,,,1304,,,,
,,,,0.12986667454242706,,0.972000002861023,,0.17955556511878967,,0.9600000381469727,,,1305,,,,
,,,,0.0625,,0.9453125,,0.06406249850988388,,0.921875,,,1306,,,,
,,,,0.06718750298023224,,0.9375,,0.06328125298023224,,0.9609375,,,1307,,,,
,,,,0.10952381789684296,,0.8978697061538696,,0.11578947305679321,,0.9467418193817139,,,1308,,,,
,,,,0.0894097238779068,,0.96875,,0.0868055522441864,,0.96875,,,1309,,,,
,,,,0.11438126862049103,,0.9652173519134521,,0.11906354129314423,,0.9652173519134521,,,1310,,,,
,,,,0.04765624925494194,,0.953125,,0.04765624925494194,,0.9609375,,,1311,,,,
,,,,0.0390625,,0.9609375,,0.04296875,,0.9296875,,,1312,,,,
,,,,0.127117320895195,,0.9160839319229126,,0.12369851768016815,,0.9118103981018066,,,1313,,,,
,,,,0.1025390625,,0.984375,,0.09375,,0.984375,,,1314,,,,
,,,,0.0928819477558136,,0.9921875,,0.09375,,0.9921875,,,1315,,,,
,,,,0.111328125,,0.9609375,,0.0963541641831398,,0.984375,,,1316,,,,
,,,,0.15678083896636963,,0.9473683834075928,,0.15970481932163239,,0.9116541147232056,,,1317,,,,
,,,,0.04140625149011612,,0.8203125,,0.04140625149011612,,0.890625,,,1318,,,,
,,,,0.05390625074505806,,0.875,,0.05781250074505806,,0.921875,,,1319,,,,
,,,,0.15705129504203796,,0.9599359035491943,,0.13846153020858765,,0.9342948794364929,,,1320,,,,
,,,,0.1432291716337204,,0.96875,,0.1194196417927742,,0.9375,,,1321,,,,
,,,,0.0927734375,,0.96875,,0.08984375,,0.953125,,,1322,,,,
,,,,0.1381632387638092,,0.9848484992980957,,0.14040790498256683,,0.9797979593276978,,,1323,,,,
,,,,0.0694444477558136,,0.9609375,,0.0668402761220932,,0.9375,,,1324,,,,
,,,,0.0546875,,0.953125,,0.05546874925494194,,0.9296875,,,1325,,,,
,,,,0.125,,0.9453125,,0.12656250596046448,,0.9609375,,,1326,,,,
,,,,0.0625,,0.9375,,0.0763888880610466,,0.953125,,,1327,,,,
,,,,0.0677083358168602,,0.9296875,,0.0737847238779068,,0.953125,,,1328,,,,
,,,,0.19161716103553772,,0.9771376848220825,,0.15984958410263062,,0.9834668040275574,,,1329,,,,
,,,,0.0947265625,,0.984375,,0.1037946417927742,,0.96875,,,1330,,,,
,,,,0.08203125,,0.9765625,,0.07265625149011612,,0.9609375,,,1331,,,,
,,,,0.10000000149011612,,0.9882352948188782,,0.08529412001371384,,0.9529411792755127,,,1332,,,,
42,0.6443003416061401,0.6476390957832336,0.661139726638794,,0.9481527805328369,,0.6603997945785522,,0.9500654935836792,,,,3138,,,,
42,,,,,,,,,,,0.1408074051141739,2.066446304321289,3138,1.084830641746521,,1.0959932804107666,
43,,,,,,,,,,,,,3149,,0.9668973684310913,,1.0178130865097046
43,,,,,,,,,,,,,3199,,1.2573418617248535,,1.2496018409729004
,,,,0.0947265625,,0.9296875,,0.09765625,,0.9375,,,1333,,,,
,,,,0.0694444477558136,,0.9609375,,0.0830078125,,0.953125,,,1334,,,,
,,,,0.08984375,,0.953125,,0.091796875,,0.9765625,,,1335,,,,
,,,,0.11946666985750198,,0.9399999976158142,,0.1632000058889389,,0.9760000109672546,,,1336,,,,
,,,,0.05624999850988388,,0.9296875,,0.0746527761220932,,0.9453125,,,1337,,,,
,,,,0.05703125149011612,,0.921875,,0.0703125,,0.9609375,,,1338,,,,
,,,,0.11641603708267212,,0.915413498878479,,0.12005011737346649,,0.9736841917037964,,,1339,,,,
,,,,0.0885416641831398,,0.984375,,0.078125,,0.9609375,,,1340,,,,
,,,,0.13065774738788605,,0.9826086759567261,,0.12582683563232422,,0.9311037063598633,,,1341,,,,
,,,,0.03750000149011612,,0.9375,,0.0390625,,0.9453125,,,1342,,,,
,,,,0.03437500074505806,,0.9609375,,0.04296875,,0.953125,,,1343,,,,
,,,,0.12113441526889801,,0.9786324501037598,,0.12113441526889801,,0.9374514818191528,,,1344,,,,
,,,,0.103515625,,0.9765625,,0.0911458358168602,,0.9921875,,,1345,,,,
,,,,0.0859375,,0.984375,,0.0850694477558136,,1.0,,,1346,,,,
,,,,0.0911458358168602,,0.9609375,,0.08046875149011612,,0.96875,,,1347,,,,
,,,,0.15928710997104645,,0.9736841917037964,,0.14423559606075287,,0.9780701398849487,,,1348,,,,
,,,,0.06328125298023224,,0.9375,,0.0625,,0.96875,,,1349,,,,
,,,,0.0859375,,0.9609375,,0.07500000298023224,,0.9609375,,,1350,,,,
,,,,0.16631054878234863,,0.9615384340286255,,0.14551281929016113,,0.9711538553237915,,,1351,,,,
,,,,0.07578124850988388,,0.9296875,,0.08046875149011612,,0.9609375,,,1352,,,,
,,,,0.0625,,0.9140625,,0.0732421875,,0.90625,,,1353,,,,
,,,,0.1343318223953247,,0.9474050998687744,,0.13769882917404175,,0.9444444179534912,,,1354,,,,
,,,,0.0703125,,0.953125,,0.083984375,,0.9140625,,,1355,,,,
,,,,0.0598958320915699,,0.8984375,,0.0616319440305233,,0.8984375,,,1356,,,,
,,,,0.1614583432674408,,0.96875,,0.1423611044883728,,0.9453125,,,1357,,,,
,,,,0.07343749701976776,,0.9765625,,0.0746527761220932,,0.9453125,,,1358,,,,
,,,,0.09765625,,0.9921875,,0.078125,,0.9453125,,,1359,,,,
,,,,0.19820460677146912,,0.9897959232330322,,0.17850685119628906,,0.9732627272605896,,,1360,,,,
,,,,0.0888671875,,0.9609375,,0.0908203125,,0.9609375,,,1361,,,,
,,,,0.07421875,,0.9765625,,0.0703125,,0.9375,,,1362,,,,
,,,,0.08382353186607361,,0.9764705896377563,,0.07058823853731155,,0.9411764740943909,,,1363,,,,
43,0.6633788347244263,0.6570941209793091,0.6670165657997131,,0.9528286457061768,,0.6729688048362732,,0.951488733291626,,,,3211,,,,
43,,,,,,,,,,,0.14003606140613556,2.0681052207946777,3211,1.0827275514602661,,1.099915623664856,
44,,,,,,,,,,,,,3249,,1.0998331308364868,,1.1005903482437134
,,,,0.1004464253783226,,0.9375,,0.1197916641831398,,0.9296875,,,1364,,,,
,,,,0.0904017835855484,,0.9453125,,0.0859375,,0.953125,,,1365,,,,
,,,,0.1080729141831398,,0.96875,,0.080078125,,0.9765625,,,1366,,,,
,,,,0.16029629111289978,,0.9919999837875366,,0.14986667037010193,,0.9919999837875366,,,1367,,,,
,,,,0.08046875149011612,,0.984375,,0.08203125,,0.984375,,,1368,,,,
,,,,0.0824652761220932,,0.96875,,0.0986328125,,0.9609375,,,1369,,,,
,,,,0.12305764108896255,,0.969298243522644,,0.12305764108896255,,0.9824561476707458,,,1370,,,,
,,,,0.0703125,,0.96875,,0.0703125,,0.953125,,,1371,,,,
,,,,0.13023412227630615,,0.9739130735397339,,0.12167224287986755,,0.9354515075683594,,,1372,,,,
,,,,0.05234374850988388,,0.9921875,,0.03437500074505806,,0.984375,,,1373,,,,
,,,,0.04765624925494194,,0.9921875,,0.03750000149011612,,0.9609375,,,1374,,,,
,,,,0.1497884839773178,,0.9502719640731812,,0.11771561205387115,,0.9331779479980469,,,1375,,,,
,,,,0.07343749701976776,,0.9765625,,0.0859375,,0.9375,,,1376,,,,
,,,,0.1060267835855484,,0.953125,,0.06953124701976776,,0.9375,,,1377,,,,
,,,,0.078125,,0.9765625,,0.0703125,,0.9375,,,1378,,,,
,,,,0.12205514311790466,,0.9736841917037964,,0.11491228640079498,,0.9467418193817139,,,1379,,,,
,,,,0.0607638880610466,,0.9609375,,0.05859375,,0.9453125,,,1380,,,,
,,,,0.0737847238779068,,0.984375,,0.06875000149011612,,0.96875,,,1381,,,,
,,,,0.16025641560554504,,0.9759615659713745,,0.1606125384569168,,0.9407051205635071,,,1382,,,,
,,,,0.0946180522441864,,0.953125,,0.09375,,0.9375,,,1383,,,,
,,,,0.0729166641831398,,0.9296875,,0.06171875074505806,,0.90625,,,1384,,,,
,,,,0.13367390632629395,,0.9019505381584167,,0.13386741280555725,,0.9292929172515869,,,1385,,,,
,,,,0.0581597238779068,,0.875,,0.0651041641831398,,0.890625,,,1386,,,,
,,,,0.0520833320915699,,0.8828125,,0.0572916679084301,,0.921875,,,1387,,,,
,,,,0.10624999552965164,,0.921875,,0.10781250149011612,,0.9453125,,,1388,,,,
,,,,0.06640625,,0.9609375,,0.0746527761220932,,0.96875,,,1389,,,,
,,,,0.0807291641831398,,0.9921875,,0.0807291641831398,,0.984375,,,1390,,,,
,,,,0.17850685119628906,,0.9897959232330322,,0.18580469489097595,,0.9834668040275574,,,1391,,,,
,,,,0.09375,,0.9453125,,0.0859375,,0.9609375,,,1392,,,,
,,,,0.07421875,,0.9375,,0.07500000298023224,,0.9609375,,,1393,,,,
,,,,0.07320261746644974,,0.9529411792755127,,0.08382353186607361,,0.9764705896377563,,,1394,,,,
44,0.6465871334075928,0.6430295705795288,0.6607370376586914,,0.9554017782211304,,0.6551785469055176,,0.9517772793769836,,,,3284,,,,
44,,,,,,,,,,,0.1376299411058426,2.0601322650909424,3284,1.0650584697723389,,1.078324317932129,
45,,,,,,,,,,,,,3299,,1.1361584663391113,,1.184821367263794
45,,,,,,,,,,,,,3349,,0.9280787706375122,,0.912871241569519
,,,,0.0677083358168602,,0.8984375,,0.07109375298023224,,0.921875,,,1395,,,,
,,,,0.05859375,,0.9140625,,0.0607638880610466,,0.953125,,,1396,,,,
,,,,0.0581597238779068,,0.9140625,,0.0651041641831398,,0.9375,,,1397,,,,
,,,,0.16029629111289978,,0.9919999837875366,,0.19644445180892944,,0.9800000190734863,,,1398,,,,
,,,,0.0894097238779068,,0.96875,,0.0850694477558136,,0.9609375,,,1399,,,,
,,,,0.08203125,,0.96875,,0.08203125,,0.9609375,,,1400,,,,
,,,,0.1791979968547821,,0.9379699230194092,,0.16624894738197327,,0.9780701398849487,,,1401,,,,
,,,,0.0885416641831398,,0.984375,,0.0815972238779068,,0.984375,,,1402,,,,
,,,,0.14140468835830688,,0.9869564771652222,,0.1328428089618683,,0.9441471695899963,,,1403,,,,
,,,,0.05234374850988388,,1.0,,0.04062499850988388,,0.953125,,,1404,,,,
,,,,0.0625,,1.0,,0.04609375074505806,,0.953125,,,1405,,,,
,,,,0.15415695309638977,,0.9502719640731812,,0.14048174023628235,,0.9331779479980469,,,1406,,,,
,,,,0.0946180522441864,,0.984375,,0.0928819477558136,,0.96875,,,1407,,,,
,,,,0.1194196417927742,,0.9921875,,0.1025390625,,0.984375,,,1408,,,,
,,,,0.107421875,,0.9765625,,0.103515625,,0.96875,,,1409,,,,
,,,,0.14076858758926392,,0.9649122953414917,,0.15148983895778656,,0.9335839748382568,,,1410,,,,
,,,,0.04218750074505806,,0.8359375,,0.05312500149011612,,0.90625,,,1411,,,,
,,,,0.06171875074505806,,0.9375,,0.06562499701976776,,0.9609375,,,1412,,,,
,,,,0.18028846383094788,,0.9439102411270142,,0.16488604247570038,,0.9391025304794312,,,1413,,,,
,,,,0.1083984375,,0.96875,,0.1272321492433548,,0.96875,,,1414,,,,
,,,,0.0842013880610466,,0.9609375,,0.099609375,,0.9609375,,,1415,,,,
,,,,0.15526916086673737,,0.9696969985961914,,0.1734151840209961,,0.9797979593276978,,,1416,,,,
,,,,0.08203125,,0.9609375,,0.0810546875,,0.9453125,,,1417,,,,
,,,,0.0694444477558136,,0.9296875,,0.0677083358168602,,0.9609375,,,1418,,,,
,,,,0.1302083432674408,,0.953125,,0.11874999850988388,,0.96875,,,1419,,,,
,,,,0.05937499925494194,,0.90625,,0.06171875074505806,,0.9296875,,,1420,,,,
,,,,0.0659722238779068,,0.9609375,,0.0685763880610466,,0.953125,,,1421,,,,
,,,,0.17191940546035767,,0.9771376848220825,,0.14655989408493042,,0.9795918464660645,,,1422,,,,
,,,,0.09375,,0.96875,,0.0772569477558136,,0.953125,,,1423,,,,
,,,,0.0868055522441864,,0.9921875,,0.0789930522441864,,0.9296875,,,1424,,,,
,,,,0.0882352963089943,,0.9764705896377563,,0.07189542800188065,,0.9647058844566345,,,1425,,,,
45,0.677219569683075,0.6771004796028137,0.6831570863723755,,0.9570938348770142,,0.6764995455741882,,0.9556968808174133,,,,3357,,,,
45,,,,,,,,,,,0.13740450143814087,2.0468080043792725,3357,1.0678362846374512,,1.0851821899414062,
46,,,,,,,,,,,,,3399,,1.1382880210876465,,1.114823341369629
,,,,0.1276041716337204,,0.9609375,,0.1354166716337204,,0.9609375,,,1426,,,,
,,,,0.0771484375,,0.953125,,0.083984375,,0.9765625,,,1427,,,,
,,,,0.0888671875,,0.953125,,0.0833333358168602,,0.9609375,,,1428,,,,
,,,,0.18222221732139587,,0.9959999918937683,,0.18488888442516327,,0.9880000352859497,,,1429,,,,
,,,,0.0737847238779068,,0.9453125,,0.0763888880610466,,0.9609375,,,1430,,,,
,,,,0.0798611119389534,,0.96875,,0.0789930522441864,,0.9609375,,,1431,,,,
,,,,0.11876913905143738,,0.9605263471603394,,0.1071428582072258,,0.9649122953414917,,,1432,,,,
,,,,0.078125,,0.953125,,0.0798611119389534,,0.9453125,,,1433,,,,
,,,,0.14387959241867065,,0.9652173519134521,,0.1171906366944313,,0.9224079847335815,,,1434,,,,
,,,,0.05937499925494194,,0.9921875,,0.04531250149011612,,0.96875,,,1435,,,,
,,,,0.05859375,,0.9765625,,0.05312500149011612,,0.9609375,,,1436,,,,
,,,,0.15244755148887634,,0.995726466178894,,0.1430458426475525,,0.9459984302520752,,,1437,,,,
,,,,0.1194196417927742,,0.9921875,,0.0894097238779068,,0.984375,,,1438,,,,
,,,,0.1116071417927742,,0.9921875,,0.1127232164144516,,1.0,,,1439,,,,
,,,,0.0894097238779068,,0.9765625,,0.07968749850988388,,0.96875,,,1440,,,,
,,,,0.15343916416168213,,0.9561403393745422,,0.14335840940475464,,0.9868420958518982,,,1441,,,,
,,,,0.0555555559694767,,0.921875,,0.06093750149011612,,0.96875,,,1442,,,,
,,,,0.0791015625,,0.9609375,,0.0789930522441864,,0.9609375,,,1443,,,,
,,,,0.18108974397182465,,0.9647436141967773,,0.18589743971824646,,0.9487179517745972,,,1444,,,,
,,,,0.1160714253783226,,0.984375,,0.0947265625,,0.9609375,,,1445,,,,
,,,,0.0849609375,,0.9453125,,0.0693359375,,0.9375,,,1446,,,,
,,,,0.16444134712219238,,0.9747474789619446,,0.16734394431114197,,0.9848484992980957,,,1447,,,,
,,,,0.0986328125,,0.9453125,,0.1025390625,,0.953125,,,1448,,,,
,,,,0.0798611119389534,,0.9140625,,0.0868055522441864,,0.9296875,,,1449,,,,
,,,,0.12031249701976776,,0.9453125,,0.13593749701976776,,0.953125,,,1450,,,,
,,,,0.06015624850988388,,0.90625,,0.05937499925494194,,0.9140625,,,1451,,,,
,,,,0.0685763880610466,,0.953125,,0.0668402761220932,,0.953125,,,1452,,,,
,,,,0.14710526168346405,,0.9708086252212524,,0.13112890720367432,,0.9630586504936218,,,1453,,,,
,,,,0.091796875,,0.96875,,0.078125,,0.9296875,,,1454,,,,
,,,,0.07187499850988388,,0.9609375,,0.07109375298023224,,0.953125,,,1455,,,,
,,,,0.07450980693101883,,0.9647058844566345,,0.07058823853731155,,0.929411768913269,,,1456,,,,
46,0.6586941480636597,0.6575450301170349,0.6868894100189209,,0.9581327438354492,,0.674935519695282,,0.9579564332962036,,,,3430,,,,
46,,,,,,,,,,,0.13864505290985107,2.03515625,3430,1.0610419511795044,,1.0797436237335205,
47,,,,,,,,,,,,,3449,,0.9943569898605347,,1.0409270524978638
47,,,,,,,,,,,,,3499,,0.9333136677742004,,0.9300276041030884
,,,,0.0798611119389534,,0.921875,,0.06796874850988388,,0.8828125,,,1457,,,,
,,,,0.06640625,,0.90625,,0.0659722238779068,,0.9140625,,,1458,,,,
,,,,0.0798611119389534,,0.9375,,0.0830078125,,0.9140625,,,1459,,,,
,,,,0.12426666915416718,,0.9760000109672546,,0.11946666985750198,,0.9440000057220459,,,1460,,,,
,,,,0.06484375149011612,,0.921875,,0.05781250074505806,,0.8671875,,,1461,,,,
,,,,0.05937499925494194,,0.953125,,0.05546874925494194,,0.9140625,,,1462,,,,
,,,,0.11040100455284119,,0.8978697061538696,,0.10162907838821411,,0.9335839748382568,,,1463,,,,
,,,,0.0868055522441864,,0.984375,,0.0763888880610466,,0.9609375,,,1464,,,,
,,,,0.09351170808076859,,0.9354515075683594,,0.11780937016010284,,0.9311037063598633,,,1465,,,,
,,,,0.0390625,,0.8984375,,0.046875,,0.953125,,,1466,,,,
,,,,0.03281249850988388,,0.9375,,0.03984374925494194,,0.96875,,,1467,,,,
,,,,0.12082362174987793,,0.9743589758872986,,0.12851592898368835,,0.9871795177459717,,,1468,,,,
,,,,0.1261160671710968,,1.0,,0.125,,0.9921875,,,1469,,,,
,,,,0.1183035746216774,,1.0,,0.1171875,,0.9921875,,,1470,,,,
,,,,0.109375,,0.984375,,0.107421875,,0.9921875,,,1471,,,,
,,,,0.1444862186908722,,0.9473683834075928,,0.14010025560855865,,0.9736841917037964,,,1472,,,,
,,,,0.04609375074505806,,0.8671875,,0.05078125,,0.9375,,,1473,,,,
,,,,0.05859375,,0.859375,,0.05859375,,0.921875,,,1474,,,,
,,,,0.19911858439445496,,0.9375,,0.18910256028175354,,0.9583333730697632,,,1475,,,,
,,,,0.1484375,,1.0,,0.1419270783662796,,1.0,,,1476,,,,
,,,,0.16875000298023224,,0.984375,,0.1328125,,0.984375,,,1477,,,,
,,,,0.1548047512769699,,0.9848484992980957,,0.1626610904932022,,0.9797979593276978,,,1478,,,,
,,,,0.0888671875,,0.9765625,,0.09375,,0.96875,,,1479,,,,
,,,,0.06718750298023224,,0.9375,,0.091796875,,0.953125,,,1480,,,,
,,,,0.1354166567325592,,0.90625,,0.125,,0.9296875,,,1481,,,,
,,,,0.05234374850988388,,0.8671875,,0.05234374850988388,,0.8359375,,,1482,,,,
,,,,0.0546875,,0.859375,,0.0607638880610466,,0.8828125,,,1483,,,,
,,,,0.13014724850654602,,0.9746835231781006,,0.13014724850654602,,0.9606045484542847,,,1484,,,,
,,,,0.0755208358168602,,0.9921875,,0.0798611119389534,,0.9921875,,,1485,,,,
,,,,0.0815972238779068,,0.9765625,,0.07500000298023224,,0.953125,,,1486,,,,
,,,,0.08235294371843338,,0.9882352948188782,,0.10588235408067703,,0.9764705896377563,,,1487,,,,
47,0.6445849537849426,0.6486847400665283,0.6567800641059875,,0.9436536431312561,,0.6460809707641602,,0.9446015357971191,,,,3503,,,,
47,,,,,,,,,,,0.13588514924049377,2.0212035179138184,3503,1.0328998565673828,,1.0445306301116943,
48,,,,,,,,,,,,,3549,,1.0661110877990723,,1.1139273643493652
,,,,0.0859375,,0.921875,,0.0842013880610466,,0.921875,,,1488,,,,
,,,,0.0668402761220932,,0.890625,,0.0633680522441864,,0.9296875,,,1489,,,,
,,,,0.0789930522441864,,0.9140625,,0.07265625149011612,,0.9296875,,,1490,,,,
,,,,0.14340740442276,,0.9679999947547913,,0.12266667187213898,,0.9679999947547913,,,1491,,,,
,,,,0.0720486119389534,,0.9140625,,0.06015624850988388,,0.9140625,,,1492,,,,
,,,,0.06640625,,0.9375,,0.06328125298023224,,0.9375,,,1493,,,,
,,,,0.11303257942199707,,0.9379699230194092,,0.10764411091804504,,0.9736841917037964,,,1494,,,,
,,,,0.08046875149011612,,0.9609375,,0.0824652761220932,,0.953125,,,1495,,,,
,,,,0.12486064434051514,,0.9739130735397339,,0.12389446794986725,,0.9267558455467224,,,1496,,,,
,,,,0.03671874850988388,,0.9453125,,0.03750000149011612,,0.9453125,,,1497,,,,
,,,,0.03671874850988388,,0.96875,,0.03828125074505806,,0.9609375,,,1498,,,,
,,,,0.12424242496490479,,0.9914529919624329,,0.12167832255363464,,0.941724956035614,,,1499,,,,
,,,,0.0998263880610466,,0.9921875,,0.0920138880610466,,0.984375,,,1500,,,,
,,,,0.111328125,,0.9921875,,0.0920138880610466,,0.984375,,,1501,,,,
,,,,0.1015625,,0.96875,,0.09375,,0.9765625,,,1502,,,,
,,,,0.15588971972465515,,0.9736841917037964,,0.13984963297843933,,0.9824561476707458,,,1503,,,,
,,,,0.06093750149011612,,0.9140625,,0.06328125298023224,,0.9609375,,,1504,,,,
,,,,0.091796875,,0.96875,,0.095703125,,0.9609375,,,1505,,,,
,,,,0.14647436141967773,,0.9455127716064453,,0.16702279448509216,,0.9711538553237915,,,1506,,,,
,,,,0.0947265625,,0.9609375,,0.1183035746216774,,0.96875,,,1507,,,,
,,,,0.0881696417927742,,0.921875,,0.0810546875,,0.9375,,,1508,,,,
,,,,0.1295715868473053,,0.938174843788147,,0.13789233565330505,,0.938174843788147,,,1509,,,,
,,,,0.0849609375,,0.9609375,,0.0869140625,,0.9453125,,,1510,,,,
,,,,0.0625,,0.953125,,0.06093750149011612,,0.9375,,,1511,,,,
,,,,0.12656250596046448,,0.9453125,,0.125,,0.953125,,,1512,,,,
,,,,0.06093750149011612,,0.9296875,,0.05937499925494194,,0.9375,,,1513,,,,
,,,,0.0685763880610466,,0.984375,,0.0694444477558136,,0.953125,,,1514,,,,
,,,,0.13598553836345673,,0.954275369644165,,0.13676053285598755,,0.9606045484542847,,,1515,,,,
,,,,0.08984375,,0.9921875,,0.08984375,,0.9765625,,,1516,,,,
,,,,0.0876736119389534,,0.9609375,,0.0824652761220932,,0.953125,,,1517,,,,
,,,,0.08366013318300247,,0.9647058844566345,,0.0797385647892952,,0.9764705896377563,,,1518,,,,
48,0.6630352735519409,0.6495267748832703,0.670344352722168,,0.9508591890335083,,0.6597057580947876,,0.9521432518959045,,,,3576,,,,
48,,,,,,,,,,,0.13449159264564514,2.0018327236175537,3576,1.0329316854476929,,1.0528205633163452,
49,,,,,,,,,,,,,3599,,0.9767014980316162,,1.037043809890747
49,,,,,,,,,,,,,3649,,0.9291417002677917,,0.9105909466743469
,,,,0.1194196417927742,,0.953125,,0.0868055522441864,,0.953125,,,1519,,,,
,,,,0.0888671875,,0.96875,,0.06562499701976776,,0.953125,,,1520,,,,
,,,,0.1138392835855484,,0.96875,,0.09375,,0.9609375,,,1521,,,,
,,,,0.1505185216665268,,0.9839999675750732,,0.15762962400913239,,0.9839999675750732,,,1522,,,,
,,,,0.07500000298023224,,0.9765625,,0.07187499850988388,,0.984375,,,1523,,,,
,,,,0.07343749701976776,,0.96875,,0.07578124850988388,,0.9453125,,,1524,,,,
,,,,0.13074353337287903,,0.9780701398849487,,0.12280702590942383,,0.9780701398849487,,,1525,,,,
,,,,0.07187499850988388,,0.9609375,,0.0772569477558136,,0.9453125,,,1526,,,,
,,,,0.1113712340593338,,0.9652173519134521,,0.1028093695640564,,0.9739130735397339,,,1527,,,,
,,,,0.04218750074505806,,0.984375,,0.03593749925494194,,0.984375,,,1528,,,,
,,,,0.04531250149011612,,0.9609375,,0.03671874850988388,,0.96875,,,1529,,,,
,,,,0.12882672250270844,,0.9786324501037598,,0.12369851768016815,,0.941724956035614,,,1530,,,,
,,,,0.0920138880610466,,0.96875,,0.0894097238779068,,0.96875,,,1531,,,,
,,,,0.08359374850988388,,1.0,,0.08046875149011612,,0.9921875,,,1532,,,,
,,,,0.08437500149011612,,0.96875,,0.07890625298023224,,0.9609375,,,1533,,,,
,,,,0.186995267868042,,0.9824561476707458,,0.16610971093177795,,0.9868420958518982,,,1534,,,,
,,,,0.0694444477558136,,0.9140625,,0.06640625,,0.9453125,,,1535,,,,
,,,,0.07500000298023224,,0.96875,,0.08046875149011612,,0.96875,,,1536,,,,
,,,,0.14519231021404266,,0.9711538553237915,,0.17129629850387573,,0.9599359035491943,,,1537,,,,
,,,,0.0920138880610466,,0.9453125,,0.1064453125,,0.953125,,,1538,,,,
,,,,0.0694444477558136,,0.921875,,0.0791015625,,0.9453125,,,1539,,,,
,,,,0.15341150760650635,,0.9726575613021851,,0.14443282783031464,,0.9646464586257935,,,1540,,,,
,,,,0.0842013880610466,,0.953125,,0.0798611119389534,,0.9453125,,,1541,,,,
,,,,0.0807291641831398,,0.9296875,,0.0755208358168602,,0.9296875,,,1542,,,,
,,,,0.125,,0.9453125,,0.12031249701976776,,0.9453125,,,1543,,,,
,,,,0.06718750298023224,,0.9296875,,0.06796874850988388,,0.921875,,,1544,,,,
,,,,0.06953124701976776,,0.984375,,0.0772569477558136,,0.96875,,,1545,,,,
,,,,0.15390798449516296,,0.9834668040275574,,0.13570135831832886,,0.9771376848220825,,,1546,,,,
,,,,0.0876736119389534,,0.984375,,0.0859375,,0.953125,,,1547,,,,
,,,,0.07656250149011612,,0.9609375,,0.07578124850988388,,0.9375,,,1548,,,,
,,,,0.0941176488995552,,0.9764705896377563,,0.08529412001371384,,0.9647058844566345,,,1549,,,,
49,0.6898157596588135,0.6826040744781494,0.7017644047737122,,0.9611753821372986,,0.6848954558372498,,0.9582664370536804,,,,3649,,,,
49,,,,,,,,,,,0.1354115903377533,2.005685567855835,3649,1.0404338836669922,,1.0611766576766968,
50,,,,,,,,,,,,,3699,,1.0116993188858032,,1.0027594566345215
,,,,0.14453125,,0.96875,,0.1025390625,,0.96875,,,1550,,,,
,,,,0.1071428582072258,,0.9609375,,0.12890625,,0.984375,,,1551,,,,
,,,,0.1341145783662796,,0.984375,,0.1341145783662796,,0.984375,,,1552,,,,
,,,,0.20533332228660583,,0.9959999918937683,,0.20088890194892883,,0.9880000352859497,,,1553,,,,
,,,,0.0928819477558136,,0.96875,,0.1005859375,,0.9609375,,,1554,,,,
,,,,0.0894097238779068,,0.984375,,0.0842013880610466,,0.984375,,,1555,,,,
,,,,0.16137565672397614,,0.9824561476707458,,0.16384711861610413,,0.9605263471603394,,,1556,,,,
,,,,0.0902777761220932,,0.96875,,0.0703125,,0.9453125,,,1557,,,,
,,,,0.11832775175571442,,0.9826086759567261,,0.11484949290752411,,0.9652173519134521,,,1558,,,,
,,,,0.041015625,,0.9609375,,0.03593749925494194,,0.984375,,,1559,,,,
,,,,0.04062499850988388,,0.9921875,,0.04374999925494194,,0.9921875,,,1560,,,,
,,,,0.1310800313949585,,0.9545454978942871,,0.1319347321987152,,0.9459984302520752,,,1561,,,,
,,,,0.09375,,0.9921875,,0.08359374850988388,,0.9921875,,,1562,,,,
,,,,0.0946180522441864,,0.9921875,,0.0911458358168602,,0.9921875,,,1563,,,,
,,,,0.08359374850988388,,0.96875,,0.0928819477558136,,0.9609375,,,1564,,,,
,,,,0.19595864415168762,,0.9868420958518982,,0.17028683423995972,,0.9736841917037964,,,1565,,,,
,,,,0.0659722238779068,,0.9296875,,0.06093750149011612,,0.890625,,,1566,,,,
,,,,0.095703125,,0.984375,,0.0824652761220932,,0.96875,,,1567,,,,
,,,,0.16595441102981567,,0.9262820482254028,,0.17378917336463928,,0.9551281929016113,,,1568,,,,
,,,,0.1005859375,,0.9375,,0.10546875,,0.9375,,,1569,,,,
,,,,0.0751953125,,0.9140625,,0.0737847238779068,,0.9375,,,1570,,,,
,,,,0.1383567601442337,,0.9625566005706787,,0.22576338052749634,,0.9797979593276978,,,1571,,,,
,,,,0.0755208358168602,,0.9375,,0.0772569477558136,,0.921875,,,1572,,,,
,,,,0.0703125,,0.8984375,,0.0685763880610466,,0.921875,,,1573,,,,
,,,,0.11093749850988388,,0.8984375,,0.11093750596046448,,0.9375,,,1574,,,,
,,,,0.05390625074505806,,0.8828125,,0.05624999850988388,,0.90625,,,1575,,,,
,,,,0.0598958320915699,,0.8984375,,0.0642361119389534,,0.8984375,,,1576,,,,
,,,,0.15594592690467834,,0.9581503868103027,,0.140934020280838,,0.9669336080551147,,,1577,,,,
,,,,0.095703125,,0.984375,,0.09375,,0.9765625,,,1578,,,,
,,,,0.0876736119389534,,0.984375,,0.0850694477558136,,0.96875,,,1579,,,,
,,,,0.08235294371843338,,0.9764705896377563,,0.08529412001371384,,0.9647058844566345,,,1580,,,,
50,0.6673291921615601,0.6760160326957703,0.6941291689872742,,0.9577515125274658,,0.6853599548339844,,0.9561545848846436,,,,3722,,,,
50,,,,,,,,,,,0.13449659943580627,1.9914650917053223,3722,1.0348992347717285,,1.055727243423462,
51,,,,,,,,,,,,,3749,,1.0239472389221191,,1.0407905578613281
,,,,0.1393229216337204,,0.953125,,0.1197916641831398,,0.9296875,,,1581,,,,
,,,,0.1015625,,0.9609375,,0.0926339253783226,,0.9375,,,1582,,,,
,,,,0.0927734375,,0.96875,,0.08203125,,0.9375,,,1583,,,,
,,,,0.18240000307559967,,0.9959999918937683,,0.20088890194892883,,0.9919999837875366,,,1584,,,,
,,,,0.0920138880610466,,0.984375,,0.0894097238779068,,0.96875,,,1585,,,,
,,,,0.0911458358168602,,0.984375,,0.1160714253783226,,0.9765625,,,1586,,,,
,,,,0.14466723799705505,,0.9561403393745422,,0.16948620975017548,,0.9517543911933899,,,1587,,,,
,,,,0.0798611119389534,,0.9453125,,0.06796874850988388,,0.9140625,,,1588,,,,
,,,,0.12080267816781998,,0.960869550704956,,0.12327758967876434,,0.9304348230361938,,,1589,,,,
,,,,0.03203124925494194,,0.9609375,,0.04531250149011612,,0.984375,,,1590,,,,
,,,,0.03593749925494194,,0.96875,,0.0546875,,0.9765625,,,1591,,,,
,,,,0.11857031285762787,,0.9829059839248657,,0.13877233862876892,,0.941724956035614,,,1592,,,,
,,,,0.107421875,,0.984375,,0.107421875,,0.9765625,,,1593,,,,
,,,,0.0928819477558136,,0.96875,,0.103515625,,0.9765625,,,1594,,,,
,,,,0.09375,,0.9609375,,0.0911458358168602,,0.9765625,,,1595,,,,
,,,,0.17307156324386597,,0.9736841917037964,,0.19031953811645508,,0.9868420958518982,,,1596,,,,
,,,,0.0729166641831398,,0.921875,,0.05937499925494194,,0.921875,,,1597,,,,
,,,,0.0833333358168602,,0.984375,,0.07109375298023224,,0.9609375,,,1598,,,,
,,,,0.17343305051326752,,0.990384578704834,,0.19631409645080566,,0.990384578704834,,,1599,,,,
,,,,0.0946180522441864,,0.984375,,0.0946180522441864,,0.984375,,,1600,,,,
,,,,0.0746527761220932,,0.921875,,0.0888671875,,0.9609375,,,1601,,,,
,,,,0.17868338525295258,,0.9280738830566406,,0.20276658236980438,,0.9848484992980957,,,1602,,,,
,,,,0.0908203125,,0.9453125,,0.0927734375,,0.953125,,,1603,,,,
,,,,0.07187499850988388,,0.9296875,,0.06406249850988388,,0.9375,,,1604,,,,
,,,,0.1171875,,0.9140625,,0.10781249403953552,,0.8984375,,,1605,,,,
,,,,0.0572916679084301,,0.890625,,0.04218750074505806,,0.890625,,,1606,,,,
,,,,0.0538194440305233,,0.9375,,0.0529513880610466,,0.890625,,,1607,,,,
,,,,0.1403513252735138,,0.9644794464111328,,0.13198140263557434,,0.9314130544662476,,,1608,,,,
,,,,0.103515625,,0.9921875,,0.07343749701976776,,0.9609375,,,1609,,,,
,,,,0.07968749850988388,,0.984375,,0.0807291641831398,,0.96875,,,1610,,,,
,,,,0.11428571492433548,,0.9882352948188782,,0.10420168191194534,,0.9764705896377563,,,1611,,,,
51,0.6690512895584106,0.6685505509376526,0.6962738037109375,,0.9572865962982178,,0.6780292391777039,,0.9498270750045776,,,,3795,,,,
51,,,,,,,,,,,0.13329046964645386,1.999290943145752,3795,1.018330693244934,,1.0403372049331665,
52,,,,,,,,,,,,,3799,,1.0144431591033936,,1.0484333038330078
52,,,,,,,,,,,,,3849,,1.0515358448028564,,1.062410831451416
,,,,0.0894097238779068,,0.9453125,,0.095703125,,0.9453125,,,1612,,,,
,,,,0.0807291641831398,,0.9453125,,0.06562499701976776,,0.953125,,,1613,,,,
,,,,0.0986328125,,0.96875,,0.0947265625,,0.953125,,,1614,,,,
,,,,0.19111111760139465,,0.9959999918937683,,0.18400000035762787,,0.9839999675750732,,,1615,,,,
,,,,0.0824652761220932,,0.921875,,0.06875000149011612,,0.921875,,,1616,,,,
,,,,0.07265625149011612,,0.953125,,0.06640625,,0.953125,,,1617,,,,
,,,,0.1184210479259491,,0.9335839748382568,,0.11140350997447968,,0.9291980266571045,,,1618,,,,
,,,,0.09765625,,0.9765625,,0.0947265625,,0.96875,,,1619,,,,
,,,,0.10033445060253143,,0.9354515075683594,,0.1113712340593338,,0.9652173519134521,,,1620,,,,
,,,,0.02812499925494194,,0.8828125,,0.04531250149011612,,0.9375,,,1621,,,,
,,,,0.03046875074505806,,0.9296875,,0.03750000149011612,,0.9609375,,,1622,,,,
,,,,0.1202797144651413,,0.9572649598121643,,0.11375291645526886,,0.9331779479980469,,,1623,,,,
,,,,0.1006944477558136,,1.0,,0.0980902761220932,,0.984375,,,1624,,,,
,,,,0.109375,,1.0,,0.0920138880610466,,0.9765625,,,1625,,,,
,,,,0.111328125,,0.9921875,,0.1064453125,,0.984375,,,1626,,,,
,,,,0.153132826089859,,0.969298243522644,,0.15225562453269958,,0.9824561476707458,,,1627,,,,
,,,,0.06562499701976776,,0.953125,,0.06562499701976776,,0.9453125,,,1628,,,,
,,,,0.07890625298023224,,0.953125,,0.0842013880610466,,0.9765625,,,1629,,,,
,,,,0.18233618140220642,,0.995192289352417,,0.1755698025226593,,0.9855769276618958,,,1630,,,,
,,,,0.107421875,,0.96875,,0.1238839253783226,,0.9609375,,,1631,,,,
,,,,0.1015625,,0.9765625,,0.1049107164144516,,0.96875,,,1632,,,,
,,,,0.16353186964988708,,0.9726575613021851,,0.1793302595615387,,0.9625566005706787,,,1633,,,,
,,,,0.0755208358168602,,0.9453125,,0.0798611119389534,,0.9609375,,,1634,,,,
,,,,0.0651041641831398,,0.90625,,0.078125,,0.9375,,,1635,,,,
,,,,0.1171875,,0.953125,,0.1171875,,0.921875,,,1636,,,,
,,,,0.06093750149011612,,0.9296875,,0.05390625074505806,,0.9296875,,,1637,,,,
,,,,0.07421875,,0.9609375,,0.0581597238779068,,0.9453125,,,1638,,,,
,,,,0.14055800437927246,,0.9732627272605896,,0.13296306133270264,,0.956729531288147,,,1639,,,,
,,,,0.0986328125,,0.9765625,,0.0911458358168602,,0.9765625,,,1640,,,,
,,,,0.0842013880610466,,0.953125,,0.0876736119389534,,0.9609375,,,1641,,,,
,,,,0.11764705926179886,,0.929411768913269,,0.11932773143053055,,0.9529411792755127,,,1642,,,,
52,0.6752002835273743,0.6685655117034912,0.6943726539611816,,0.9552880525588989,,0.6855671405792236,,0.9557842016220093,,,,3868,,,,
52,,,,,,,,,,,0.13335080444812775,1.978582501411438,3868,1.0129356384277344,,1.035954236984253,
53,,,,,,,,,,,,,3899,,0.8633776307106018,,0.9471316337585449
,,,,0.07578124850988388,,0.9453125,,0.07265625149011612,,0.921875,,,1643,,,,
,,,,0.0755208358168602,,0.9609375,,0.0694444477558136,,0.9140625,,,1644,,,,
,,,,0.0842013880610466,,0.9375,,0.06953124701976776,,0.921875,,,1645,,,,
,,,,0.13840000331401825,,0.9399999976158142,,0.14720000326633453,,0.9559999704360962,,,1646,,,,
,,,,0.04218750074505806,,0.875,,0.04765624925494194,,0.9140625,,,1647,,,,
,,,,0.03593749925494194,,0.9140625,,0.04921875149011612,,0.9453125,,,1648,,,,
,,,,0.09711779654026031,,0.8978697061538696,,0.10689222812652588,,0.8978697061538696,,,1649,,,,
,,,,0.0908203125,,0.9765625,,0.1104910746216774,,0.9765625,,,1650,,,,
,,,,0.1256781816482544,,0.969565212726593,,0.12761054933071136,,0.9739130735397339,,,1651,,,,
,,,,0.03359375149011612,,0.9296875,,0.04218750074505806,,0.9375,,,1652,,,,
,,,,0.04296875,,0.953125,,0.04374999925494194,,0.9453125,,,1653,,,,
,,,,0.13459379971027374,,0.9786324501037598,,0.12882672250270844,,0.9743589758872986,,,1654,,,,
,,,,0.1025390625,,1.0,,0.1103515625,,0.9921875,,,1655,,,,
,,,,0.0947265625,,0.984375,,0.1171875,,1.0,,,1656,,,,
,,,,0.1005859375,,0.96875,,0.0920138880610466,,0.9921875,,,1657,,,,
,,,,0.15343916416168213,,0.969298243522644,,0.15845167636871338,,0.9254385828971863,,,1658,,,,
,,,,0.0546875,,0.890625,,0.0442708320915699,,0.8515625,,,1659,,,,
,,,,0.0703125,,0.9140625,,0.0633680522441864,,0.8984375,,,1660,,,,
,,,,0.19391025602817535,,0.9743589758872986,,0.15598291158676147,,0.9743589758872986,,,1661,,,,
,,,,0.0946180522441864,,0.9765625,,0.1064453125,,0.984375,,,1662,,,,
,,,,0.1015625,,0.9765625,,0.14218750596046448,,0.96875,,,1663,,,,
,,,,0.17005302011966705,,0.982758641242981,,0.18373388051986694,,0.994949460029602,,,1664,,,,
,,,,0.1005859375,,0.984375,,0.09765625,,0.9765625,,,1665,,,,
,,,,0.0868055522441864,,0.9921875,,0.078125,,0.953125,,,1666,,,,
,,,,0.19140625,,0.9765625,,0.181640625,,0.953125,,,1667,,,,
,,,,0.078125,,0.9296875,,0.0694444477558136,,0.9453125,,,1668,,,,
,,,,0.06718750298023224,,0.9375,,0.0720486119389534,,0.921875,,,1669,,,,
,,,,0.16011366248130798,,0.9873417615890503,,0.14161714911460876,,0.9708086252212524,,,1670,,,,
,,,,0.1005859375,,0.984375,,0.09375,,0.9765625,,,1671,,,,
,,,,0.0859375,,0.953125,,0.07734374701976776,,0.953125,,,1672,,,,
,,,,0.07764706015586853,,0.9764705896377563,,0.07411764562129974,,0.9764705896377563,,,1673,,,,
53,0.6489625573158264,0.6443222761154175,0.6641526222229004,,0.9530684351921082,,0.6603412628173828,,0.9472965598106384,,,,3941,,,,
53,,,,,,,,,,,0.13327473402023315,1.9738469123840332,3941,1.0027273893356323,,1.0263780355453491,
54,,,,,,,,,,,,,3949,,1.1128333806991577,,1.166883945465088
54,,,,,,,,,,,,,3999,,1.1386597156524658,,1.1598172187805176
,,,,0.0876736119389534,,0.953125,,0.099609375,,0.953125,,,1674,,,,
,,,,0.0772569477558136,,0.9453125,,0.1015625,,0.9609375,,,1675,,,,
,,,,0.0947265625,,0.9453125,,0.095703125,,0.9765625,,,1676,,,,
,,,,0.16562962532043457,,0.9919999837875366,,0.16029629111289978,,0.9880000352859497,,,1677,,,,
,,,,0.0920138880610466,,0.96875,,0.0842013880610466,,0.9609375,,,1678,,,,
,,,,0.0911458358168602,,0.984375,,0.0850694477558136,,0.9765625,,,1679,,,,
,,,,0.14887218177318573,,0.9335839748382568,,0.1274436116218567,,0.9379699230194092,,,1680,,,,
,,,,0.0908203125,,0.9453125,,0.0798611119389534,,0.953125,,,1681,,,,
,,,,0.0891638770699501,,0.9354515075683594,,0.08742474764585495,,0.969565212726593,,,1682,,,,
,,,,0.02734375,,0.921875,,0.03828125074505806,,0.96875,,,1683,,,,
,,,,0.03281249850988388,,0.9453125,,0.04531250149011612,,0.984375,,,1684,,,,
,,,,0.13333334028720856,,0.9529914855957031,,0.13278943300247192,,0.995726466178894,,,1685,,,,
,,,,0.15234375,,0.9921875,,0.0989583358168602,,0.9921875,,,1686,,,,
,,,,0.1006944477558136,,1.0,,0.109375,,0.984375,,,1687,,,,
,,,,0.0980902761220932,,0.9765625,,0.0963541641831398,,0.9765625,,,1688,,,,
,,,,0.21820175647735596,,0.9824561476707458,,0.15614035725593567,,0.9649122953414917,,,1689,,,,
,,,,0.06328125298023224,,0.921875,,0.05312500149011612,,0.8984375,,,1690,,,,
,,,,0.07578124850988388,,0.984375,,0.06484375149011612,,0.9296875,,,1691,,,,
,,,,0.21274039149284363,,0.9743589758872986,,0.17307692766189575,,0.9647436141967773,,,1692,,,,
,,,,0.125,,0.984375,,0.1064453125,,0.96875,,,1693,,,,
,,,,0.0986328125,,0.96875,,0.1037946417927742,,0.9375,,,1694,,,,
,,,,0.15817175805568695,,0.9696969985961914,,0.1403343677520752,,0.9696969985961914,,,1695,,,,
,,,,0.080078125,,0.9609375,,0.0849609375,,0.9609375,,,1696,,,,
,,,,0.06718750298023224,,0.9296875,,0.0772569477558136,,0.9609375,,,1697,,,,
,,,,0.12031249701976776,,0.9609375,,0.12656250596046448,,0.96875,,,1698,,,,
,,,,0.0720486119389534,,0.9375,,0.06484375149011612,,0.9375,,,1699,,,,
,,,,0.0720486119389534,,0.9453125,,0.06562499701976776,,0.9140625,,,1700,,,,
,,,,0.18044432997703552,,0.9708086252212524,,0.1558598130941391,,0.9465254545211792,,,1701,,,,
,,,,0.1004464253783226,,0.984375,,0.0737847238779068,,0.9765625,,,1702,,,,
,,,,0.0833333358168602,,0.984375,,0.078125,,0.9609375,,,1703,,,,
,,,,0.09117647260427475,,0.9647058844566345,,0.07712418586015701,,0.9647058844566345,,,1704,,,,
54,0.6848206520080566,0.685465931892395,0.702836275100708,,0.9598051309585571,,0.6869145631790161,,0.9591232538223267,,,,4014,,,,
54,,,,,,,,,,,0.1318102478981018,1.9627835750579834,4014,0.9991713166236877,,1.0237672328948975,
55,,,,,,,,,,,,,4049,,1.0103869438171387,,1.0224472284317017
,,,,0.1060267835855484,,0.96875,,0.103515625,,0.984375,,,1705,,,,
,,,,0.0810546875,,0.9296875,,0.087890625,,0.96875,,,1706,,,,
,,,,0.078125,,0.953125,,0.09765625,,0.9921875,,,1707,,,,
,,,,0.1863333284854889,,1.0,,0.17440000176429749,,0.9919999837875366,,,1708,,,,
,,,,0.09375,,0.9765625,,0.08203125,,0.9765625,,,1709,,,,
,,,,0.1354166716337204,,0.9765625,,0.095703125,,0.9765625,,,1710,,,,
,,,,0.1347813904285431,,0.9605263471603394,,0.1427178978919983,,0.9649122953414917,,,1711,,,,
,,,,0.0869140625,,0.96875,,0.087890625,,0.9375,,,1712,,,,
,,,,0.1284949779510498,,0.960869550704956,,0.1199331134557724,,0.9652173519134521,,,1713,,,,
,,,,0.05624999850988388,,0.9921875,,0.04843749850988388,,0.984375,,,1714,,,,
,,,,0.06328125298023224,,0.9921875,,0.05312500149011612,,0.9921875,,,1715,,,,
,,,,0.15330225229263306,,0.9914529919624329,,0.1430458426475525,,0.9459984302520752,,,1716,,,,
,,,,0.08437500149011612,,0.984375,,0.08437500149011612,,0.9765625,,,1717,,,,
,,,,0.0850694477558136,,0.984375,,0.0842013880610466,,0.96875,,,1718,,,,
,,,,0.10546875,,0.9609375,,0.0920138880610466,,0.9609375,,,1719,,,,
,,,,0.2374686598777771,,0.9379699230194092,,0.17710945010185242,,0.9379699230194092,,,1720,,,,
,,,,0.05937499925494194,,0.9453125,,0.06171875074505806,,0.90625,,,1721,,,,
,,,,0.07343749701976776,,0.9765625,,0.07421875,,0.953125,,,1722,,,,
,,,,0.17236466705799103,,0.9759615659713745,,0.1677350401878357,,0.9711538553237915,,,1723,,,,
,,,,0.1015625,,0.9375,,0.103515625,,0.9453125,,,1724,,,,
,,,,0.0791015625,,0.9296875,,0.0711805522441864,,0.9296875,,,1725,,,,
,,,,0.1509733349084854,,0.9797979593276978,,0.12493903934955597,,0.9322535991668701,,,1726,,,,
,,,,0.0729166641831398,,0.9375,,0.0746527761220932,,0.9453125,,,1727,,,,
,,,,0.0771484375,,0.9296875,,0.0677083358168602,,0.890625,,,1728,,,,
,,,,0.12812499701976776,,0.96875,,0.12343750149011612,,0.953125,,,1729,,,,
,,,,0.06718750298023224,,0.9609375,,0.06718750298023224,,0.9609375,,,1730,,,,
,,,,0.06796874850988388,,0.96875,,0.0798611119389534,,0.9765625,,,1731,,,,
,,,,0.1788620501756668,,0.9630586504936218,,0.14970292150974274,,0.9693877696990967,,,1732,,,,
,,,,0.0869140625,,0.9609375,,0.09375,,0.984375,,,1733,,,,
,,,,0.07578124850988388,,0.9609375,,0.08046875149011612,,0.9765625,,,1734,,,,
,,,,0.08382353186607361,,0.9529411792755127,,0.0882352963089943,,0.9882352948188782,,,1735,,,,
55,0.6856297254562378,0.6796348094940186,0.7021591663360596,,0.9613794684410095,,0.7022186517715454,,0.9595537185668945,,,,4087,,,,
55,,,,,,,,,,,0.13101038336753845,1.955278754234314,4087,0.9882711172103882,,1.010640025138855,
56,,,,,,,,,,,,,4099,,1.0375287532806396,,1.0290918350219727
56,,,,,,,,,,,,,4149,,1.027276873588562,,1.0623239278793335
,,,,0.07500000298023224,,0.9140625,,0.07109375298023224,,0.9140625,,,1736,,,,
,,,,0.06171875074505806,,0.9140625,,0.0668402761220932,,0.9296875,,,1737,,,,
,,,,0.06562499701976776,,0.921875,,0.0763888880610466,,0.90625,,,1738,,,,
,,,,0.1664000004529953,,0.972000002861023,,0.1671999990940094,,0.972000002861023,,,1739,,,,
,,,,0.07187499850988388,,0.9375,,0.0807291641831398,,0.921875,,,1740,,,,
,,,,0.0789930522441864,,0.953125,,0.0763888880610466,,0.9765625,,,1741,,,,
,,,,0.12030075490474701,,0.9110275506973267,,0.12832079827785492,,0.9467418193817139,,,1742,,,,
,,,,0.0798611119389534,,0.984375,,0.0763888880610466,,0.9609375,,,1743,,,,
,,,,0.0891638770699501,,0.97826087474823,,0.09685619175434113,,0.9739130735397339,,,1744,,,,
,,,,0.04140625149011612,,0.9296875,,0.04843749850988388,,0.96875,,,1745,,,,
,,,,0.04140625149011612,,0.96875,,0.04531250149011612,,0.96875,,,1746,,,,
,,,,0.13535353541374207,,0.9871795177459717,,0.1439005434513092,,0.9871795177459717,,,1747,,,,
,,,,0.0980902761220932,,0.9921875,,0.109375,,0.984375,,,1748,,,,
,,,,0.125,,0.9921875,,0.109375,,0.9921875,,,1749,,,,
,,,,0.11328125,,0.984375,,0.1123046875,,0.984375,,,1750,,,,
,,,,0.15162906050682068,,0.969298243522644,,0.1723753809928894,,0.9248120188713074,,,1751,,,,
,,,,0.0546875,,0.921875,,0.05156249925494194,,0.8984375,,,1752,,,,
,,,,0.0711805522441864,,0.96875,,0.0625,,0.96875,,,1753,,,,
,,,,0.16132479906082153,,0.9807692170143127,,0.17748397588729858,,0.9599359035491943,,,1754,,,,
,,,,0.1104910746216774,,0.96875,,0.1328125,,0.9765625,,,1755,,,,
,,,,0.0904017835855484,,0.9609375,,0.0729166641831398,,0.9609375,,,1756,,,,
,,,,0.1690177619457245,,0.9898989796638489,,0.14958009123802185,,0.9696969985961914,,,1757,,,,
,,,,0.0986328125,,0.9765625,,0.0850694477558136,,0.9765625,,,1758,,,,
,,,,0.07656250149011612,,0.9609375,,0.07421875,,0.953125,,,1759,,,,
,,,,0.140625,,0.9609375,,0.12656250596046448,,0.9609375,,,1760,,,,
,,,,0.0859375,,0.9375,,0.0720486119389534,,0.90625,,,1761,,,,
,,,,0.0763888880610466,,0.9609375,,0.0746527761220932,,0.9453125,,,1762,,,,
,,,,0.1558598130941391,,0.9708086252212524,,0.14515341818332672,,0.9440712928771973,,,1763,,,,
,,,,0.087890625,,0.984375,,0.08984375,,0.953125,,,1764,,,,
,,,,0.0842013880610466,,0.96875,,0.0842013880610466,,0.953125,,,1765,,,,
,,,,0.0784313753247261,,0.9882352948188782,,0.09117647260427475,,0.9764705896377563,,,1766,,,,
56,0.6738560199737549,0.6701632738113403,0.6812294125556946,,0.9593551754951477,,0.6798492670059204,,0.9530261754989624,,,,4160,,,,
56,,,,,,,,,,,0.13036786019802094,1.9419280290603638,4160,0.9860426187515259,,1.0110621452331543,
57,,,,,,,,,,,,,4199,,1.162971019744873,,1.1776890754699707
,,,,0.0966796875,,0.9609375,,0.08984375,,0.96875,,,1767,,,,
,,,,0.0712890625,,0.953125,,0.072265625,,0.9375,,,1768,,,,
,,,,0.0908203125,,0.9453125,,0.087890625,,0.96875,,,1769,,,,
,,,,0.22100000083446503,,0.9959999918937683,,0.22600001096725464,,0.9919999837875366,,,1770,,,,
,,,,0.07890625298023224,,0.953125,,0.0894097238779068,,0.9609375,,,1771,,,,
,,,,0.0868055522441864,,0.9609375,,0.0859375,,0.984375,,,1772,,,,
,,,,0.13965469598770142,,0.969298243522644,,0.14870509505271912,,0.9736841917037964,,,1773,,,,
,,,,0.07265625149011612,,0.9765625,,0.06171875074505806,,0.9453125,,,1774,,,,
,,,,0.12254180759191513,,0.969565212726593,,0.11732441931962967,,0.9521739482879639,,,1775,,,,
,,,,0.0451388880610466,,0.984375,,0.0416666679084301,,0.9921875,,,1776,,,,
,,,,0.04609375074505806,,0.9609375,,0.04453124850988388,,0.9921875,,,1777,,,,
,,,,0.1379176378250122,,0.941724956035614,,0.13364413380622864,,0.941724956035614,,,1778,,,,
,,,,0.1123046875,,1.0,,0.1083984375,,0.9609375,,,1779,,,,
,,,,0.1238839253783226,,1.0,,0.0946180522441864,,0.9921875,,,1780,,,,
,,,,0.109375,,0.96875,,0.1083984375,,0.9609375,,,1781,,,,
,,,,0.19376567006111145,,0.9605263471603394,,0.24167561531066895,,0.9379699230194092,,,1782,,,,
,,,,0.05859375,,0.90625,,0.06796874850988388,,0.9609375,,,1783,,,,
,,,,0.06953124701976776,,0.9609375,,0.07187499850988388,,0.9921875,,,1784,,,,
,,,,0.17984330654144287,,0.9743589758872986,,0.18233618140220642,,0.9855769276618958,,,1785,,,,
,,,,0.0980902761220932,,0.9921875,,0.109375,,0.96875,,,1786,,,,
,,,,0.07578124850988388,,0.96875,,0.07343749701976776,,0.953125,,,1787,,,,
,,,,0.18099093437194824,,0.9676071405410767,,0.1328456997871399,,0.9545454978942871,,,1788,,,,
,,,,0.0772569477558136,,0.9453125,,0.06406249850988388,,0.9375,,,1789,,,,
,,,,0.0737847238779068,,0.9453125,,0.0677083358168602,,0.9140625,,,1790,,,,
,,,,0.140625,,0.96875,,0.13593749701976776,,0.9375,,,1791,,,,
,,,,0.07343749701976776,,0.9375,,0.07343749701976776,,0.953125,,,1792,,,,
,,,,0.078125,,0.96875,,0.0772569477558136,,0.9921875,,,1793,,,,
,,,,0.26052701473236084,,0.9771376848220825,,0.1883557140827179,,0.9834668040275574,,,1794,,,,
,,,,0.0798611119389534,,0.984375,,0.0807291641831398,,0.984375,,,1795,,,,
,,,,0.07265625149011612,,0.96875,,0.0807291641831398,,0.9765625,,,1796,,,,
,,,,0.08366013318300247,,0.9764705896377563,,0.08366013318300247,,0.9647058844566345,,,1797,,,,
57,0.6911613941192627,0.6907175183296204,0.7088017463684082,,0.9642311334609985,,0.6948992609977722,,0.9630745649337769,,,,4233,,,,
57,,,,,,,,,,,0.1313094049692154,1.9425299167633057,4233,0.9773280620574951,,0.9982163906097412,
58,,,,,,,,,,,,,4249,,1.0539382696151733,,1.0669136047363281
58,,,,,,,,,,,,,4299,,1.079727292060852,,1.1319007873535156
,,,,0.0911458358168602,,0.953125,,0.1071428582072258,,0.9296875,,,1798,,,,
,,,,0.0982142835855484,,0.921875,,0.0881696417927742,,0.9140625,,,1799,,,,
,,,,0.0947265625,,0.953125,,0.0970982164144516,,0.90625,,,1800,,,,
,,,,0.17933332920074463,,1.0,,0.1783333420753479,,0.9919999837875366,,,1801,,,,
,,,,0.0850694477558136,,0.96875,,0.07343749701976776,,0.9609375,,,1802,,,,
,,,,0.095703125,,0.984375,,0.0833333358168602,,0.984375,,,1803,,,,
,,,,0.18233081698417664,,0.9598997235298157,,0.12907269597053528,,0.9824561476707458,,,1804,,,,
,,,,0.1103515625,,0.9921875,,0.1005859375,,0.96875,,,1805,,,,
,,,,0.14389632642269135,,0.9956521987915039,,0.12389446794986725,,0.9826086759567261,,,1806,,,,
,,,,0.03046875074505806,,0.984375,,0.04374999925494194,,0.984375,,,1807,,,,
,,,,0.0425347238779068,,0.9765625,,0.04453124850988388,,0.984375,,,1808,,,,
,,,,0.1250971257686615,,0.9871795177459717,,0.13022533059120178,,0.9459984302520752,,,1809,,,,
,,,,0.0920138880610466,,0.9921875,,0.07734374701976776,,0.96875,,,1810,,,,
,,,,0.0947265625,,0.9921875,,0.0908203125,,0.9765625,,,1811,,,,
,,,,0.0986328125,,0.9609375,,0.0927734375,,0.953125,,,1812,,,,
,,,,0.14216095209121704,,0.915413498878479,,0.14814814925193787,,0.9511277675628662,,,1813,,,,
,,,,0.0850694477558136,,0.96875,,0.0850694477558136,,0.96875,,,1814,,,,
,,,,0.07890625298023224,,0.9921875,,0.08046875149011612,,0.9921875,,,1815,,,,
,,,,0.18198005855083466,,1.0,,0.20633012056350708,,0.9695512652397156,,,1816,,,,
,,,,0.0998263880610466,,1.0,,0.1123046875,,0.9765625,,,1817,,,,
,,,,0.1127232164144516,,0.984375,,0.091796875,,0.96875,,,1818,,,,
,,,,0.15269070863723755,,0.9494949579238892,,0.13974998891353607,,0.9646464586257935,,,1819,,,,
,,,,0.056640625,,0.9453125,,0.0673828125,,0.9375,,,1820,,,,
,,,,0.0451388880610466,,0.9140625,,0.060546875,,0.9375,,,1821,,,,
,,,,0.09531249850988388,,0.890625,,0.10468749701976776,,0.921875,,,1822,,,,
,,,,0.06015624850988388,,0.90625,,0.0810546875,,0.90625,,,1823,,,,
,,,,0.0633680522441864,,0.9375,,0.0694444477558136,,0.921875,,,1824,,,,
,,,,0.15250150859355927,,0.9148798584938049,,0.14182381331920624,,0.9338672161102295,,,1825,,,,
,,,,0.091796875,,0.9609375,,0.0850694477558136,,0.9453125,,,1826,,,,
,,,,0.0798611119389534,,0.9140625,,0.08984375,,0.9453125,,,1827,,,,
,,,,0.0882352963089943,,0.929411768913269,,0.0882352963089943,,0.9647058844566345,,,1828,,,,
58,0.6765286922454834,0.6748156547546387,0.6864849328994751,,0.9613200426101685,,0.6826489567756653,,0.9564111232757568,,,,4306,,,,
58,,,,,,,,,,,0.12905433773994446,1.938610315322876,4306,0.965854287147522,,0.9928500056266785,
59,,,,,,,,,,,,,4349,,0.838767409324646,,0.8970887660980225
,,,,0.107421875,,0.953125,,0.1205357164144516,,0.9453125,,,1829,,,,
,,,,0.08984375,,0.9375,,0.0807291641831398,,0.96875,,,1830,,,,
,,,,0.0927734375,,0.9765625,,0.0947265625,,0.9765625,,,1831,,,,
,,,,0.16385185718536377,,1.0,,0.12906667590141296,,0.972000002861023,,,1832,,,,
,,,,0.10546875,,0.96875,,0.06875000149011612,,0.9375,,,1833,,,,
,,,,0.08437500149011612,,0.9765625,,0.06875000149011612,,0.96875,,,1834,,,,
,,,,0.14335840940475464,,0.9736841917037964,,0.11566416919231415,,0.9467418193817139,,,1835,,,,
,,,,0.0928819477558136,,0.984375,,0.0902777761220932,,0.9765625,,,1836,,,,
,,,,0.13065774738788605,,0.9826086759567261,,0.12528428435325623,,0.9826086759567261,,,1837,,,,
,,,,0.03593749925494194,,0.953125,,0.04531250149011612,,0.9765625,,,1838,,,,
,,,,0.03828125074505806,,0.953125,,0.05156249925494194,,0.984375,,,1839,,,,
,,,,0.13620823621749878,,0.9786324501037598,,0.1331002414226532,,0.9871795177459717,,,1840,,,,
,,,,0.1272321492433548,,0.9921875,,0.0894097238779068,,0.9765625,,,1841,,,,
,,,,0.09375,,1.0,,0.0859375,,0.984375,,,1842,,,,
,,,,0.0954861119389534,,0.9765625,,0.08124999701976776,,0.9609375,,,1843,,,,
,,,,0.17613479495048523,,0.9736841917037964,,0.15845167636871338,,0.9561403393745422,,,1844,,,,
,,,,0.06406249850988388,,0.90625,,0.06093750149011612,,0.921875,,,1845,,,,
,,,,0.06718750298023224,,0.9765625,,0.06718750298023224,,0.953125,,,1846,,,,
,,,,0.14358974993228912,,0.9695512652397156,,0.16631054878234863,,0.9599359035491943,,,1847,,,,
,,,,0.109375,,0.9921875,,0.08828125149011612,,0.96875,,,1848,,,,
,,,,0.109375,,0.96875,,0.109375,,0.9453125,,,1849,,,,
,,,,0.15795889496803284,,0.9423545598983765,,0.16048415005207062,,0.9797979593276978,,,1850,,,,
,,,,0.0763888880610466,,0.9453125,,0.087890625,,0.96875,,,1851,,,,
,,,,0.05781250074505806,,0.8984375,,0.078125,,0.9765625,,,1852,,,,
,,,,0.1328125,,0.9609375,,0.13593749701976776,,0.96875,,,1853,,,,
,,,,0.0833333358168602,,0.9765625,,0.0789930522441864,,0.96875,,,1854,,,,
,,,,0.095703125,,0.9921875,,0.091796875,,0.96875,,,1855,,,,
,,,,0.16343751549720764,,0.9897959232330322,,0.1691495180130005,,0.9669336080551147,,,1856,,,,
,,,,0.078125,,0.9765625,,0.095703125,,0.9921875,,,1857,,,,
,,,,0.0815972238779068,,0.9609375,,0.0876736119389534,,0.984375,,,1858,,,,
,,,,0.0784313753247261,,0.9764705896377563,,0.09117647260427475,,0.9764705896377563,,,1859,,,,
59,0.701475977897644,0.7027748823165894,0.7195451259613037,,0.965752363204956,,0.7077512741088867,,0.9651304483413696,,,,4379,,,,
59,,,,,,,,,,,0.1294887512922287,1.9235873222351074,4379,0.9638179540634155,,0.9893232583999634,
60,,,,,,,,,,,,,4399,,0.9070639610290527,,0.9032989144325256
60,,,,,,,,,,,,,4449,,0.8897614479064941,,0.9014137983322144
,,,,0.1283482164144516,,0.9765625,,0.1380208283662796,,0.96875,,,1860,,,,
,,,,0.099609375,,0.96875,,0.0908203125,,0.9765625,,,1861,,,,
,,,,0.1328125,,0.984375,,0.0966796875,,0.9921875,,,1862,,,,
,,,,0.19111111760139465,,0.9959999918937683,,0.16633333265781403,,0.9639999866485596,,,1863,,,,
,,,,0.09375,,0.9609375,,0.0789930522441864,,0.9453125,,,1864,,,,
,,,,0.087890625,,0.984375,,0.078125,,0.9453125,,,1865,,,,
,,,,0.12380953133106232,,0.9423558712005615,,0.12293233722448349,,0.9291980266571045,,,1866,,,,
,,,,0.0911458358168602,,0.96875,,0.1015625,,0.9609375,,,1867,,,,
,,,,0.12949833273887634,,0.9739130735397339,,0.1277592033147812,,0.9652173519134521,,,1868,,,,
,,,,0.04374999925494194,,0.9765625,,0.04765624925494194,,0.96875,,,1869,,,,
,,,,0.05156249925494194,,0.984375,,0.05312500149011612,,0.9765625,,,1870,,,,
,,,,0.1439005434513092,,0.9871795177459717,,0.13962703943252563,,0.9914529919624329,,,1871,,,,
,,,,0.1103515625,,0.9921875,,0.125,,0.984375,,,1872,,,,
,,,,0.0989583358168602,,1.0,,0.109375,,0.9921875,,,1873,,,,
,,,,0.1123046875,,0.9765625,,0.0963541641831398,,0.9921875,,,1874,,,,
,,,,0.20927318930625916,,0.969298243522644,,0.18894457817077637,,0.9780701398849487,,,1875,,,,
,,,,0.06093750149011612,,0.9140625,,0.06484375149011612,,0.90625,,,1876,,,,
,,,,0.1026785746216774,,0.9609375,,0.0947265625,,0.96875,,,1877,,,,
,,,,0.16702279448509216,,0.9455127716064453,,0.16488604247570038,,0.9407051205635071,,,1878,,,,
,,,,0.08124999701976776,,0.953125,,0.08124999701976776,,0.9765625,,,1879,,,,
,,,,0.0651041641831398,,0.9140625,,0.080078125,,0.9453125,,,1880,,,,
,,,,0.1410658359527588,,0.9453152418136597,,0.16605712473392487,,0.9696969985961914,,,1881,,,,
,,,,0.0772569477558136,,0.9453125,,0.0746527761220932,,0.953125,,,1882,,,,
,,,,0.06640625,,0.9296875,,0.06328125298023224,,0.9375,,,1883,,,,
,,,,0.12187500298023224,,0.9609375,,0.1171875,,0.953125,,,1884,,,,
,,,,0.06718750298023224,,0.921875,,0.06640625,,0.9453125,,,1885,,,,
,,,,0.0703125,,0.9453125,,0.0810546875,,0.9453125,,,1886,,,,
,,,,0.15984958410263062,,0.9771376848220825,,0.1635236293077469,,0.9834668040275574,,,1887,,,,
,,,,0.095703125,,0.9921875,,0.0842013880610466,,0.9765625,,,1888,,,,
,,,,0.0920138880610466,,0.9921875,,0.0868055522441864,,0.984375,,,1889,,,,
,,,,0.09558823704719543,,0.9764705896377563,,0.08970588445663452,,0.9647058844566345,,,1890,,,,
60,0.6986433863639832,0.693614661693573,0.7162365317344666,,0.963346004486084,,0.7056108713150024,,0.9601457118988037,,,,4452,,,,
60,,,,,,,,,,,0.1267724335193634,1.905112862586975,4452,0.9377853274345398,,0.9615739583969116,
61,,,,,,,,,,,,,4499,,1.1008195877075195,,1.1381381750106812
,,,,0.1005859375,,0.953125,,0.1082589253783226,,0.96875,,,1891,,,,
,,,,0.0755208358168602,,0.9375,,0.0798611119389534,,0.96875,,,1892,,,,
,,,,0.08984375,,0.953125,,0.09375,,0.984375,,,1893,,,,
,,,,0.17955556511878967,,0.9880000352859497,,0.1599999964237213,,0.9839999675750732,,,1894,,,,
,,,,0.0755208358168602,,0.9296875,,0.07265625149011612,,0.9375,,,1895,,,,
,,,,0.0755208358168602,,0.96875,,0.0798611119389534,,0.9765625,,,1896,,,,
,,,,0.12832079827785492,,0.9335839748382568,,0.12832079827785492,,0.9736841917037964,,,1897,,,,
,,,,0.0842013880610466,,0.9453125,,0.0824652761220932,,0.953125,,,1898,,,,
,,,,0.11397993564605713,,0.969565212726593,,0.11484949290752411,,0.9180601835250854,,,1899,,,,
,,,,0.04531250149011612,,0.96875,,0.04531250149011612,,0.984375,,,1900,,,,
,,,,0.046875,,0.9765625,,0.04531250149011612,,0.984375,,,1901,,,,
,,,,0.13535353541374207,,0.9871795177459717,,0.13962703943252563,,0.9829059839248657,,,1902,,,,
,,,,0.1536458283662796,,1.0,,0.1261160671710968,,0.9921875,,,1903,,,,
,,,,0.115234375,,0.9921875,,0.125,,0.9921875,,,1904,,,,
,,,,0.11328125,,0.9921875,,0.1123046875,,0.9765625,,,1905,,,,
,,,,0.17822332680225372,,0.9649122953414917,,0.18309661746025085,,0.9868420958518982,,,1906,,,,
,,,,0.06093750149011612,,0.875,,0.05937499925494194,,0.9453125,,,1907,,,,
,,,,0.06875000149011612,,0.9375,,0.07187499850988388,,0.984375,,,1908,,,,
,,,,0.16987180709838867,,0.9342948794364929,,0.1899038553237915,,0.990384578704834,,,1909,,,,
,,,,0.1419270783662796,,0.984375,,0.1238839253783226,,0.9921875,,,1910,,,,
,,,,0.0763888880610466,,0.953125,,0.07109375298023224,,0.9609375,,,1911,,,,
,,,,0.1489221751689911,,0.994949460029602,,0.1736328899860382,,0.9797979593276978,,,1912,,,,
,,,,0.0807291641831398,,0.953125,,0.0772569477558136,,0.9609375,,,1913,,,,
,,,,0.083984375,,0.9140625,,0.0830078125,,0.953125,,,1914,,,,
,,,,0.12656250596046448,,0.96875,,0.125,,0.9765625,,,1915,,,,
,,,,0.06718750298023224,,0.96875,,0.06953124701976776,,0.9765625,,,1916,,,,
,,,,0.0763888880610466,,0.9609375,,0.07187499850988388,,0.96875,,,1917,,,,
,,,,0.1745457649230957,,0.9771376848220825,,0.1530095636844635,,0.9834668040275574,,,1918,,,,
,,,,0.0902777761220932,,0.9921875,,0.07500000298023224,,0.96875,,,1919,,,,
,,,,0.1005859375,,0.984375,,0.0868055522441864,,0.9609375,,,1920,,,,
,,,,0.1109243705868721,,0.9882352948188782,,0.08970588445663452,,0.9529411792755127,,,1921,,,,
61,0.6967213153839111,0.698704719543457,0.7051198482513428,,0.9602813720703125,,0.7042614221572876,,0.9688971042633057,,,,4525,,,,
61,,,,,,,,,,,0.12912100553512573,1.9162697792053223,4525,0.9469062089920044,,0.9752534031867981,
62,,,,,,,,,,,,,4549,,0.9715301990509033,,0.9087761640548706
,,,,0.0966796875,,0.9453125,,0.0850694477558136,,0.9296875,,,1922,,,,
,,,,0.083984375,,0.9375,,0.076171875,,0.9375,,,1923,,,,
,,,,0.0970982164144516,,0.9375,,0.0982142835855484,,0.953125,,,1924,,,,
,,,,0.15674073994159698,,0.9959999918937683,,0.17933332920074463,,0.9919999837875366,,,1925,,,,
,,,,0.0876736119389534,,0.953125,,0.1015625,,0.96875,,,1926,,,,
,,,,0.0966796875,,0.984375,,0.0842013880610466,,0.984375,,,1927,,,,
,,,,0.13634085655212402,,0.9379699230194092,,0.14564189314842224,,0.9736841917037964,,,1928,,,,
,,,,0.0947265625,,0.9609375,,0.0824652761220932,,0.9453125,,,1929,,,,
,,,,0.1256781816482544,,0.9739130735397339,,0.11713117361068726,,0.9652173519134521,,,1930,,,,
,,,,0.046875,,0.9921875,,0.04765624925494194,,0.9765625,,,1931,,,,
,,,,0.0581597238779068,,0.9921875,,0.05078125,,0.984375,,,1932,,,,
,,,,0.15073814988136292,,0.995726466178894,,0.1439005434513092,,0.9459984302520752,,,1933,,,,
,,,,0.1283482164144516,,0.9765625,,0.1272321492433548,,0.96875,,,1934,,,,
,,,,0.1216517835855484,,0.9765625,,0.1238839253783226,,0.9921875,,,1935,,,,
,,,,0.0972222238779068,,0.984375,,0.0989583358168602,,0.984375,,,1936,,,,
,,,,0.18309661746025085,,0.9912281036376953,,0.2070802003145218,,0.9780701398849487,,,1937,,,,
,,,,0.05859375,,0.953125,,0.0677083358168602,,0.9375,,,1938,,,,
,,,,0.0763888880610466,,0.9765625,,0.06953124701976776,,0.96875,,,1939,,,,
,,,,0.17094017565250397,,0.9743589758872986,,0.15527065098285675,,0.9551281929016113,,,1940,,,,
,,,,0.1484375,,0.984375,,0.1380208283662796,,0.96875,,,1941,,,,
,,,,0.1082589253783226,,0.9765625,,0.0791015625,,0.96875,,,1942,,,,
,,,,0.16060993075370789,,0.9625566005706787,,0.1617322564125061,,0.9848484992980957,,,1943,,,,
,,,,0.1005859375,,0.9609375,,0.0986328125,,0.96875,,,1944,,,,
,,,,0.0833333358168602,,0.9140625,,0.0815972238779068,,0.96875,,,1945,,,,
,,,,0.15625,,0.9375,,0.1475694477558136,,0.9453125,,,1946,,,,
,,,,0.06484375149011612,,0.9375,,0.06796874850988388,,0.9375,,,1947,,,,
,,,,0.0720486119389534,,0.9453125,,0.0711805522441864,,0.96875,,,1948,,,,
,,,,0.1635236293077469,,0.9581503868103027,,0.16125606000423431,,0.9771376848220825,,,1949,,,,
,,,,0.09765625,,0.984375,,0.09765625,,0.9921875,,,1950,,,,
,,,,0.1160714253783226,,0.9609375,,0.1127232164144516,,0.96875,,,1951,,,,
,,,,0.09558823704719543,,0.9764705896377563,,0.08104575425386429,,0.9764705896377563,,,1952,,,,
62,0.6976351737976074,0.6933096647262573,0.7249072194099426,,0.9648539423942566,,0.7098157405853271,,0.9645415544509888,,,,4598,,,,
62,,,,,,,,,,,0.12878279387950897,1.9145172834396362,4598,0.9518868327140808,,0.9735335111618042,
63,,,,,,,,,,,,,4599,,0.7624155879020691,,0.7611699104309082
63,,,,,,,,,,,,,4649,,1.049719214439392,,1.05241060256958
,,,,0.1171875,,0.96875,,0.1149553582072258,,0.96875,,,1953,,,,
,,,,0.1004464253783226,,0.9609375,,0.0970982164144516,,0.96875,,,1954,,,,
,,,,0.1071428582072258,,0.953125,,0.109375,,0.9609375,,,1955,,,,
,,,,0.19499999284744263,,0.9559999704360962,,0.20100000500679016,,0.9679999947547913,,,1956,,,,
,,,,0.06015624850988388,,0.921875,,0.06406249850988388,,0.953125,,,1957,,,,
,,,,0.0642361119389534,,0.9453125,,0.06093750149011612,,0.953125,,,1958,,,,
,,,,0.10426065325737,,0.9291980266571045,,0.1274436116218567,,0.9335839748382568,,,1959,,,,
,,,,0.087890625,,0.9609375,,0.0772569477558136,,0.9453125,,,1960,,,,
,,,,0.13519138097763062,,0.97826087474823,,0.12664437294006348,,0.969565212726593,,,1961,,,,
,,,,0.05312500149011612,,0.9921875,,0.05078125,,0.9921875,,,1962,,,,
,,,,0.05312500149011612,,0.984375,,0.05624999850988388,,0.96875,,,1963,,,,
,,,,0.14646464586257935,,0.995726466178894,,0.14219114184379578,,0.9871795177459717,,,1964,,,,
,,,,0.0920138880610466,,0.9921875,,0.109375,,0.9921875,,,1965,,,,
,,,,0.0911458358168602,,0.9921875,,0.1064453125,,1.0,,,1966,,,,
,,,,0.107421875,,0.9765625,,0.0989583358168602,,0.9765625,,,1967,,,,
,,,,0.27882206439971924,,0.9912281036376953,,0.19298246502876282,,0.9824561476707458,,,1968,,,,
,,,,0.06718750298023224,,0.984375,,0.06328125298023224,,0.921875,,,1969,,,,
,,,,0.07734374701976776,,0.9921875,,0.07265625149011612,,0.96875,,,1970,,,,
,,,,0.22664834558963776,,0.9807692170143127,,0.21291208267211914,,0.9599359035491943,,,1971,,,,
,,,,0.099609375,,0.9609375,,0.1044921875,,0.96875,,,1972,,,,
,,,,0.0677083358168602,,0.953125,,0.08203125,,0.953125,,,1973,,,,
,,,,0.1796412467956543,,0.9503657817840576,,0.17132532596588135,,0.9747474789619446,,,1974,,,,
,,,,0.0894097238779068,,0.96875,,0.0815972238779068,,0.9609375,,,1975,,,,
,,,,0.099609375,,0.9453125,,0.0888671875,,0.953125,,,1976,,,,
,,,,0.1736111044883728,,0.9609375,,0.15000000596046448,,0.96875,,,1977,,,,
,,,,0.0842013880610466,,0.9609375,,0.07656250149011612,,0.9609375,,,1978,,,,
,,,,0.0798611119389534,,0.984375,,0.0850694477558136,,0.96875,,,1979,,,,
,,,,0.19468483328819275,,0.9873417615890503,,0.1775883287191391,,0.9771376848220825,,,1980,,,,
,,,,0.0876736119389534,,0.9921875,,0.0833333358168602,,0.984375,,,1981,,,,
,,,,0.0833333358168602,,0.96875,,0.07187499850988388,,0.96875,,,1982,,,,
,,,,0.10588235408067703,,0.9764705896377563,,0.09915966540575027,,0.9764705896377563,,,1983,,,,
63,0.7040321826934814,0.7027679085731506,0.7147747278213501,,0.9672212600708008,,0.7103149890899658,,0.9641083478927612,,,,4671,,,,
63,,,,,,,,,,,0.12732256948947906,1.8969926834106445,4671,0.9332162737846375,,0.9595644474029541,
64,,,,,,,,,,,,,4699,,0.9858566522598267,,0.9909673929214478
,,,,0.07343749701976776,,0.9296875,,0.07421875,,0.921875,,,1984,,,,
,,,,0.05546874925494194,,0.8984375,,0.0633680522441864,,0.9453125,,,1985,,,,
,,,,0.08203125,,0.8984375,,0.087890625,,0.9375,,,1986,,,,
,,,,0.16651852428913116,,1.0,,0.18160000443458557,,0.9880000352859497,,,1987,,,,
,,,,0.109375,,0.984375,,0.0911458358168602,,0.9765625,,,1988,,,,
,,,,0.0946180522441864,,0.984375,,0.09375,,0.984375,,,1989,,,,
,,,,0.156502366065979,,0.9335839748382568,,0.15051516890525818,,0.9335839748382568,,,1990,,,,
,,,,0.0824652761220932,,0.9765625,,0.0824652761220932,,0.9453125,,,1991,,,,
,,,,0.12761054933071136,,0.969565212726593,,0.1361575722694397,,0.960869550704956,,,1992,,,,
,,,,0.0381944440305233,,0.9375,,0.04062499850988388,,0.984375,,,1993,,,,
,,,,0.03750000149011612,,0.9765625,,0.05000000074505806,,0.984375,,,1994,,,,
,,,,0.12338772416114807,,0.9914529919624329,,0.13620823621749878,,0.941724956035614,,,1995,,,,
,,,,0.0850694477558136,,0.984375,,0.1160714253783226,,0.9921875,,,1996,,,,
,,,,0.07890625298023224,,0.96875,,0.1015625,,1.0,,,1997,,,,
,,,,0.0859375,,0.9765625,,0.1025390625,,0.9921875,,,1998,,,,
,,,,0.20034462213516235,,0.9736841917037964,,0.19063282012939453,,0.9473683834075928,,,1999,,,,
,,,,0.0677083358168602,,0.9453125,,0.0581597238779068,,0.8828125,,,2000,,,,
,,,,0.07109375298023224,,0.96875,,0.06406249850988388,,0.9453125,,,2001,,,,
,,,,0.20873397588729858,,0.995192289352417,,0.1705840528011322,,0.9535256624221802,,,2002,,,,
,,,,0.1339285671710968,,1.0,,0.1294642835855484,,1.0,,,2003,,,,
,,,,0.1272321492433548,,0.984375,,0.1205357164144516,,0.96875,,,2004,,,,
,,,,0.16312551498413086,,0.994949460029602,,0.1548047512769699,,0.9898989796638489,,,2005,,,,
,,,,0.0798611119389534,,0.96875,,0.0763888880610466,,0.96875,,,2006,,,,
,,,,0.078125,,0.9296875,,0.0737847238779068,,0.9375,,,2007,,,,
,,,,0.1475694477558136,,0.96875,,0.1354166716337204,,0.953125,,,2008,,,,
,,,,0.06796874850988388,,0.9453125,,0.06718750298023224,,0.9375,,,2009,,,,
,,,,0.0737847238779068,,0.96875,,0.06640625,,0.953125,,,2010,,,,
,,,,0.1677430421113968,,0.9644794464111328,,0.14892792701721191,,0.9338672161102295,,,2011,,,,
,,,,0.0928819477558136,,0.9921875,,0.0947265625,,0.9765625,,,2012,,,,
,,,,0.0868055522441864,,0.9765625,,0.07734374701976776,,0.9609375,,,2013,,,,
,,,,0.10000000149011612,,0.9882352948188782,,0.0752941220998764,,0.9529411792755127,,,2014,,,,
64,0.6959449052810669,0.6963807344436646,0.7069445848464966,,0.9646563529968262,,0.6991910934448242,,0.9584146738052368,,,,4744,,,,
64,,,,,,,,,,,0.128033846616745,1.8889528512954712,4744,0.9300665855407715,,0.9613462686538696,
65,,,,,,,,,,,,,4749,,0.9451290369033813,,0.8966610431671143
65,,,,,,,,,,,,,4799,,1.0121312141418457,,0.9965434670448303
,,,,0.1025390625,,0.9609375,,0.0947265625,,0.9375,,,2015,,,,
,,,,0.08984375,,0.953125,,0.078125,,0.9765625,,,2016,,,,
,,,,0.0986328125,,0.96875,,0.0833333358168602,,0.9609375,,,2017,,,,
,,,,0.21299999952316284,,0.9880000352859497,,0.20100000500679016,,0.972000002861023,,,2018,,,,
,,,,0.07265625149011612,,0.9453125,,0.0720486119389534,,0.9453125,,,2019,,,,
,,,,0.0833333358168602,,0.9765625,,0.0755208358168602,,0.96875,,,2020,,,,
,,,,0.1167919784784317,,0.969298243522644,,0.13074353337287903,,0.9423558712005615,,,2021,,,,
,,,,0.09375,,0.96875,,0.0927734375,,0.96875,,,2022,,,,
,,,,0.11616499722003937,,0.97826087474823,,0.10568562150001526,,0.969565212726593,,,2023,,,,
,,,,0.04062499850988388,,0.953125,,0.05156249925494194,,0.9375,,,2024,,,,
,,,,0.04062499850988388,,0.984375,,0.0546875,,0.984375,,,2025,,,,
,,,,0.1418803483247757,,0.9658119678497314,,0.14475524425506592,,0.9871795177459717,,,2026,,,,
,,,,0.1272321492433548,,1.0,,0.1238839253783226,,0.984375,,,2027,,,,
,,,,0.0963541641831398,,1.0,,0.08515624701976776,,0.9921875,,,2028,,,,
,,,,0.1305803507566452,,0.984375,,0.0989583358168602,,0.96875,,,2029,,,,
,,,,0.16491228342056274,,0.9824561476707458,,0.1535087674856186,,0.9824561476707458,,,2030,,,,
,,,,0.04921875149011612,,0.9453125,,0.04374999925494194,,0.890625,,,2031,,,,
,,,,0.06093750149011612,,0.984375,,0.0546875,,0.9453125,,,2032,,,,
,,,,0.19190704822540283,,1.0,,0.16595441102981567,,0.995192289352417,,,2033,,,,
,,,,0.1216517835855484,,0.9921875,,0.125,,0.9765625,,,2034,,,,
,,,,0.0888671875,,0.9765625,,0.109375,,0.96875,,,2035,,,,
,,,,0.2200825959444046,,0.9726575613021851,,0.21863959729671478,,0.9797979593276978,,,2036,,,,
,,,,0.09765625,,0.9765625,,0.09375,,0.9765625,,,2037,,,,
,,,,0.0894097238779068,,0.953125,,0.0868055522441864,,0.9453125,,,2038,,,,
,,,,0.171875,,0.9609375,,0.15312500298023224,,0.9609375,,,2039,,,,
,,,,0.07109375298023224,,0.9609375,,0.06953124701976776,,0.9296875,,,2040,,,,
,,,,0.07578124850988388,,0.9765625,,0.0842013880610466,,0.953125,,,2041,,,,
,,,,0.16375327110290527,,0.9669336080551147,,0.14766210317611694,,0.9771376848220825,,,2042,,,,
,,,,0.0815972238779068,,0.9765625,,0.0947265625,,0.984375,,,2043,,,,
,,,,0.07109375298023224,,0.9296875,,0.07265625149011612,,0.9609375,,,2044,,,,
,,,,0.07450980693101883,,0.929411768913269,,0.0784313753247261,,0.9529411792755127,,,2045,,,,
65,0.6901960372924805,0.6822536587715149,0.7096426486968994,,0.9676551818847656,,0.6986051797866821,,0.9611965417861938,,,,4817,,,,
65,,,,,,,,,,,0.12561748921871185,1.8912270069122314,4817,0.9331009984016418,,0.9565819501876831,
66,,,,,,,,,,,,,4849,,1.1268059015274048,,1.1477649211883545
,,,,0.0908203125,,0.9296875,,0.09375,,0.8984375,,,2046,,,,
,,,,0.0633680522441864,,0.9296875,,0.0673828125,,0.921875,,,2047,,,,
,,,,0.0869140625,,0.90625,,0.0720486119389534,,0.8828125,,,2048,,,,
,,,,0.21599999070167542,,0.9919999837875366,,0.22100000083446503,,0.9919999837875366,,,2049,,,,
,,,,0.0868055522441864,,0.9609375,,0.1015625,,0.984375,,,2050,,,,
,,,,0.0859375,,0.984375,,0.1183035746216774,,0.984375,,,2051,,,,
,,,,0.12085770070552826,,0.9379699230194092,,0.10902255773544312,,0.9736841917037964,,,2052,,,,
,,,,0.0824652761220932,,0.9765625,,0.0772569477558136,,0.96875,,,2053,,,,
,,,,0.10940171778202057,,0.9869564771652222,,0.15192309021949768,,0.9739130735397339,,,2054,,,,
,,,,0.0451388880610466,,0.9375,,0.0555555559694767,,0.984375,,,2055,,,,
,,,,0.04453124850988388,,0.9921875,,0.05078125,,0.9921875,,,2056,,,,
,,,,0.13535353541374207,,0.9502719640731812,,0.1490287482738495,,0.9545454978942871,,,2057,,,,
,,,,0.0911458358168602,,0.984375,,0.0894097238779068,,0.953125,,,2058,,,,
,,,,0.1064453125,,1.0,,0.0876736119389534,,1.0,,,2059,,,,
,,,,0.1064453125,,0.9765625,,0.1194196417927742,,0.9765625,,,2060,,,,
,,,,0.16040098667144775,,0.969298243522644,,0.13185742497444153,,0.9429824352264404,,,2061,,,,
,,,,0.05234374850988388,,0.8671875,,0.046875,,0.8671875,,,2062,,,,
,,,,0.06484375149011612,,0.9296875,,0.05859375,,0.921875,,,2063,,,,
,,,,0.19070512056350708,,0.9695512652397156,,0.18068909645080566,,0.9439102411270142,,,2064,,,,
,,,,0.14453125,,0.984375,,0.14453125,,0.984375,,,2065,,,,
,,,,0.0876736119389534,,0.9765625,,0.0763888880610466,,0.953125,,,2066,,,,
,,,,0.15995201468467712,,0.9726575613021851,,0.2093844711780548,,0.9625566005706787,,,2067,,,,
,,,,0.0850694477558136,,0.9609375,,0.0868055522441864,,0.96875,,,2068,,,,
,,,,0.0833333358168602,,0.9453125,,0.0859375,,0.9453125,,,2069,,,,
,,,,0.1684027761220932,,0.9609375,,0.171875,,0.96875,,,2070,,,,
,,,,0.078125,,0.9765625,,0.07343749701976776,,0.9765625,,,2071,,,,
,,,,0.0868055522441864,,0.9765625,,0.0807291641831398,,0.953125,,,2072,,,,
,,,,0.17931054532527924,,0.9897959232330322,,0.19345775246620178,,0.9834668040275574,,,2073,,,,
,,,,0.1149553582072258,,0.9921875,,0.0986328125,,0.984375,,,2074,,,,
,,,,0.0902777761220932,,0.984375,,0.0894097238779068,,0.9921875,,,2075,,,,
,,,,0.11260504275560379,,0.9882352948188782,,0.08627451211214066,,0.9882352948188782,,,2076,,,,
66,0.6991581916809082,0.693652868270874,0.7091220021247864,,0.9642670750617981,,0.697670578956604,,0.9588782787322998,,,,4890,,,,
66,,,,,,,,,,,0.12445607781410217,1.8823175430297852,4890,0.9151246547698975,,0.9411970376968384,
67,,,,,,,,,,,,,4899,,0.9751467108726501,,1.0003137588500977
67,,,,,,,,,,,,,4949,,0.9030251502990723,,0.9788777232170105
,,,,0.10546875,,0.9609375,,0.1171875,,0.96875,,,2077,,,,
,,,,0.0908203125,,0.9609375,,0.0888671875,,0.96875,,,2078,,,,
,,,,0.099609375,,0.9765625,,0.0986328125,,0.9765625,,,2079,,,,
,,,,0.22200000286102295,,0.9880000352859497,,0.17599999904632568,,0.9800000190734863,,,2080,,,,
,,,,0.0859375,,0.9609375,,0.0833333358168602,,0.96875,,,2081,,,,
,,,,0.09765625,,0.9765625,,0.09765625,,0.96875,,,2082,,,,
,,,,0.13464215397834778,,0.9780701398849487,,0.13965469598770142,,0.9912281036376953,,,2083,,,,
,,,,0.0920138880610466,,0.9765625,,0.0850694477558136,,0.9765625,,,2084,,,,
,,,,0.14002230763435364,,0.9869564771652222,,0.1234113797545433,,0.969565212726593,,,2085,,,,
,,,,0.04609375074505806,,0.96875,,0.04374999925494194,,0.9765625,,,2086,,,,
,,,,0.05937499925494194,,1.0,,0.0651041641831398,,1.0,,,2087,,,,
,,,,0.13822844624519348,,0.941724956035614,,0.1291375458240509,,0.9459984302520752,,,2088,,,,
,,,,0.0876736119389534,,0.9921875,,0.0850694477558136,,0.96875,,,2089,,,,
,,,,0.0807291641831398,,0.984375,,0.078125,,0.9609375,,,2090,,,,
,,,,0.078125,,0.96875,,0.07656250149011612,,0.953125,,,2091,,,,
,,,,0.1557644009590149,,0.9736841917037964,,0.14686717092990875,,0.9511277675628662,,,2092,,,,
,,,,0.06171875074505806,,0.9140625,,0.06328125298023224,,0.9296875,,,2093,,,,
,,,,0.06875000149011612,,0.9921875,,0.07500000298023224,,0.984375,,,2094,,,,
,,,,0.14839744567871094,,0.990384578704834,,0.17877492308616638,,0.9855769276618958,,,2095,,,,
,,,,0.1006944477558136,,0.984375,,0.0972222238779068,,0.953125,,,2096,,,,
,,,,0.099609375,,0.9609375,,0.109375,,0.9609375,,,2097,,,,
,,,,0.16490575671195984,,0.9797979593276978,,0.1498432606458664,,0.9595959186553955,,,2098,,,,
,,,,0.078125,,0.9609375,,0.0755208358168602,,0.953125,,,2099,,,,
,,,,0.07265625149011612,,0.9375,,0.07343749701976776,,0.9453125,,,2100,,,,
,,,,0.14218750596046448,,0.9765625,,0.15625,,0.96875,,,2101,,,,
,,,,0.0815972238779068,,0.9609375,,0.0798611119389534,,0.953125,,,2102,,,,
,,,,0.0947265625,,0.9609375,,0.0807291641831398,,0.9609375,,,2103,,,,
,,,,0.2039201706647873,,0.9834668040275574,,0.20524412393569946,,0.9771376848220825,,,2104,,,,
,,,,0.099609375,,0.984375,,0.0885416641831398,,0.984375,,,2105,,,,
,,,,0.0894097238779068,,0.9609375,,0.0902777761220932,,0.9765625,,,2106,,,,
,,,,0.08104575425386429,,0.9647058844566345,,0.08496732264757156,,0.9647058844566345,,,2107,,,,
67,0.7141156792640686,0.7051483392715454,0.7372769117355347,,0.969760537147522,,0.7263987064361572,,0.9663447141647339,,,,4963,,,,
67,,,,,,,,,,,0.124294713139534,1.8645521402359009,4963,0.9058275818824768,,0.9334803819656372,
68,,,,,,,,,,,,,4999,,0.8243865966796875,,0.9202834367752075
,,,,0.1025390625,,0.96875,,0.0849609375,,0.921875,,,2108,,,,
,,,,0.087890625,,0.953125,,0.0825892835855484,,0.9296875,,,2109,,,,
,,,,0.091796875,,0.9765625,,0.08203125,,0.9453125,,,2110,,,,
,,,,0.20444443821907043,,0.9959999918937683,,0.20000000298023224,,0.9880000352859497,,,2111,,,,
,,,,0.10546875,,0.96875,,0.1015625,,0.96875,,,2112,,,,
,,,,0.10546875,,0.984375,,0.1015625,,0.9765625,,,2113,,,,
,,,,0.14335840940475464,,0.9379699230194092,,0.14172932505607605,,0.9824561476707458,,,2114,,,,
,,,,0.10546875,,0.9609375,,0.0902777761220932,,0.96875,,,2115,,,,
,,,,0.13727238774299622,,0.9739130735397339,,0.1682274341583252,,0.969565212726593,,,2116,,,,
,,,,0.0390625,,0.96875,,0.05312500149011612,,0.984375,,,2117,,,,
,,,,0.05078125,,1.0,,0.06093750149011612,,0.984375,,,2118,,,,
,,,,0.14475524425506592,,0.9914529919624329,,0.1450660526752472,,1.0,,,2119,,,,
,,,,0.15234375,,0.9921875,,0.109375,,0.984375,,,2120,,,,
,,,,0.1261160671710968,,1.0,,0.103515625,,0.9921875,,,2121,,,,
,,,,0.15234375,,0.9765625,,0.1103515625,,0.9765625,,,2122,,,,
,,,,0.2047305703163147,,0.9824561476707458,,0.2366630882024765,,0.9780701398849487,,,2123,,,,
,,,,0.06640625,,0.953125,,0.05859375,,0.9609375,,,2124,,,,
,,,,0.0842013880610466,,0.9765625,,0.087890625,,0.9921875,,,2125,,,,
,,,,0.19150641560554504,,0.9711538553237915,,0.1645299196243286,,0.9358974695205688,,,2126,,,,
,,,,0.0902777761220932,,0.96875,,0.1149553582072258,,0.9609375,,,2127,,,,
,,,,0.0772569477558136,,0.9609375,,0.0810546875,,0.953125,,,2128,,,,
,,,,0.13994349539279938,,0.9696969985961914,,0.14331048727035522,,0.9797979593276978,,,2129,,,,
,,,,0.0849609375,,0.9375,,0.0869140625,,0.9609375,,,2130,,,,
,,,,0.06093750149011612,,0.90625,,0.0737847238779068,,0.9453125,,,2131,,,,
,,,,0.12031249701976776,,0.921875,,0.125,,0.953125,,,2132,,,,
,,,,0.0711805522441864,,0.9453125,,0.0711805522441864,,0.9453125,,,2133,,,,
,,,,0.0746527761220932,,0.953125,,0.0755208358168602,,0.9375,,,2134,,,,
,,,,0.16297827661037445,,0.9810127019882202,,0.1584431231021881,,0.9644794464111328,,,2135,,,,
,,,,0.0986328125,,1.0,,0.0927734375,,0.9921875,,,2136,,,,
,,,,0.0876736119389534,,0.9765625,,0.0868055522441864,,0.96875,,,2137,,,,
,,,,0.0941176488995552,,0.9882352948188782,,0.0882352963089943,,0.9764705896377563,,,2138,,,,
68,0.7114863395690918,0.698420524597168,0.7281904220581055,,0.9664663076400757,,0.7082852125167847,,0.9637463688850403,,,,5036,,,,
68,,,,,,,,,,,0.12706774473190308,1.8684450387954712,5036,0.9206172823905945,,0.9474020004272461,
69,,,,,,,,,,,,,5049,,0.9203124642372131,,0.9398155212402344
69,,,,,,,,,,,,,5099,,0.8670920729637146,,0.8755423426628113
,,,,0.1044921875,,0.9765625,,0.1005859375,,0.9375,,,2139,,,,
,,,,0.1302083283662796,,0.96875,,0.091796875,,0.96875,,,2140,,,,
,,,,0.1171875,,0.9921875,,0.1015625,,0.96875,,,2141,,,,
,,,,0.1487407386302948,,0.9839999675750732,,0.18755555152893066,,0.9880000352859497,,,2142,,,,
,,,,0.095703125,,0.953125,,0.0703125,,0.9609375,,,2143,,,,
,,,,0.08984375,,0.984375,,0.0908203125,,0.96875,,,2144,,,,
,,,,0.11140350997447968,,0.9780701398849487,,0.11942356824874878,,0.9780701398849487,,,2145,,,,
,,,,0.091796875,,0.96875,,0.0798611119389534,,0.953125,,,2146,,,,
,,,,0.15100334584712982,,0.9869564771652222,,0.12277963757514954,,0.969565212726593,,,2147,,,,
,,,,0.0564236119389534,,0.96875,,0.0581597238779068,,0.9765625,,,2148,,,,
,,,,0.06015624850988388,,0.9921875,,0.05624999850988388,,0.984375,,,2149,,,,
,,,,0.1339549422264099,,0.995726466178894,,0.13962703943252563,,0.9459984302520752,,,2150,,,,
,,,,0.111328125,,0.984375,,0.0980902761220932,,0.984375,,,2151,,,,
,,,,0.107421875,,0.984375,,0.08359374850988388,,0.9921875,,,2152,,,,
,,,,0.11328125,,0.953125,,0.111328125,,0.9609375,,,2153,,,,
,,,,0.190476194024086,,0.9605263471603394,,0.22896528244018555,,0.9824561476707458,,,2154,,,,
,,,,0.05234374850988388,,0.859375,,0.06093750149011612,,0.9140625,,,2155,,,,
,,,,0.0625,,0.9296875,,0.06796874850988388,,0.984375,,,2156,,,,
,,,,0.17307692766189575,,0.9695512652397156,,0.16631054878234863,,0.9695512652397156,,,2157,,,,
,,,,0.1484375,,0.9921875,,0.1294642835855484,,0.9609375,,,2158,,,,
,,,,0.0888671875,,0.9765625,,0.091796875,,0.9921875,,,2159,,,,
,,,,0.15287357568740845,,0.977708101272583,,0.1409265100955963,,0.9898989796638489,,,2160,,,,
,,,,0.09765625,,0.9765625,,0.0833333358168602,,0.9609375,,,2161,,,,
,,,,0.07578124850988388,,0.953125,,0.07421875,,0.953125,,,2162,,,,
,,,,0.15781250596046448,,0.984375,,0.14687499403953552,,0.984375,,,2163,,,,
,,,,0.08281250298023224,,1.0,,0.07343749701976776,,0.96875,,,2164,,,,
,,,,0.103515625,,1.0,,0.0815972238779068,,0.9609375,,,2165,,,,
,,,,0.2326456904411316,,0.9834668040275574,,0.17704296112060547,,0.9771376848220825,,,2166,,,,
,,,,0.0966796875,,0.9921875,,0.07890625298023224,,0.984375,,,2167,,,,
,,,,0.07265625149011612,,0.953125,,0.0876736119389534,,0.9765625,,,2168,,,,
,,,,0.07581699639558792,,0.9647058844566345,,0.10924369841814041,,0.9647058844566345,,,2169,,,,
69,0.7230137586593628,0.7191686630249023,0.7358740568161011,,0.9704086184501648,,0.7277151942253113,,0.9685020446777344,,,,5109,,,,
69,,,,,,,,,,,0.12487836182117462,1.8591341972351074,5109,0.898846447467804,,0.9292193055152893,
70,,,,,,,,,,,,,5149,,0.8341582417488098,,0.9047459363937378
,,,,0.11328125,,0.9765625,,0.0927734375,,0.9453125,,,2170,,,,
,,,,0.1205357164144516,,0.984375,,0.0737847238779068,,0.9453125,,,2171,,,,
,,,,0.125,,0.9921875,,0.1026785746216774,,0.9375,,,2172,,,,
,,,,0.20000000298023224,,0.9839999675750732,,0.18666666746139526,,0.9919999837875366,,,2173,,,,
,,,,0.0833333358168602,,0.9375,,0.07578124850988388,,0.953125,,,2174,,,,
,,,,0.0729166641831398,,0.96875,,0.0755208358168602,,0.9765625,,,2175,,,,
,,,,0.12832079827785492,,0.9736841917037964,,0.12919798493385315,,0.9379699230194092,,,2176,,,,
,,,,0.0842013880610466,,0.953125,,0.0755208358168602,,0.9453125,,,2177,,,,
,,,,0.12675586342811584,,0.9869564771652222,,0.10107024013996124,,0.9739130735397339,,,2178,,,,
,,,,0.04374999925494194,,0.9765625,,0.05312500149011612,,0.9765625,,,2179,,,,
,,,,0.04921875149011612,,0.9765625,,0.05937499925494194,,0.984375,,,2180,,,,
,,,,0.1331002414226532,,0.9871795177459717,,0.14560994505882263,,0.9914529919624329,,,2181,,,,
,,,,0.1083984375,,0.984375,,0.10546875,,0.9921875,,,2182,,,,
,,,,0.1283482164144516,,0.9921875,,0.1261160671710968,,0.9921875,,,2183,,,,
,,,,0.125,,0.984375,,0.1261160671710968,,0.9921875,,,2184,,,,
,,,,0.1812865436077118,,0.969298243522644,,0.1812865436077118,,0.969298243522644,,,2185,,,,
,,,,0.04218750074505806,,0.859375,,0.04921875149011612,,0.9140625,,,2186,,,,
,,,,0.05859375,,0.921875,,0.06328125298023224,,0.921875,,,2187,,,,
,,,,0.14230769872665405,,0.9439102411270142,,0.15160256624221802,,0.9439102411270142,,,2188,,,,
,,,,0.17031249403953552,,0.984375,,0.1393229216337204,,0.984375,,,2189,,,,
,,,,0.1004464253783226,,0.9609375,,0.0908203125,,0.984375,,,2190,,,,
,,,,0.15275359153747559,,0.9726575613021851,,0.15434034168720245,,0.9797979593276978,,,2191,,,,
,,,,0.0947265625,,0.96875,,0.091796875,,0.9765625,,,2192,,,,
,,,,0.06953124701976776,,0.953125,,0.0703125,,0.953125,,,2193,,,,
,,,,0.1684027761220932,,0.9609375,,0.13906249403953552,,0.9453125,,,2194,,,,
,,,,0.0876736119389534,,0.96875,,0.07343749701976776,,0.921875,,,2195,,,,
,,,,0.09765625,,0.9765625,,0.07421875,,0.9609375,,,2196,,,,
,,,,0.17250782251358032,,0.9771376848220825,,0.14639627933502197,,0.9771376848220825,,,2197,,,,
,,,,0.087890625,,0.984375,,0.07421875,,0.9765625,,,2198,,,,
,,,,0.0833333358168602,,0.9765625,,0.0833333358168602,,0.984375,,,2199,,,,
,,,,0.08235294371843338,,0.9764705896377563,,0.07581699639558792,,0.9647058844566345,,,2200,,,,
70,0.6949170827865601,0.6913216710090637,0.7131790518760681,,0.9660244584083557,,0.7020219564437866,,0.9625930786132812,,,,5182,,,,
70,,,,,,,,,,,0.12426102161407471,1.853783130645752,5182,0.9093492031097412,,0.9373027086257935,
71,,,,,,,,,,,,,5199,,0.7851424217224121,,0.7752546072006226
71,,,,,,,,,,,,,5249,,0.7924221754074097,,0.8161771297454834
,,,,0.07656250149011612,,0.9140625,,0.0807291641831398,,0.8984375,,,2201,,,,
,,,,0.0771484375,,0.9296875,,0.0703125,,0.9296875,,,2202,,,,
,,,,0.083984375,,0.921875,,0.08203125,,0.9375,,,2203,,,,
,,,,0.18933333456516266,,0.9919999837875366,,0.19644445180892944,,0.9959999918937683,,,2204,,,,
,,,,0.1005859375,,0.9375,,0.1238839253783226,,0.96875,,,2205,,,,
,,,,0.0859375,,0.96875,,0.1015625,,0.984375,,,2206,,,,
,,,,0.1607142835855484,,0.9649122953414917,,0.15260373055934906,,0.9780701398849487,,,2207,,,,
,,,,0.0755208358168602,,0.96875,,0.0824652761220932,,0.9609375,,,2208,,,,
,,,,0.11698253452777863,,0.9739130735397339,,0.12181344628334045,,0.97826087474823,,,2209,,,,
,,,,0.05000000074505806,,0.984375,,0.04921875149011612,,0.9765625,,,2210,,,,
,,,,0.05078125,,0.9765625,,0.05078125,,0.9765625,,,2211,,,,
,,,,0.14250195026397705,,0.9914529919624329,,0.1390831470489502,,0.9914529919624329,,,2212,,,,
,,,,0.1149553582072258,,0.984375,,0.107421875,,0.984375,,,2213,,,,
,,,,0.0894097238779068,,0.984375,,0.0902777761220932,,0.9921875,,,2214,,,,
,,,,0.08203125,,0.96875,,0.0946180522441864,,0.9765625,,,2215,,,,
,,,,0.18468046188354492,,0.9868420958518982,,0.16722360253334045,,0.9824561476707458,,,2216,,,,
,,,,0.07109375298023224,,0.96875,,0.06093750149011612,,0.890625,,,2217,,,,
,,,,0.0868055522441864,,0.9921875,,0.06953124701976776,,0.9765625,,,2218,,,,
,,,,0.1657051295042038,,0.990384578704834,,0.1576923131942749,,0.9855769276618958,,,2219,,,,
,,,,0.1103515625,,0.9921875,,0.107421875,,0.96875,,,2220,,,,
,,,,0.1025390625,,0.96875,,0.0911458358168602,,0.96875,,,2221,,,,
,,,,0.20624347031116486,,0.994949460029602,,0.21694780886173248,,0.9797979593276978,,,2222,,,,
,,,,0.09765625,,0.9765625,,0.0947265625,,0.9765625,,,2223,,,,
,,,,0.1071428582072258,,0.953125,,0.07187499850988388,,0.96875,,,2224,,,,
,,,,0.1736111044883728,,0.984375,,0.1484375,,0.96875,,,2225,,,,
,,,,0.0824652761220932,,0.984375,,0.078125,,0.96875,,,2226,,,,
,,,,0.0842013880610466,,0.9765625,,0.0815972238779068,,0.9296875,,,2227,,,,
,,,,0.18579751253128052,,0.9936708807945251,,0.1829845905303955,,0.9873417615890503,,,2228,,,,
,,,,0.1064453125,,0.9921875,,0.08046875149011612,,0.9921875,,,2229,,,,
,,,,0.10546875,,0.9921875,,0.08046875149011612,,0.9765625,,,2230,,,,
,,,,0.11932773143053055,,0.9764705896377563,,0.10000000149011612,,0.9764705896377563,,,2231,,,,
71,0.722609281539917,0.7081419229507446,0.7382124662399292,,0.9706690311431885,,0.7290743589401245,,0.9656752347946167,,,,5255,,,,
71,,,,,,,,,,,0.12183790653944016,1.842639684677124,5255,0.88779217004776,,0.9190402030944824,
72,,,,,,,,,,,,,5299,,0.9506194591522217,,0.8774005174636841
,,,,0.1071428582072258,,0.953125,,0.1049107164144516,,0.953125,,,2232,,,,
,,,,0.0810546875,,0.9609375,,0.0848214253783226,,0.953125,,,2233,,,,
,,,,0.0970982164144516,,0.9609375,,0.083984375,,0.96875,,,2234,,,,
,,,,0.18833333253860474,,0.9959999918937683,,0.18433333933353424,,0.9959999918937683,,,2235,,,,
,,,,0.0972222238779068,,0.9765625,,0.1272321492433548,,0.984375,,,2236,,,,
,,,,0.1064453125,,0.984375,,0.1194196417927742,,0.984375,,,2237,,,,
,,,,0.11942356824874878,,0.9473683834075928,,0.12919798493385315,,0.9649122953414917,,,2238,,,,
,,,,0.07500000298023224,,0.953125,,0.078125,,0.9609375,,,2239,,,,
,,,,0.12857674062252045,,0.9267558455467224,,0.11063544452190399,,0.9521739482879639,,,2240,,,,
,,,,0.03671874850988388,,0.9765625,,0.0477430559694767,,0.9921875,,,2241,,,,
,,,,0.04609375074505806,,0.984375,,0.05078125,,0.984375,,,2242,,,,
,,,,0.13620823621749878,,0.9871795177459717,,0.12882672250270844,,0.995726466178894,,,2243,,,,
,,,,0.0972222238779068,,0.9765625,,0.0963541641831398,,0.96875,,,2244,,,,
,,,,0.1123046875,,0.9921875,,0.0998263880610466,,0.9921875,,,2245,,,,
,,,,0.0989583358168602,,0.9765625,,0.111328125,,0.9765625,,,2246,,,,
,,,,0.24400286376476288,,0.9912281036376953,,0.24042248725891113,,0.9868420958518982,,,2247,,,,
,,,,0.0833333358168602,,0.984375,,0.06093750149011612,,0.96875,,,2248,,,,
,,,,0.0885416641831398,,1.0,,0.07500000298023224,,0.9921875,,,2249,,,,
,,,,0.16057690978050232,,0.9663461446762085,,0.1903044879436493,,0.9615384340286255,,,2250,,,,
,,,,0.0859375,,0.953125,,0.0842013880610466,,0.9296875,,,2251,,,,
,,,,0.06015624850988388,,0.9375,,0.0616319440305233,,0.953125,,,2252,,,,
,,,,0.1409265100955963,,0.9575060606002808,,0.142188161611557,,0.9494949579238892,,,2253,,,,
,,,,0.0815972238779068,,0.9609375,,0.0746527761220932,,0.9296875,,,2254,,,,
,,,,0.0763888880610466,,0.9375,,0.0659722238779068,,0.890625,,,2255,,,,
,,,,0.140625,,0.984375,,0.12968750298023224,,0.9453125,,,2256,,,,
,,,,0.0885416641831398,,0.9765625,,0.09375,,0.9765625,,,2257,,,,
,,,,0.1127232164144516,,0.9765625,,0.0824652761220932,,0.9765625,,,2258,,,,
,,,,0.20708473026752472,,0.9732627272605896,,0.18896925449371338,,0.9771376848220825,,,2259,,,,
,,,,0.1138392835855484,,0.9921875,,0.0876736119389534,,0.984375,,,2260,,,,
,,,,0.0911458358168602,,0.9765625,,0.0911458358168602,,0.9765625,,,2261,,,,
,,,,0.10756302624940872,,0.9647058844566345,,0.09264706075191498,,0.9764705896377563,,,2262,,,,
72,0.7037057876586914,0.7028384208679199,0.7328716516494751,,0.9675145149230957,,0.7103462219238281,,0.9633030891418457,,,,5328,,,,
72,,,,,,,,,,,0.12120488286018372,1.8294627666473389,5328,0.8815746307373047,,0.9107105731964111,
73,,,,,,,,,,,,,5349,,1.0485082864761353,,0.9985603094100952
73,,,,,,,,,,,,,5399,,0.8396608829498291,,0.8669860363006592
,,,,0.08437500149011612,,0.9609375,,0.078125,,0.9140625,,,2263,,,,
,,,,0.0869140625,,0.953125,,0.0830078125,,0.9609375,,,2264,,,,
,,,,0.0815972238779068,,0.9609375,,0.0746527761220932,,0.9453125,,,2265,,,,
,,,,0.21799999475479126,,0.9839999675750732,,0.22100000083446503,,0.9880000352859497,,,2266,,,,
,,,,0.1005859375,,0.953125,,0.0902777761220932,,0.96875,,,2267,,,,
,,,,0.0876736119389534,,0.96875,,0.0946180522441864,,0.953125,,,2268,,,,
,,,,0.13984963297843933,,0.915413498878479,,0.15260373055934906,,0.9736841917037964,,,2269,,,,
,,,,0.1025390625,,0.984375,,0.06953124701976776,,0.9453125,,,2270,,,,
,,,,0.12969157099723816,,0.9956521987915039,,0.11397993564605713,,0.969565212726593,,,2271,,,,
,,,,0.04062499850988388,,0.9375,,0.04218750074505806,,0.9609375,,,2272,,,,
,,,,0.0442708320915699,,0.96875,,0.0494791679084301,,0.9609375,,,2273,,,,
,,,,0.13364413380622864,,0.9374514818191528,,0.14133644104003906,,0.9502719640731812,,,2274,,,,
,,,,0.18437500298023224,,1.0,,0.1006944477558136,,0.9765625,,,2275,,,,
,,,,0.1536458283662796,,0.9921875,,0.1497395783662796,,0.9921875,,,2276,,,,
,,,,0.1549479216337204,,0.96875,,0.115234375,,0.96875,,,2277,,,,
,,,,0.15952381491661072,,0.9824561476707458,,0.18615984916687012,,0.9824561476707458,,,2278,,,,
,,,,0.04843749850988388,,0.8984375,,0.05624999850988388,,0.9453125,,,2279,,,,
,,,,0.06328125298023224,,0.9296875,,0.06875000149011612,,0.984375,,,2280,,,,
,,,,0.14551281929016113,,0.9695512652397156,,0.14262820780277252,,0.990384578704834,,,2281,,,,
,,,,0.1183035746216774,,0.9921875,,0.1160714253783226,,0.96875,,,2282,,,,
,,,,0.0824652761220932,,0.96875,,0.0807291641831398,,0.96875,,,2283,,,,
,,,,0.2021694779396057,,0.994949460029602,,0.20649847388267517,,0.9898989796638489,,,2284,,,,
,,,,0.1315104216337204,,0.9765625,,0.1302083283662796,,0.984375,,,2285,,,,
,,,,0.0927734375,,0.9609375,,0.0868055522441864,,0.953125,,,2286,,,,
,,,,0.14531250298023224,,0.9609375,,0.14531248807907104,,0.9609375,,,2287,,,,
,,,,0.06562499701976776,,0.953125,,0.06171875074505806,,0.953125,,,2288,,,,
,,,,0.0791015625,,0.9609375,,0.0711805522441864,,0.9296875,,,2289,,,,
,,,,0.1922307014465332,,0.9644794464111328,,0.1928442269563675,,0.9606045484542847,,,2290,,,,
,,,,0.099609375,,1.0,,0.0824652761220932,,0.9921875,,,2291,,,,
,,,,0.08203125,,0.96875,,0.07578124850988388,,0.9296875,,,2292,,,,
,,,,0.09558823704719543,,0.9882352948188782,,0.08104575425386429,,0.9764705896377563,,,2293,,,,
73,0.7107172012329102,0.7033121585845947,0.7222175002098083,,0.9671949148178101,,0.7118877172470093,,0.9625261425971985,,,,5401,,,,
73,,,,,,,,,,,0.12308656424283981,1.8247939348220825,5401,0.8907676339149475,,0.9212895035743713,
74,,,,,,,,,,,,,5449,,0.8188167214393616,,0.8674730062484741
,,,,0.07968749850988388,,0.96875,,0.07890625298023224,,0.9609375,,,2294,,,,
,,,,0.0807291641831398,,0.9296875,,0.06640625,,0.9453125,,,2295,,,,
,,,,0.0947265625,,0.9765625,,0.095703125,,0.9765625,,,2296,,,,
,,,,0.1687999963760376,,0.9760000109672546,,0.18577778339385986,,0.9600000381469727,,,2297,,,,
,,,,0.0807291641831398,,0.921875,,0.06718750298023224,,0.9453125,,,2298,,,,
,,,,0.0703125,,0.9765625,,0.06796874850988388,,0.953125,,,2299,,,,
,,,,0.12468671798706055,,0.9379699230194092,,0.11666667461395264,,0.9511277675628662,,,2300,,,,
,,,,0.1138392835855484,,0.984375,,0.12890625,,0.9609375,,,2301,,,,
,,,,0.116313636302948,,0.991304337978363,,0.12196210026741028,,0.9869564771652222,,,2302,,,,
,,,,0.0390625,,0.96875,,0.05156249925494194,,0.9609375,,,2303,,,,
,,,,0.04843749850988388,,0.96875,,0.0590277761220932,,0.9765625,,,2304,,,,
,,,,0.12797202169895172,,0.9786324501037598,,0.12797202169895172,,0.941724956035614,,,2305,,,,
,,,,0.109375,,0.9921875,,0.109375,,0.984375,,,2306,,,,
,,,,0.1393229216337204,,1.0,,0.1432291716337204,,0.984375,,,2307,,,,
,,,,0.1103515625,,0.9765625,,0.08828125149011612,,0.9765625,,,2308,,,,
,,,,0.1656641662120819,,0.9649122953414917,,0.17822332680225372,,0.9736841917037964,,,2309,,,,
,,,,0.0751953125,,0.9375,,0.0642361119389534,,0.9375,,,2310,,,,
,,,,0.0755208358168602,,0.96875,,0.0763888880610466,,0.9453125,,,2311,,,,
,,,,0.1870993673801422,,0.995192289352417,,0.16524216532707214,,0.9695512652397156,,,2312,,,,
,,,,0.1015625,,0.9921875,,0.1183035746216774,,0.9921875,,,2313,,,,
,,,,0.0959821417927742,,0.9609375,,0.1276041716337204,,0.9609375,,,2314,,,,
,,,,0.22645170986652374,,0.9726575613021851,,0.207941472530365,,0.994949460029602,,,2315,,,,
,,,,0.1194196417927742,,0.9921875,,0.1149553582072258,,0.984375,,,2316,,,,
,,,,0.1015625,,1.0,,0.1005859375,,0.9921875,,,2317,,,,
,,,,0.16093750298023224,,0.9765625,,0.15468749403953552,,0.9609375,,,2318,,,,
,,,,0.07500000298023224,,1.0,,0.07265625149011612,,0.9453125,,,2319,,,,
,,,,0.0868055522441864,,0.984375,,0.0842013880610466,,0.96875,,,2320,,,,
,,,,0.15166622400283813,,0.9732627272605896,,0.15244123339653015,,0.956729531288147,,,2321,,,,
,,,,0.06796874850988388,,0.9765625,,0.06796874850988388,,0.9609375,,,2322,,,,
,,,,0.06640625,,0.921875,,0.0772569477558136,,0.921875,,,2323,,,,
,,,,0.0658823549747467,,0.9529411792755127,,0.08382353186607361,,0.9411764740943909,,,2324,,,,
74,0.7116891145706177,0.710365891456604,0.720026433467865,,0.9694550037384033,,0.7163649201393127,,0.9631813764572144,,,,5474,,,,
74,,,,,,,,,,,0.12166912853717804,1.8311750888824463,5474,0.8698304295539856,,0.8972766995429993,
75,,,,,,,,,,,,,5499,,1.0906236171722412,,1.1229817867279053
,,,,0.1261160671710968,,0.9609375,,0.1216517835855484,,0.9609375,,,2325,,,,
,,,,0.099609375,,0.9765625,,0.0824652761220932,,0.96875,,,2326,,,,
,,,,0.1171875,,0.984375,,0.0885416641831398,,0.9921875,,,2327,,,,
,,,,0.17599999904632568,,0.972000002861023,,0.18666666746139526,,0.9679999947547913,,,2328,,,,
,,,,0.0959821417927742,,0.921875,,0.07109375298023224,,0.9296875,,,2329,,,,
,,,,0.0729166641831398,,0.9453125,,0.0824652761220932,,0.9453125,,,2330,,,,
,,,,0.14235588908195496,,0.8978697061538696,,0.14235588908195496,,0.9780701398849487,,,2331,,,,
,,,,0.0954861119389534,,0.984375,,0.08749999850988388,,0.9765625,,,2332,,,,
,,,,0.1382385790348053,,0.991304337978363,,0.13065774738788605,,0.991304337978363,,,2333,,,,
,,,,0.05390625074505806,,0.9921875,,0.046875,,0.9765625,,,2334,,,,
,,,,0.05937499925494194,,1.0,,0.05390625074505806,,0.9921875,,,2335,,,,
,,,,0.13822844624519348,,0.995726466178894,,0.11888112127780914,,0.9829059839248657,,,2336,,,,
,,,,0.1044921875,,0.984375,,0.1025390625,,0.9921875,,,2337,,,,
,,,,0.0902777761220932,,0.9765625,,0.0885416641831398,,0.96875,,,2338,,,,
,,,,0.0972222238779068,,0.96875,,0.0972222238779068,,0.9765625,,,2339,,,,
,,,,0.17209690809249878,,0.9912281036376953,,0.14072681963443756,,0.9649122953414917,,,2340,,,,
,,,,0.0694444477558136,,0.9765625,,0.06015624850988388,,0.9140625,,,2341,,,,
,,,,0.08984375,,0.984375,,0.0737847238779068,,0.9609375,,,2342,,,,
,,,,0.21274039149284363,,0.9855769276618958,,0.1716524064540863,,0.9487179517745972,,,2343,,,,
,,,,0.0946180522441864,,0.984375,,0.1103515625,,0.9765625,,,2344,,,,
,,,,0.091796875,,0.96875,,0.0850694477558136,,0.96875,,,2345,,,,
,,,,0.13974225521087646,,0.9575060606002808,,0.15302449464797974,,0.9797979593276978,,,2346,,,,
,,,,0.0677083358168602,,0.9765625,,0.0625,,0.96875,,,2347,,,,
,,,,0.0633680522441864,,0.9375,,0.0651041641831398,,0.9453125,,,2348,,,,
,,,,0.1440972238779068,,0.96875,,0.13593749701976776,,0.953125,,,2349,,,,
,,,,0.0807291641831398,,0.9765625,,0.07187499850988388,,0.9765625,,,2350,,,,
,,,,0.091796875,,0.9921875,,0.09375,,0.9765625,,,2351,,,,
,,,,0.20427538454532623,,0.9873417615890503,,0.1787651777267456,,0.9669336080551147,,,2352,,,,
,,,,0.107421875,,1.0,,0.078125,,0.9765625,,,2353,,,,
,,,,0.0928819477558136,,0.9765625,,0.08203125,,0.9765625,,,2354,,,,
,,,,0.0941176488995552,,0.9882352948188782,,0.08496732264757156,,0.9647058844566345,,,2355,,,,
75,0.7161149382591248,0.7182879447937012,0.7343822121620178,,0.973383903503418,,0.7229070067405701,,0.9657484292984009,,,,5547,,,,
75,,,,,,,,,,,0.1233387291431427,1.8331148624420166,5547,0.8880096077919006,,0.9190216064453125,
76,,,,,,,,,,,,,5549,,0.7677109241485596,,0.8024662733078003
76,,,,,,,,,,,,,5599,,0.9085775017738342,,0.9111202955245972
,,,,0.1025390625,,0.9609375,,0.1149553582072258,,0.9609375,,,2356,,,,
,,,,0.0859375,,0.9609375,,0.0771484375,,0.9375,,,2357,,,,
,,,,0.1049107164144516,,0.96875,,0.1060267835855484,,0.9609375,,,2358,,,,
,,,,0.21599999070167542,,0.9839999675750732,,0.1671999990940094,,0.9800000190734863,,,2359,,,,
,,,,0.09375,,0.953125,,0.0815972238779068,,0.9375,,,2360,,,,
,,,,0.099609375,,0.9921875,,0.0833333358168602,,0.953125,,,2361,,,,
,,,,0.13965469598770142,,0.9605263471603394,,0.12481202930212021,,0.8665413856506348,,,2362,,,,
,,,,0.1015625,,0.96875,,0.095703125,,0.953125,,,2363,,,,
,,,,0.13340765237808228,,0.969565212726593,,0.12954291701316833,,0.9652173519134521,,,2364,,,,
,,,,0.0642361119389534,,0.984375,,0.05312500149011612,,0.984375,,,2365,,,,
,,,,0.0625,,0.9921875,,0.05781250074505806,,0.9921875,,,2366,,,,
,,,,0.15330225229263306,,0.9914529919624329,,0.1490287482738495,,0.9502719640731812,,,2367,,,,
,,,,0.1272321492433548,,0.9921875,,0.125,,0.9765625,,,2368,,,,
,,,,0.1484375,,1.0,,0.1458333283662796,,1.0,,,2369,,,,
,,,,0.11328125,,0.984375,,0.1083984375,,0.9765625,,,2370,,,,
,,,,0.21162280440330505,,0.9736841917037964,,0.18908381462097168,,0.9868420958518982,,,2371,,,,
,,,,0.06171875074505806,,0.9296875,,0.0703125,,0.9609375,,,2372,,,,
,,,,0.078125,,0.9609375,,0.07265625149011612,,0.96875,,,2373,,,,
,,,,0.18870192766189575,,0.9807692170143127,,0.1951121836900711,,0.9599359035491943,,,2374,,,,
,,,,0.0986328125,,0.9765625,,0.099609375,,0.984375,,,2375,,,,
,,,,0.0849609375,,0.9609375,,0.078125,,0.9765625,,,2376,,,,
,,,,0.17258794605731964,,0.977708101272583,,0.2392313927412033,,0.9848484992980957,,,2377,,,,
,,,,0.1015625,,0.96875,,0.095703125,,0.9765625,,,2378,,,,
,,,,0.07578124850988388,,0.921875,,0.07656250149011612,,0.9609375,,,2379,,,,
,,,,0.1666666716337204,,0.9609375,,0.1684027761220932,,0.96875,,,2380,,,,
,,,,0.07109375298023224,,0.984375,,0.06953124701976776,,0.9609375,,,2381,,,,
,,,,0.0850694477558136,,0.9921875,,0.0842013880610466,,0.9609375,,,2382,,,,
,,,,0.16062459349632263,,0.956729531288147,,0.14864376187324524,,0.956729531288147,,,2383,,,,
,,,,0.09765625,,0.9921875,,0.0966796875,,0.984375,,,2384,,,,
,,,,0.0807291641831398,,0.9375,,0.0807291641831398,,0.9765625,,,2385,,,,
,,,,0.07294117659330368,,0.9647058844566345,,0.06941176950931549,,0.9647058844566345,,,2386,,,,
76,0.7144025564193726,0.7083072662353516,0.7382756471633911,,0.9676519632339478,,0.7235348224639893,,0.9663841724395752,,,,5620,,,,
76,,,,,,,,,,,0.12188597768545151,1.8188676834106445,5620,0.8811028599739075,,0.9133650064468384,
77,,,,,,,,,,,,,5649,,0.7738142013549805,,0.8835569620132446
,,,,0.0824652761220932,,0.9296875,,0.0798611119389534,,0.953125,,,2387,,,,
,,,,0.068359375,,0.953125,,0.0771484375,,0.953125,,,2388,,,,
,,,,0.0763888880610466,,0.9453125,,0.087890625,,0.96875,,,2389,,,,
,,,,0.18933333456516266,,0.9839999675750732,,0.18933333456516266,,0.9839999675750732,,,2390,,,,
,,,,0.0807291641831398,,0.9296875,,0.07187499850988388,,0.9375,,,2391,,,,
,,,,0.07343749701976776,,0.984375,,0.0798611119389534,,0.96875,,,2392,,,,
,,,,0.13972431421279907,,0.9824561476707458,,0.1631857454776764,,0.9824561476707458,,,2393,,,,
,,,,0.1044921875,,0.9921875,,0.1171875,,0.984375,,,2394,,,,
,,,,0.1324414759874344,,0.991304337978363,,0.1429208517074585,,0.9869564771652222,,,2395,,,,
,,,,0.05937499925494194,,0.984375,,0.05312500149011612,,0.9453125,,,2396,,,,
,,,,0.05859375,,1.0,,0.05937499925494194,,0.9765625,,,2397,,,,
,,,,0.14848485589027405,,0.9502719640731812,,0.14646464586257935,,0.941724956035614,,,2398,,,,
,,,,0.1064453125,,0.9765625,,0.1015625,,0.96875,,,2399,,,,
,,,,0.0868055522441864,,1.0,,0.0868055522441864,,0.96875,,,2400,,,,
,,,,0.1064453125,,0.984375,,0.0963541641831398,,0.9765625,,,2401,,,,
,,,,0.16931217908859253,,0.9736841917037964,,0.1474519670009613,,0.9736841917037964,,,2402,,,,
,,,,0.05703125149011612,,0.921875,,0.05859375,,0.9609375,,,2403,,,,
,,,,0.06796874850988388,,0.96875,,0.06640625,,0.984375,,,2404,,,,
,,,,0.1705840528011322,,0.9855769276618958,,0.16488604247570038,,0.9695512652397156,,,2405,,,,
,,,,0.0911458358168602,,0.984375,,0.0946180522441864,,0.984375,,,2406,,,,
,,,,0.08203125,,0.9609375,,0.0729166641831398,,0.9609375,,,2407,,,,
,,,,0.16060993075370789,,0.977708101272583,,0.16060993075370789,,0.9625566005706787,,,2408,,,,
,,,,0.1127232164144516,,0.984375,,0.087890625,,0.9765625,,,2409,,,,
,,,,0.07343749701976776,,0.9609375,,0.07109375298023224,,0.9375,,,2410,,,,
,,,,0.1684027761220932,,0.9765625,,0.1701388955116272,,0.9609375,,,2411,,,,
,,,,0.0859375,,0.9765625,,0.095703125,,0.96875,,,2412,,,,
,,,,0.099609375,,0.96875,,0.091796875,,0.9609375,,,2413,,,,
,,,,0.24722294509410858,,0.9834668040275574,,0.20743992924690247,,0.9606045484542847,,,2414,,,,
,,,,0.103515625,,0.9921875,,0.1015625,,0.9921875,,,2415,,,,
,,,,0.08124999701976776,,0.984375,,0.08359374850988388,,0.984375,,,2416,,,,
,,,,0.11596638709306717,,0.9764705896377563,,0.11596638709306717,,0.9647058844566345,,,2417,,,,
77,0.7248338460922241,0.7130303382873535,0.7364861965179443,,0.972240149974823,,0.7265545129776001,,0.9670121073722839,,,,5693,,,,
77,,,,,,,,,,,0.12114255875349045,1.8174630403518677,5693,0.8616279363632202,,0.8986652493476868,
78,,,,,,,,,,,,,5699,,0.9053889513015747,,0.938254714012146
78,,,,,,,,,,,,,5749,,0.9728367328643799,,0.9749308228492737
,,,,0.1104910746216774,,0.96875,,0.1127232164144516,,0.96875,,,2418,,,,
,,,,0.14374999701976776,,0.9609375,,0.11328125,,0.96875,,,2419,,,,
,,,,0.109375,,0.984375,,0.1060267835855484,,0.9921875,,,2420,,,,
,,,,0.19644445180892944,,1.0,,0.19555555284023285,,0.9919999837875366,,,2421,,,,
,,,,0.103515625,,0.9765625,,0.0920138880610466,,0.96875,,,2422,,,,
,,,,0.1025390625,,0.9765625,,0.1044921875,,0.96875,,,2423,,,,
,,,,0.14466723799705505,,0.9649122953414917,,0.13721805810928345,,0.969298243522644,,,2424,,,,
,,,,0.0659722238779068,,0.96875,,0.08984375,,0.953125,,,2425,,,,
,,,,0.12080267816781998,,0.97826087474823,,0.1685618758201599,,0.9826086759567261,,,2426,,,,
,,,,0.03828125074505806,,0.96875,,0.05156249925494194,,0.9765625,,,2427,,,,
,,,,0.0503472238779068,,0.9765625,,0.0677083358168602,,0.984375,,,2428,,,,
,,,,0.13493913412094116,,0.9829059839248657,,0.1291375458240509,,0.9914529919624329,,,2429,,,,
,,,,0.0833333358168602,,0.96875,,0.0868055522441864,,0.9453125,,,2430,,,,
,,,,0.0807291641831398,,0.9453125,,0.0859375,,0.96875,,,2431,,,,
,,,,0.0876736119389534,,0.9609375,,0.08124999701976776,,0.9609375,,,2432,,,,
,,,,0.19016291201114655,,0.9824561476707458,,0.19031953811645508,,0.9649122953414917,,,2433,,,,
,,,,0.07109375298023224,,0.9765625,,0.06015624850988388,,0.9140625,,,2434,,,,
,,,,0.07578124850988388,,1.0,,0.0833333358168602,,0.9765625,,,2435,,,,
,,,,0.1805555522441864,,0.9759615659713745,,0.17022791504859924,,0.9599359035491943,,,2436,,,,
,,,,0.0876736119389534,,0.953125,,0.0920138880610466,,0.9609375,,,2437,,,,
,,,,0.0694444477558136,,0.9609375,,0.0651041641831398,,0.9609375,,,2438,,,,
,,,,0.18625915050506592,,0.9726575613021851,,0.15275359153747559,,0.9646464586257935,,,2439,,,,
,,,,0.0842013880610466,,0.984375,,0.0755208358168602,,0.9453125,,,2440,,,,
,,,,0.07265625149011612,,0.96875,,0.0711805522441864,,0.921875,,,2441,,,,
,,,,0.15000000596046448,,0.9921875,,0.14218750596046448,,0.9609375,,,2442,,,,
,,,,0.1238839253783226,,1.0,,0.0911458358168602,,0.9921875,,,2443,,,,
,,,,0.18593749403953552,,0.984375,,0.107421875,,0.9765625,,,2444,,,,
,,,,0.20162749290466309,,0.9834668040275574,,0.20295143127441406,,0.9669336080551147,,,2445,,,,
,,,,0.080078125,,0.9921875,,0.0729166641831398,,0.9765625,,,2446,,,,
,,,,0.0859375,,0.9765625,,0.0888671875,,0.984375,,,2447,,,,
,,,,0.08676470816135406,,0.9764705896377563,,0.0882352963089943,,0.9764705896377563,,,2448,,,,
78,0.7108932137489319,0.7123846411705017,0.7143281698226929,,0.9732734560966492,,0.7209517955780029,,0.9644742012023926,,,,5766,,,,
78,,,,,,,,,,,0.1224268302321434,1.808459997177124,5766,0.8668802976608276,,0.8981354832649231,
79,,,,,,,,,,,,,5799,,0.8063900470733643,,0.8288577795028687
,,,,0.09765625,,0.9375,,0.1005859375,,0.9375,,,2449,,,,
,,,,0.080078125,,0.953125,,0.0720486119389534,,0.9453125,,,2450,,,,
,,,,0.0927734375,,0.953125,,0.0927734375,,0.9453125,,,2451,,,,
,,,,0.19644445180892944,,0.9839999675750732,,0.19911110401153564,,0.9919999837875366,,,2452,,,,
,,,,0.0859375,,0.9375,,0.08203125,,0.953125,,,2453,,,,
,,,,0.0859375,,0.984375,,0.0928819477558136,,0.9921875,,,2454,,,,
,,,,0.1467418521642685,,0.9824561476707458,,0.13345864415168762,,0.9824561476707458,,,2455,,,,
,,,,0.0972222238779068,,0.984375,,0.0972222238779068,,0.9765625,,,2456,,,,
,,,,0.14501672983169556,,0.991304337978363,,0.12020066380500793,,0.9826086759567261,,,2457,,,,
,,,,0.05546874925494194,,0.9921875,,0.04374999925494194,,0.9609375,,,2458,,,,
,,,,0.06171875074505806,,1.0,,0.05000000074505806,,0.9765625,,,2459,,,,
,,,,0.1567210555076599,,0.9459984302520752,,0.12882672250270844,,0.9459984302520752,,,2460,,,,
,,,,0.0972222238779068,,0.9921875,,0.0980902761220932,,0.96875,,,2461,,,,
,,,,0.1083984375,,0.9921875,,0.08437500149011612,,0.984375,,,2462,,,,
,,,,0.11328125,,0.984375,,0.0989583358168602,,0.96875,,,2463,,,,
,,,,0.1949317753314972,,0.9824561476707458,,0.16842105984687805,,0.9780701398849487,,,2464,,,,
,,,,0.06484375149011612,,0.9296875,,0.06093750149011612,,0.9453125,,,2465,,,,
,,,,0.07265625149011612,,0.984375,,0.07343749701976776,,1.0,,,2466,,,,
,,,,0.21474358439445496,,1.0,,0.16915953159332275,,0.9807692170143127,,,2467,,,,
,,,,0.09375,,0.96875,,0.0963541641831398,,0.9609375,,,2468,,,,
,,,,0.09375,,0.96875,,0.0703125,,0.96875,,,2469,,,,
,,,,0.15691396594047546,,0.9575060606002808,,0.16858237981796265,,0.9696969985961914,,,2470,,,,
,,,,0.0810546875,,0.96875,,0.080078125,,0.984375,,,2471,,,,
,,,,0.05624999850988388,,0.9140625,,0.06640625,,0.9375,,,2472,,,,
,,,,0.1475694477558136,,0.9765625,,0.1328125,,0.96875,,,2473,,,,
,,,,0.0850694477558136,,0.9921875,,0.07500000298023224,,0.96875,,,2474,,,,
,,,,0.0876736119389534,,0.9765625,,0.095703125,,0.9765625,,,2475,,,,
,,,,0.203306645154953,,0.9669336080551147,,0.16011366248130798,,0.9708086252212524,,,2476,,,,
,,,,0.1025390625,,0.984375,,0.1183035746216774,,0.9921875,,,2477,,,,
,,,,0.1025390625,,0.984375,,0.103515625,,0.9921875,,,2478,,,,
,,,,0.1109243705868721,,0.9647058844566345,,0.11596638709306717,,0.9764705896377563,,,2479,,,,
79,0.7228163480758667,0.7200112342834473,0.7462767362594604,,0.9716256856918335,,0.7337614297866821,,0.9687142372131348,,,,5839,,,,
79,,,,,,,,,,,0.11847613751888275,1.7977445125579834,5839,0.8563843965530396,,0.8905065059661865,
80,,,,,,,,,,,,,5849,,0.6055599451065063,,0.658230721950531
80,,,,,,,,,,,,,5899,,0.6790044903755188,,0.7338389754295349
,,,,0.1138392835855484,,0.9609375,,0.095703125,,0.9453125,,,2480,,,,
,,,,0.0869140625,,0.953125,,0.078125,,0.96875,,,2481,,,,
,,,,0.1104910746216774,,0.96875,,0.109375,,0.9609375,,,2482,,,,
,,,,0.18844443559646606,,0.9839999675750732,,0.19022223353385925,,0.9800000190734863,,,2483,,,,
,,,,0.0703125,,0.9375,,0.07578124850988388,,0.9375,,,2484,,,,
,,,,0.078125,,0.984375,,0.0859375,,0.9765625,,,2485,,,,
,,,,0.13533833622932434,,0.9780701398849487,,0.12030075490474701,,0.9736841917037964,,,2486,,,,
,,,,0.1261160671710968,,0.984375,,0.0902777761220932,,0.96875,,,2487,,,,
,,,,0.15161649882793427,,0.9528428316116333,,0.1662207394838333,,0.9826086759567261,,,2488,,,,
,,,,0.04843749850988388,,0.9609375,,0.0616319440305233,,0.96875,,,2489,,,,
,,,,0.05937499925494194,,0.984375,,0.0625,,0.984375,,,2490,,,,
,,,,0.15726496279239655,,0.9829059839248657,,0.13737374544143677,,0.9871795177459717,,,2491,,,,
,,,,0.1064453125,,0.9765625,,0.08281250298023224,,0.9765625,,,2492,,,,
,,,,0.09375,,1.0,,0.1083984375,,1.0,,,2493,,,,
,,,,0.0980902761220932,,0.984375,,0.111328125,,0.9921875,,,2494,,,,
,,,,0.2291666567325592,,0.9868420958518982,,0.19785574078559875,,0.9868420958518982,,,2495,,,,
,,,,0.0807291641831398,,0.984375,,0.06484375149011612,,0.953125,,,2496,,,,
,,,,0.07578124850988388,,0.9921875,,0.07500000298023224,,0.9765625,,,2497,,,,
,,,,0.21033653616905212,,0.990384578704834,,0.17200854420661926,,0.9647436141967773,,,2498,,,,
,,,,0.107421875,,0.96875,,0.1083984375,,0.96875,,,2499,,,,
,,,,0.1119791641831398,,0.953125,,0.0959821417927742,,0.9609375,,,2500,,,,
,,,,0.1736328899860382,,0.9575060606002808,,0.17994600534439087,,0.9848484992980957,,,2501,,,,
,,,,0.0798611119389534,,0.9609375,,0.0927734375,,0.9765625,,,2502,,,,
,,,,0.1026785746216774,,0.9375,,0.0947265625,,0.9609375,,,2503,,,,
,,,,0.1597222089767456,,0.96875,,0.1666666567325592,,0.953125,,,2504,,,,
,,,,0.0859375,,0.984375,,0.0842013880610466,,0.953125,,,2505,,,,
,,,,0.1025390625,,1.0,,0.0868055522441864,,0.96875,,,2506,,,,
,,,,0.18548178672790527,,0.9771376848220825,,0.18126237392425537,,0.9708086252212524,,,2507,,,,
,,,,0.09765625,,1.0,,0.0876736119389534,,0.9765625,,,2508,,,,
,,,,0.0902777761220932,,0.9765625,,0.0876736119389534,,0.984375,,,2509,,,,
,,,,0.11260504275560379,,0.9764705896377563,,0.10924369841814041,,0.9764705896377563,,,2510,,,,
80,0.7345327138900757,0.7327353954315186,0.7522833347320557,,0.9730591773986816,,0.747433602809906,,0.9687969088554382,,,,5912,,,,
80,,,,,,,,,,,0.12093596160411835,1.7890892028808594,5912,0.8444233536720276,,0.8816063404083252,
81,,,,,,,,,,,,,5949,,0.832730770111084,,0.8813546299934387
,,,,0.103515625,,0.9609375,,0.1005859375,,0.9609375,,,2511,,,,
,,,,0.08984375,,0.96875,,0.12109375,,0.9765625,,,2512,,,,
,,,,0.1149553582072258,,0.9609375,,0.1149553582072258,,0.9765625,,,2513,,,,
,,,,0.19822221994400024,,0.9880000352859497,,0.19733333587646484,,0.9880000352859497,,,2514,,,,
,,,,0.1044921875,,0.9609375,,0.0986328125,,0.96875,,,2515,,,,
,,,,0.078125,,0.984375,,0.0885416641831398,,0.9921875,,,2516,,,,
,,,,0.1847674697637558,,0.9868420958518982,,0.16416040062904358,,0.9780701398849487,,,2517,,,,
,,,,0.1083984375,,0.9921875,,0.0911458358168602,,0.96875,,,2518,,,,
,,,,0.1381939947605133,,0.9956521987915039,,0.14066889882087708,,0.9826086759567261,,,2519,,,,
,,,,0.03984374925494194,,0.9609375,,0.04374999925494194,,0.9765625,,,2520,,,,
,,,,0.04531250149011612,,0.96875,,0.05781250074505806,,0.9921875,,,2521,,,,
,,,,0.12968142330646515,,0.9871795177459717,,0.14560994505882263,,0.995726466178894,,,2522,,,,
,,,,0.0972222238779068,,0.9921875,,0.1103515625,,0.9921875,,,2523,,,,
,,,,0.109375,,1.0,,0.1103515625,,1.0,,,2524,,,,
,,,,0.18125000596046448,,0.984375,,0.1536458283662796,,0.9921875,,,2525,,,,
,,,,0.1728070229291916,,0.9780701398849487,,0.18908381462097168,,0.9649122953414917,,,2526,,,,
,,,,0.06562499701976776,,0.9296875,,0.06093750149011612,,0.9140625,,,2527,,,,
,,,,0.0833333358168602,,0.984375,,0.078125,,0.9609375,,,2528,,,,
,,,,0.15448717772960663,,0.9743589758872986,,0.142948716878891,,0.9246795177459717,,,2529,,,,
,,,,0.08828125149011612,,0.9921875,,0.0928819477558136,,0.96875,,,2530,,,,
,,,,0.0772569477558136,,0.9609375,,0.06484375149011612,,0.9375,,,2531,,,,
,,,,0.1507798284292221,,0.9373040795326233,,0.15209567546844482,,0.9747474789619446,,,2532,,,,
,,,,0.064453125,,0.9453125,,0.080078125,,0.9765625,,,2533,,,,
,,,,0.04843749850988388,,0.890625,,0.0720486119389534,,0.9609375,,,2534,,,,
,,,,0.12812499701976776,,0.9609375,,0.1579861044883728,,0.9609375,,,2535,,,,
,,,,0.103515625,,1.0,,0.0833333358168602,,0.96875,,,2536,,,,
,,,,0.1261160671710968,,0.9921875,,0.1127232164144516,,0.9609375,,,2537,,,,
,,,,0.181807741522789,,0.9795918464660645,,0.17563650012016296,,0.9630586504936218,,,2538,,,,
,,,,0.09375,,0.9921875,,0.095703125,,0.9765625,,,2539,,,,
,,,,0.0850694477558136,,0.9765625,,0.1025390625,,0.984375,,,2540,,,,
,,,,0.08235294371843338,,0.9764705896377563,,0.09852941334247589,,0.9764705896377563,,,2541,,,,
81,0.7342244386672974,0.7301021814346313,0.7399566173553467,,0.9715814590454102,,0.7388337850570679,,0.9688329696655273,,,,5985,,,,
81,,,,,,,,,,,0.12158414721488953,1.7946677207946777,5985,0.8466124534606934,,0.8796643614768982,
82,,,,,,,,,,,,,5999,,0.9721713066101074,,0.9617975354194641
82,,,,,,,,,,,,,6049,,0.8898884654045105,,0.9393891096115112
,,,,0.091796875,,0.953125,,0.0927734375,,0.953125,,,2542,,,,
,,,,0.0963541641831398,,0.9453125,,0.0989583358168602,,0.9609375,,,2543,,,,
,,,,0.0915178582072258,,0.9375,,0.0948660746216774,,0.9140625,,,2544,,,,
,,,,0.18333333730697632,,0.9959999918937683,,0.18533334136009216,,0.9880000352859497,,,2545,,,,
,,,,0.1458333283662796,,0.984375,,0.17812499403953552,,0.984375,,,2546,,,,
,,,,0.10546875,,0.984375,,0.1194196417927742,,0.984375,,,2547,,,,
,,,,0.1633249819278717,,0.969298243522644,,0.15566694736480713,,0.9649122953414917,,,2548,,,,
,,,,0.1005859375,,0.984375,,0.0772569477558136,,0.96875,,,2549,,,,
,,,,0.16098105907440186,,0.9826086759567261,,0.1361575722694397,,0.9739130735397339,,,2550,,,,
,,,,0.0546875,,0.9921875,,0.0529513880610466,,0.9921875,,,2551,,,,
,,,,0.0651041641831398,,0.9921875,,0.0616319440305233,,0.9765625,,,2552,,,,
,,,,0.15843045711517334,,0.995726466178894,,0.1490287482738495,,0.9374514818191528,,,2553,,,,
,,,,0.11328125,,0.9921875,,0.1064453125,,0.984375,,,2554,,,,
,,,,0.109375,,0.9921875,,0.103515625,,0.9921875,,,2555,,,,
,,,,0.1316964328289032,,0.9765625,,0.1103515625,,0.96875,,,2556,,,,
,,,,0.17140072584152222,,0.969298243522644,,0.19611528515815735,,0.9473683834075928,,,2557,,,,
,,,,0.04453124850988388,,0.9140625,,0.05156249925494194,,0.90625,,,2558,,,,
,,,,0.06015624850988388,,0.96875,,0.06562499701976776,,0.9765625,,,2559,,,,
,,,,0.15455839037895203,,0.9439102411270142,,0.19310897588729858,,0.9487179517745972,,,2560,,,,
,,,,0.1238839253783226,,0.9765625,,0.1272321492433548,,0.984375,,,2561,,,,
,,,,0.1071428582072258,,0.9765625,,0.1194196417927742,,0.984375,,,2562,,,,
,,,,0.18351620435714722,,0.9726575613021851,,0.19183212518692017,,0.9848484992980957,,,2563,,,,
,,,,0.1071428582072258,,0.9765625,,0.095703125,,0.9765625,,,2564,,,,
,,,,0.0789930522441864,,0.921875,,0.0947265625,,0.9453125,,,2565,,,,
,,,,0.13593749701976776,,0.9453125,,0.12968748807907104,,0.953125,,,2566,,,,
,,,,0.07265625149011612,,0.953125,,0.06953124701976776,,0.953125,,,2567,,,,
,,,,0.0966796875,,0.9765625,,0.0789930522441864,,0.9375,,,2568,,,,
,,,,0.26474642753601074,,0.9771376848220825,,0.1677430421113968,,0.9606045484542847,,,2569,,,,
,,,,0.1194196417927742,,0.9921875,,0.0963541641831398,,0.984375,,,2570,,,,
,,,,0.1025390625,,0.9921875,,0.1015625,,0.9921875,,,2571,,,,
,,,,0.1044117659330368,,0.9882352948188782,,0.10147058963775635,,0.9882352948188782,,,2572,,,,
82,0.7294910550117493,0.7215949296951294,0.7376114130020142,,0.9699355363845825,,0.7273679375648499,,0.9642001390457153,,,,6058,,,,
82,,,,,,,,,,,0.1168808862566948,1.7740261554718018,6058,0.835131049156189,,0.8633918166160583,
83,,,,,,,,,,,,,6099,,0.9417396783828735,,0.9146356582641602
,,,,0.1149553582072258,,0.9609375,,0.103515625,,0.953125,,,2573,,,,
,,,,0.0888671875,,0.9453125,,0.091796875,,0.953125,,,2574,,,,
,,,,0.1276041716337204,,0.96875,,0.0986328125,,0.9921875,,,2575,,,,
,,,,0.23399999737739563,,1.0,,0.2240000069141388,,0.9839999675750732,,,2576,,,,
,,,,0.1305803507566452,,0.9921875,,0.08359374850988388,,0.96875,,,2577,,,,
,,,,0.1261160671710968,,0.984375,,0.103515625,,0.984375,,,2578,,,,
,,,,0.15845167636871338,,0.9780701398849487,,0.14759120345115662,,0.9780701398849487,,,2579,,,,
,,,,0.07578124850988388,,0.96875,,0.0868055522441864,,0.9609375,,,2580,,,,
,,,,0.15421776473522186,,0.97826087474823,,0.13371238112449646,,0.9826086759567261,,,2581,,,,
,,,,0.0616319440305233,,0.9921875,,0.0520833320915699,,0.984375,,,2582,,,,
,,,,0.06171875074505806,,0.9921875,,0.0546875,,0.984375,,,2583,,,,
,,,,0.14421135187149048,,0.9871795177459717,,0.13480964303016663,,0.9871795177459717,,,2584,,,,
,,,,0.08203125,,0.9921875,,0.0920138880610466,,0.9921875,,,2585,,,,
,,,,0.0911458358168602,,0.984375,,0.1044921875,,1.0,,,2586,,,,
,,,,0.09375,,0.9765625,,0.09375,,0.96875,,,2587,,,,
,,,,0.1958020031452179,,0.9824561476707458,,0.19909147918224335,,0.9824561476707458,,,2588,,,,
,,,,0.05781250074505806,,0.9296875,,0.06953124701976776,,0.953125,,,2589,,,,
,,,,0.0986328125,,0.9921875,,0.1025390625,,1.0,,,2590,,,,
,,,,0.24038460850715637,,0.9551281929016113,,0.24038460850715637,,0.9647436141967773,,,2591,,,,
,,,,0.1283482164144516,,0.9765625,,0.1261160671710968,,0.984375,,,2592,,,,
,,,,0.0763888880610466,,0.9765625,,0.091796875,,0.9609375,,,2593,,,,
,,,,0.18856669962406158,,0.977708101272583,,0.25815626978874207,,0.9898989796638489,,,2594,,,,
,,,,0.0798611119389534,,0.9765625,,0.0927734375,,0.96875,,,2595,,,,
,,,,0.0807291641831398,,0.921875,,0.08984375,,0.9609375,,,2596,,,,
,,,,0.1484375,,0.9609375,,0.1701388955116272,,0.953125,,,2597,,,,
,,,,0.0833333358168602,,0.984375,,0.0815972238779068,,0.9765625,,,2598,,,,
,,,,0.08124999701976776,,1.0,,0.09375,,0.953125,,,2599,,,,
,,,,0.229434996843338,,0.9936708807945251,,0.1761818677186966,,0.954275369644165,,,2600,,,,
,,,,0.1127232164144516,,0.984375,,0.078125,,0.9453125,,,2601,,,,
,,,,0.07734374701976776,,0.96875,,0.07578124850988388,,0.953125,,,2602,,,,
,,,,0.07294117659330368,,0.9882352948188782,,0.08104575425386429,,0.9529411792755127,,,2603,,,,
83,0.7362481355667114,0.732185959815979,0.7562031149864197,,0.9744369983673096,,0.7499399185180664,,0.9695779085159302,,,,6131,,,,
83,,,,,,,,,,,0.11878719180822372,1.791149377822876,6131,0.8424553871154785,,0.8760395050048828,
84,,,,,,,,,,,,,6149,,0.9085344076156616,,0.9102469682693481
84,,,,,,,,,,,,,6199,,0.8341217637062073,,0.8335458636283875
,,,,0.0966796875,,0.953125,,0.0966796875,,0.9375,,,2604,,,,
,,,,0.0926339253783226,,0.9609375,,0.0859375,,0.9375,,,2605,,,,
,,,,0.0815972238779068,,0.984375,,0.0947265625,,0.9921875,,,2606,,,,
,,,,0.203000009059906,,0.972000002861023,,0.21599999070167542,,0.972000002861023,,,2607,,,,
,,,,0.0859375,,0.9375,,0.078125,,0.9609375,,,2608,,,,
,,,,0.087890625,,0.96875,,0.099609375,,0.9765625,,,2609,,,,
,,,,0.13796991109848022,,0.9736841917037964,,0.15343916416168213,,0.9423558712005615,,,2610,,,,
,,,,0.0946180522441864,,0.9765625,,0.09375,,0.9609375,,,2611,,,,
,,,,0.20033445954322815,,0.9869564771652222,,0.1590486764907837,,0.9739130735397339,,,2612,,,,
,,,,0.06328125298023224,,0.9921875,,0.05546874925494194,,0.984375,,,2613,,,,
,,,,0.07265625149011612,,0.9921875,,0.06562499701976776,,0.984375,,,2614,,,,
,,,,0.1519036591053009,,0.9914529919624329,,0.13822844624519348,,0.9502719640731812,,,2615,,,,
,,,,0.109375,,1.0,,0.0963541641831398,,0.984375,,,2616,,,,
,,,,0.1272321492433548,,0.984375,,0.10546875,,0.9921875,,,2617,,,,
,,,,0.0954861119389534,,0.9921875,,0.0963541641831398,,0.9921875,,,2618,,,,
,,,,0.1611528843641281,,0.9824561476707458,,0.1860206127166748,,0.9824561476707458,,,2619,,,,
,,,,0.0729166641831398,,0.9609375,,0.0720486119389534,,0.9609375,,,2620,,,,
,,,,0.0927734375,,0.96875,,0.07421875,,1.0,,,2621,,,,
,,,,0.16915953159332275,,0.9695512652397156,,0.17236466705799103,,0.9551281929016113,,,2622,,,,
,,,,0.1044921875,,0.9921875,,0.1171875,,0.9765625,,,2623,,,,
,,,,0.076171875,,0.9765625,,0.0904017835855484,,0.9609375,,,2624,,,,
,,,,0.18943125009536743,,0.9625566005706787,,0.23011726140975952,,0.9848484992980957,,,2625,,,,
,,,,0.0859375,,0.953125,,0.0850694477558136,,0.96875,,,2626,,,,
,,,,0.07265625149011612,,0.9296875,,0.0842013880610466,,0.9609375,,,2627,,,,
,,,,0.185546875,,0.9765625,,0.1736111044883728,,0.953125,,,2628,,,,
,,,,0.0842013880610466,,0.9921875,,0.07500000298023224,,0.9453125,,,2629,,,,
,,,,0.0902777761220932,,1.0,,0.0798611119389534,,0.96875,,,2630,,,,
,,,,0.2084086835384369,,0.9834668040275574,,0.16011366248130798,,0.954275369644165,,,2631,,,,
,,,,0.099609375,,1.0,,0.0833333358168602,,0.9609375,,,2632,,,,
,,,,0.1064453125,,0.9921875,,0.07500000298023224,,0.96875,,,2633,,,,
,,,,0.1109243705868721,,0.9764705896377563,,0.08104575425386429,,0.9529411792755127,,,2634,,,,
84,0.7303366661071777,0.730353832244873,0.7507410049438477,,0.9745693206787109,,0.7415339350700378,,0.9667396545410156,,,,6204,,,,
84,,,,,,,,,,,0.11573676764965057,1.7600599527359009,6204,0.8235384821891785,,0.8489222526550293,
85,,,,,,,,,,,,,6249,,0.8942076563835144,,0.9253389239311218
,,,,0.09765625,,0.96875,,0.1138392835855484,,0.96875,,,2635,,,,
,,,,0.0959821417927742,,0.96875,,0.0993303582072258,,0.96875,,,2636,,,,
,,,,0.1037946417927742,,0.96875,,0.1060267835855484,,0.9765625,,,2637,,,,
,,,,0.18666666746139526,,0.9880000352859497,,0.21899999678134918,,0.9839999675750732,,,2638,,,,
,,,,0.0885416641831398,,0.9609375,,0.08203125,,0.96875,,,2639,,,,
,,,,0.09375,,0.984375,,0.1015625,,0.9765625,,,2640,,,,
,,,,0.13984963297843933,,0.969298243522644,,0.13458646833896637,,0.9649122953414917,,,2641,,,,
,,,,0.0842013880610466,,0.984375,,0.07265625149011612,,0.96875,,,2642,,,,
,,,,0.14567075669765472,,0.9869564771652222,,0.1234113797545433,,0.9739130735397339,,,2643,,,,
,,,,0.05234374850988388,,0.9921875,,0.046875,,0.953125,,,2644,,,,
,,,,0.05781250074505806,,0.9765625,,0.05156249925494194,,0.984375,,,2645,,,,
,,,,0.1567210555076599,,0.9914529919624329,,0.14646464586257935,,0.941724956035614,,,2646,,,,
,,,,0.1536458283662796,,1.0,,0.1272321492433548,,0.96875,,,2647,,,,
,,,,0.115234375,,1.0,,0.0963541641831398,,0.9921875,,,2648,,,,
,,,,0.15625,,0.984375,,0.08906249701976776,,0.9765625,,,2649,,,,
,,,,0.2136591374874115,,0.9912281036376953,,0.17502087354660034,,0.9824561476707458,,,2650,,,,
,,,,0.0720486119389534,,0.9375,,0.06718750298023224,,0.9609375,,,2651,,,,
,,,,0.0859375,,0.96875,,0.07656250149011612,,0.9765625,,,2652,,,,
,,,,0.2670940160751343,,0.9599359035491943,,0.20873397588729858,,0.9599359035491943,,,2653,,,,
,,,,0.1341145783662796,,0.96875,,0.140625,,0.9921875,,,2654,,,,
,,,,0.07421875,,0.953125,,0.0729166641831398,,0.96875,,,2655,,,,
,,,,0.1650121808052063,,0.9524555802345276,,0.2097328007221222,,0.9474050998687744,,,2656,,,,
,,,,0.095703125,,0.9609375,,0.0850694477558136,,0.9765625,,,2657,,,,
,,,,0.0711805522441864,,0.9453125,,0.0807291641831398,,0.9296875,,,2658,,,,
,,,,0.1328125,,0.96875,,0.140625,,0.9609375,,,2659,,,,
,,,,0.0833333358168602,,0.984375,,0.07656250149011612,,0.984375,,,2660,,,,
,,,,0.1149553582072258,,0.9609375,,0.0966796875,,0.9609375,,,2661,,,,
,,,,0.22179576754570007,,0.9873417615890503,,0.2323504537343979,,0.9771376848220825,,,2662,,,,
,,,,0.1205357164144516,,0.9921875,,0.1138392835855484,,0.984375,,,2663,,,,
,,,,0.09375,,1.0,,0.0902777761220932,,0.984375,,,2664,,,,
,,,,0.1109243705868721,,0.9882352948188782,,0.09705882519483566,,0.9764705896377563,,,2665,,,,
85,0.7385547161102295,0.7309353351593018,0.7408857941627502,,0.9732447266578674,,0.7420241832733154,,0.9686199426651001,,,,6277,,,,
85,,,,,,,,,,,0.12022958695888519,1.767805576324463,6277,0.8458297848701477,,0.8797832131385803,
86,,,,,,,,,,,,,6299,,0.8137511014938354,,0.808361828327179
86,,,,,,,,,,,,,6349,,0.8436916470527649,,0.8378356695175171
,,,,0.1127232164144516,,0.9609375,,0.1049107164144516,,0.9453125,,,2666,,,,
,,,,0.1004464253783226,,0.984375,,0.0904017835855484,,0.921875,,,2667,,,,
,,,,0.1127232164144516,,0.984375,,0.1171875,,0.96875,,,2668,,,,
,,,,0.20888888835906982,,1.0,,0.16651852428913116,,1.0,,,2669,,,,
,,,,0.1103515625,,0.9765625,,0.111328125,,0.984375,,,2670,,,,
,,,,0.0954861119389534,,1.0,,0.107421875,,0.984375,,,2671,,,,
,,,,0.1881265640258789,,0.9780701398849487,,0.13283208012580872,,0.9649122953414917,,,2672,,,,
,,,,0.1005859375,,0.96875,,0.0868055522441864,,0.9765625,,,2673,,,,
,,,,0.14401337504386902,,0.9869564771652222,,0.1466369330883026,,0.97826087474823,,,2674,,,,
,,,,0.0564236119389534,,0.984375,,0.0572916679084301,,0.984375,,,2675,,,,
,,,,0.0668402761220932,,0.9765625,,0.06328125298023224,,1.0,,,2676,,,,
,,,,0.1490287482738495,,0.941724956035614,,0.15244755148887634,,0.9502719640731812,,,2677,,,,
,,,,0.0972222238779068,,0.9765625,,0.10546875,,0.9765625,,,2678,,,,
,,,,0.0963541641831398,,0.9765625,,0.1205357164144516,,0.9765625,,,2679,,,,
,,,,0.0946180522441864,,0.9609375,,0.08281250298023224,,0.96875,,,2680,,,,
,,,,0.15137845277786255,,0.9956140518188477,,0.19005846977233887,,0.9824561476707458,,,2681,,,,
,,,,0.0729166641831398,,0.96875,,0.06406249850988388,,0.984375,,,2682,,,,
,,,,0.0833333358168602,,0.96875,,0.07265625149011612,,0.984375,,,2683,,,,
,,,,0.17984330654144287,,0.995192289352417,,0.19190704822540283,,0.9695512652397156,,,2684,,,,
,,,,0.15625,,0.9921875,,0.1339285671710968,,0.96875,,,2685,,,,
,,,,0.109375,,0.96875,,0.1060267835855484,,0.9765625,,,2686,,,,
,,,,0.16312551498413086,,0.9676071405410767,,0.17256858944892883,,0.9898989796638489,,,2687,,,,
,,,,0.0888671875,,0.9609375,,0.091796875,,0.96875,,,2688,,,,
,,,,0.0772569477558136,,0.9375,,0.0824652761220932,,0.96875,,,2689,,,,
,,,,0.1527777910232544,,0.9765625,,0.1614583432674408,,0.9609375,,,2690,,,,
,,,,0.0868055522441864,,0.96875,,0.0927734375,,0.9375,,,2691,,,,
,,,,0.0894097238779068,,0.9765625,,0.07578124850988388,,0.9453125,,,2692,,,,
,,,,0.18483597040176392,,0.9606045484542847,,0.1642986238002777,,0.954275369644165,,,2693,,,,
,,,,0.0888671875,,0.9921875,,0.0869140625,,0.9765625,,,2694,,,,
,,,,0.0927734375,,0.96875,,0.091796875,,0.984375,,,2695,,,,
,,,,0.07581699639558792,,0.9529411792755127,,0.08970588445663452,,0.9647058844566345,,,2696,,,,
86,0.7275574207305908,0.717576265335083,0.7549735903739929,,0.9745899438858032,,0.7399575710296631,,0.9700727462768555,,,,6350,,,,
86,,,,,,,,,,,0.11790908128023148,1.751792550086975,6350,0.8251638412475586,,0.8639882802963257,
87,,,,,,,,,,,,,6399,,0.7718031406402588,,0.8521642684936523
,,,,0.1205357164144516,,0.9609375,,0.1116071417927742,,0.9375,,,2697,,,,
,,,,0.095703125,,0.9765625,,0.0859375,,0.9609375,,,2698,,,,
,,,,0.09765625,,0.984375,,0.0947265625,,0.96875,,,2699,,,,
,,,,0.19288888573646545,,0.9880000352859497,,0.19733333587646484,,0.9880000352859497,,,2700,,,,
,,,,0.1044921875,,0.9453125,,0.107421875,,0.9765625,,,2701,,,,
,,,,0.07968749850988388,,0.9765625,,0.09375,,0.984375,,,2702,,,,
,,,,0.16102756559848785,,0.9956140518188477,,0.15137845277786255,,0.9824561476707458,,,2703,,,,
,,,,0.1305803507566452,,0.9921875,,0.125,,0.96875,,,2704,,,,
,,,,0.1669268012046814,,0.9956521987915039,,0.17165552079677582,,0.991304337978363,,,2705,,,,
,,,,0.05078125,,0.9609375,,0.04921875149011612,,0.9765625,,,2706,,,,
,,,,0.0572916679084301,,0.9921875,,0.05078125,,0.984375,,,2707,,,,
,,,,0.14219114184379578,,0.9829059839248657,,0.1439005434513092,,0.9914529919624329,,,2708,,,,
,,,,0.0989583358168602,,1.0,,0.1083984375,,0.9921875,,,2709,,,,
,,,,0.1484375,,1.0,,0.1471354216337204,,1.0,,,2710,,,,
,,,,0.1283482164144516,,0.9921875,,0.1283482164144516,,0.984375,,,2711,,,,
,,,,0.1621553897857666,,0.9824561476707458,,0.2136591374874115,,0.9868420958518982,,,2712,,,,
,,,,0.06718750298023224,,0.9375,,0.06328125298023224,,0.953125,,,2713,,,,
,,,,0.0703125,,0.984375,,0.07187499850988388,,0.9921875,,,2714,,,,
,,,,0.18091167509555817,,0.9791666269302368,,0.17735043168067932,,0.9695512652397156,,,2715,,,,
,,,,0.1142578125,,0.9921875,,0.1142578125,,0.9921875,,,2716,,,,
,,,,0.1302083283662796,,0.984375,,0.1341145783662796,,0.984375,,,2717,,,,
,,,,0.2004776895046234,,0.9726575613021851,,0.1736328899860382,,0.9848484992980957,,,2718,,,,
,,,,0.0791015625,,0.9765625,,0.0859375,,0.96875,,,2719,,,,
,,,,0.06328125298023224,,0.953125,,0.06718750298023224,,0.953125,,,2720,,,,
,,,,0.13750000298023224,,0.96875,,0.1614583283662796,,0.953125,,,2721,,,,
,,,,0.07421875,,0.96875,,0.0798611119389534,,0.9609375,,,2722,,,,
,,,,0.099609375,,0.96875,,0.0859375,,0.9453125,,,2723,,,,
,,,,0.1659519374370575,,0.9771376848220825,,0.18579751253128052,,0.9771376848220825,,,2724,,,,
,,,,0.103515625,,0.984375,,0.0894097238779068,,0.984375,,,2725,,,,
,,,,0.0911458358168602,,0.9921875,,0.08203125,,0.9921875,,,2726,,,,
,,,,0.10000000149011612,,0.9764705896377563,,0.09705882519483566,,0.9647058844566345,,,2727,,,,
87,0.7395657896995544,0.740176796913147,0.762993574142456,,0.9779773950576782,,0.7577463388442993,,0.9742825031280518,,,,6423,,,,
87,,,,,,,,,,,0.11691499501466751,1.7498795986175537,6423,0.8113161325454712,,0.847270131111145,
88,,,,,,,,,,,,,6449,,0.9044361710548401,,0.8662974834442139
,,,,0.0966796875,,0.9453125,,0.09375,,0.9453125,,,2728,,,,
,,,,0.08984375,,0.9609375,,0.10546875,,0.96875,,,2729,,,,
,,,,0.0869140625,,0.9609375,,0.0970982164144516,,0.9375,,,2730,,,,
,,,,0.19200000166893005,,0.9959999918937683,,0.19111111760139465,,0.9839999675750732,,,2731,,,,
,,,,0.0966796875,,0.9375,,0.07578124850988388,,0.9375,,,2732,,,,
,,,,0.0842013880610466,,1.0,,0.0859375,,0.96875,,,2733,,,,
,,,,0.13007518649101257,,0.9649122953414917,,0.1274436116218567,,0.969298243522644,,,2734,,,,
,,,,0.0894097238779068,,0.9765625,,0.0894097238779068,,0.953125,,,2735,,,,
,,,,0.12006689608097076,,0.97826087474823,,0.12954291701316833,,0.969565212726593,,,2736,,,,
,,,,0.0607638880610466,,0.9921875,,0.0633680522441864,,0.984375,,,2737,,,,
,,,,0.06093750149011612,,0.984375,,0.06093750149011612,,0.96875,,,2738,,,,
,,,,0.15415695309638977,,0.9871795177459717,,0.1490287482738495,,0.9914529919624329,,,2739,,,,
,,,,0.18593749403953552,,1.0,,0.1305803507566452,,0.9921875,,,2740,,,,
,,,,0.1536458283662796,,1.0,,0.1510416716337204,,1.0,,,2741,,,,
,,,,0.1339285671710968,,0.984375,,0.115234375,,0.984375,,,2742,,,,
,,,,0.22771213948726654,,0.9868420958518982,,0.20488721132278442,,0.9824561476707458,,,2743,,,,
,,,,0.083984375,,0.9453125,,0.076171875,,0.921875,,,2744,,,,
,,,,0.07421875,,0.984375,,0.07343749701976776,,0.9609375,,,2745,,,,
,,,,0.17022791504859924,,0.9743589758872986,,0.1766381859779358,,0.9695512652397156,,,2746,,,,
,,,,0.1194196417927742,,1.0,,0.14453125,,0.984375,,,2747,,,,
,,,,0.1158854141831398,,0.9921875,,0.1071428582072258,,0.9765625,,,2748,,,,
,,,,0.19928346574306488,,0.9726575613021851,,0.2007264792919159,,0.9848484992980957,,,2749,,,,
,,,,0.0947265625,,0.9765625,,0.095703125,,0.9765625,,,2750,,,,
,,,,0.07187499850988388,,0.9296875,,0.07343749701976776,,0.9453125,,,2751,,,,
,,,,0.15000000596046448,,0.953125,,0.1666666567325592,,0.9453125,,,2752,,,,
,,,,0.07265625149011612,,0.9609375,,0.07265625149011612,,0.9296875,,,2753,,,,
,,,,0.09375,,0.96875,,0.0815972238779068,,0.90625,,,2754,,,,
,,,,0.17985591292381287,,0.9732627272605896,,0.18470679223537445,,0.9708086252212524,,,2755,,,,
,,,,0.1064453125,,0.9921875,,0.103515625,,0.984375,,,2756,,,,
,,,,0.08124999701976776,,0.9765625,,0.08124999701976776,,0.9765625,,,2757,,,,
,,,,0.08496732264757156,,0.9764705896377563,,0.11428571492433548,,0.9764705896377563,,,2758,,,,
88,0.723197340965271,0.7223258018493652,0.74996417760849,,0.9733661413192749,,0.7436797618865967,,0.9628804326057434,,,,6496,,,,
88,,,,,,,,,,,0.11705755442380905,1.7554045915603638,6496,0.8334322571754456,,0.8639710545539856,
89,,,,,,,,,,,,,6499,,0.7386472225189209,,0.7852879166603088
89,,,,,,,,,,,,,6549,,0.9094728231430054,,0.9596360921859741
,,,,0.1064453125,,0.9765625,,0.107421875,,0.9765625,,,2759,,,,
,,,,0.1302083283662796,,0.9921875,,0.125,,0.96875,,,2760,,,,
,,,,0.1005859375,,0.984375,,0.1160714253783226,,0.9921875,,,2761,,,,
,,,,0.21400000154972076,,0.9919999837875366,,0.19733333587646484,,0.9919999837875366,,,2762,,,,
,,,,0.0807291641831398,,0.96875,,0.07578124850988388,,0.953125,,,2763,,,,
,,,,0.0833333358168602,,0.9921875,,0.0850694477558136,,0.9921875,,,2764,,,,
,,,,0.1406015008687973,,0.9824561476707458,,0.13796991109848022,,0.9780701398849487,,,2765,,,,
,,,,0.1123046875,,0.9765625,,0.0954861119389534,,0.9453125,,,2766,,,,
,,,,0.13732442259788513,,0.9869564771652222,,0.14240804314613342,,0.969565212726593,,,2767,,,,
,,,,0.046875,,0.96875,,0.04453124850988388,,0.9765625,,,2768,,,,
,,,,0.05234374850988388,,0.984375,,0.05546874925494194,,1.0,,,2769,,,,
,,,,0.14133644104003906,,0.9743589758872986,,0.1478632539510727,,0.9914529919624329,,,2770,,,,
,,,,0.1316964328289032,,1.0,,0.1123046875,,0.9921875,,,2771,,,,
,,,,0.1294642835855484,,0.9921875,,0.1103515625,,0.9921875,,,2772,,,,
,,,,0.1328125,,0.9765625,,0.1142578125,,0.9765625,,,2773,,,,
,,,,0.1763157844543457,,0.9736841917037964,,0.22587719559669495,,0.9868420958518982,,,2774,,,,
,,,,0.0703125,,0.953125,,0.06953124701976776,,0.9453125,,,2775,,,,
,,,,0.07656250149011612,,0.984375,,0.07734374701976776,,0.984375,,,2776,,,,
,,,,0.1870993673801422,,0.9695512652397156,,0.1777065396308899,,0.9695512652397156,,,2777,,,,
,,,,0.1393229216337204,,0.9765625,,0.125,,0.9765625,,,2778,,,,
,,,,0.1015625,,0.9609375,,0.1060267835855484,,0.9765625,,,2779,,,,
,,,,0.14938658475875854,,0.9625566005706787,,0.1754179745912552,,0.9848484992980957,,,2780,,,,
,,,,0.1026785746216774,,0.9609375,,0.0869140625,,0.9609375,,,2781,,,,
,,,,0.06484375149011612,,0.921875,,0.0737847238779068,,0.9296875,,,2782,,,,
,,,,0.14687499403953552,,0.9609375,,0.1484375,,0.953125,,,2783,,,,
,,,,0.1380208283662796,,1.0,,0.0876736119389534,,0.984375,,,2784,,,,
,,,,0.1216517835855484,,0.9921875,,0.1015625,,0.9921875,,,2785,,,,
,,,,0.22907517850399017,,0.9771376848220825,,0.17101523280143738,,0.9771376848220825,,,2786,,,,
,,,,0.1103515625,,1.0,,0.1044921875,,0.9765625,,,2787,,,,
,,,,0.0946180522441864,,0.984375,,0.0876736119389534,,0.9765625,,,2788,,,,
,,,,0.11596638709306717,,0.9764705896377563,,0.10147058963775635,,0.9529411792755127,,,2789,,,,
89,0.749884843826294,0.7489559054374695,0.7656630277633667,,0.9753807783126831,,0.7631803750991821,,0.9728714823722839,,,,6569,,,,
89,,,,,,,,,,,0.11737492680549622,1.7577857971191406,6569,0.8251444697380066,,0.8595002293586731,
90,,,,,,,,,,,,,6599,,0.6949641704559326,,0.7120806574821472
,,,,0.0966796875,,0.9453125,,0.0966796875,,0.9140625,,,2790,,,,
,,,,0.0830078125,,0.9375,,0.0791015625,,0.8828125,,,2791,,,,
,,,,0.0993303582072258,,0.921875,,0.083984375,,0.9296875,,,2792,,,,
,,,,0.19555555284023285,,0.9839999675750732,,0.22100000083446503,,0.9880000352859497,,,2793,,,,
,,,,0.1138392835855484,,0.9609375,,0.1082589253783226,,0.9453125,,,2794,,,,
,,,,0.0868055522441864,,0.984375,,0.0986328125,,0.9765625,,,2795,,,,
,,,,0.13195489346981049,,0.9649122953414917,,0.12568920850753784,,0.9780701398849487,,,2796,,,,
,,,,0.1082589253783226,,0.984375,,0.1071428582072258,,0.9765625,,,2797,,,,
,,,,0.1767558455467224,,0.97826087474823,,0.13905611634254456,,0.9869564771652222,,,2798,,,,
,,,,0.0677083358168602,,0.9921875,,0.0616319440305233,,0.9921875,,,2799,,,,
,,,,0.06562499701976776,,1.0,,0.06562499701976776,,0.9921875,,,2800,,,,
,,,,0.16837607324123383,,0.995726466178894,,0.16239316761493683,,1.0,,,2801,,,,
,,,,0.1283482164144516,,0.984375,,0.1272321492433548,,0.984375,,,2802,,,,
,,,,0.107421875,,1.0,,0.1458333283662796,,1.0,,,2803,,,,
,,,,0.11328125,,0.9921875,,0.11328125,,0.9921875,,,2804,,,,
,,,,0.21710526943206787,,0.9868420958518982,,0.18615984916687012,,0.9561403393745422,,,2805,,,,
,,,,0.06875000149011612,,0.96875,,0.06015624850988388,,0.8984375,,,2806,,,,
,,,,0.07656250149011612,,0.9765625,,0.06718750298023224,,0.9140625,,,2807,,,,
,,,,0.19671474397182465,,1.0,,0.1903044879436493,,0.9791666269302368,,,2808,,,,
,,,,0.234375,,1.0,,0.1316964328289032,,1.0,,,2809,,,,
,,,,0.16562500596046448,,0.9921875,,0.2109375,,1.0,,,2810,,,,
,,,,0.18351620435714722,,0.9676071405410767,,0.1873040795326233,,0.9848484992980957,,,2811,,,,
,,,,0.0888671875,,0.953125,,0.0908203125,,0.9765625,,,2812,,,,
,,,,0.0859375,,0.90625,,0.0763888880610466,,0.9609375,,,2813,,,,
,,,,0.1475694477558136,,0.9609375,,0.15625,,0.953125,,,2814,,,,
,,,,0.07656250149011612,,0.96875,,0.07421875,,0.953125,,,2815,,,,
,,,,0.0859375,,0.9765625,,0.0947265625,,0.9453125,,,2816,,,,
,,,,0.1733689308166504,,0.9771376848220825,,0.17141708731651306,,0.9708086252212524,,,2817,,,,
,,,,0.1183035746216774,,0.9921875,,0.1015625,,0.9921875,,,2818,,,,
,,,,0.1380208283662796,,0.984375,,0.1138392835855484,,0.984375,,,2819,,,,
,,,,0.10000000149011612,,0.9764705896377563,,0.09558823704719543,,0.9764705896377563,,,2820,,,,
90,0.7298052906990051,0.7297332882881165,0.7581430077552795,,0.9722264409065247,,0.7413581013679504,,0.9647952318191528,,,,6642,,,,
90,,,,,,,,,,,0.11442290246486664,1.7518996000289917,6642,0.8008556962013245,,0.8363372087478638,
91,,,,,,,,,,,,,6649,,0.7243582010269165,,0.7586545348167419
91,,,,,,,,,,,,,6699,,0.7610649466514587,,0.8171937465667725
,,,,0.1044921875,,0.984375,,0.1160714253783226,,0.9765625,,,2821,,,,
,,,,0.12890625,,0.984375,,0.087890625,,0.96875,,,2822,,,,
,,,,0.1025390625,,0.9921875,,0.1138392835855484,,0.984375,,,2823,,,,
,,,,0.2199999988079071,,0.9839999675750732,,0.19466665387153625,,0.9839999675750732,,,2824,,,,
,,,,0.0868055522441864,,0.9609375,,0.0894097238779068,,0.9609375,,,2825,,,,
,,,,0.0842013880610466,,0.984375,,0.0885416641831398,,0.9765625,,,2826,,,,
,,,,0.14774435758590698,,0.9824561476707458,,0.13458646833896637,,0.9649122953414917,,,2827,,,,
,,,,0.107421875,,0.984375,,0.0894097238779068,,0.9609375,,,2828,,,,
,,,,0.12093645334243774,,0.9826086759567261,,0.12428094446659088,,0.9739130735397339,,,2829,,,,
,,,,0.04843749850988388,,0.9609375,,0.05234374850988388,,0.9765625,,,2830,,,,
,,,,0.05546874925494194,,0.9609375,,0.05703125149011612,,0.9765625,,,2831,,,,
,,,,0.1538461595773697,,0.9743589758872986,,0.14079254865646362,,0.9914529919624329,,,2832,,,,
,,,,0.1283482164144516,,1.0,,0.109375,,0.96875,,,2833,,,,
,,,,0.0998263880610466,,1.0,,0.1083984375,,1.0,,,2834,,,,
,,,,0.15625,,0.9765625,,0.1294642835855484,,0.96875,,,2835,,,,
,,,,0.21146616339683533,,0.969298243522644,,0.21929824352264404,,0.9780701398849487,,,2836,,,,
,,,,0.06015624850988388,,0.8984375,,0.06171875074505806,,0.9296875,,,2837,,,,
,,,,0.0807291641831398,,0.9609375,,0.07265625149011612,,0.96875,,,2838,,,,
,,,,0.17913106083869934,,0.9791666269302368,,0.17984330654144287,,0.9695512652397156,,,2839,,,,
,,,,0.1205357164144516,,0.9921875,,0.125,,0.984375,,,2840,,,,
,,,,0.0859375,,0.9609375,,0.0927734375,,0.9609375,,,2841,,,,
,,,,0.18120864033699036,,0.9676071405410767,,0.18173110485076904,,0.994949460029602,,,2842,,,,
,,,,0.08984375,,0.96875,,0.0849609375,,0.9609375,,,2843,,,,
,,,,0.0703125,,0.9375,,0.0703125,,0.9609375,,,2844,,,,
,,,,0.14531248807907104,,0.9609375,,0.14531250298023224,,0.9609375,,,2845,,,,
,,,,0.0824652761220932,,1.0,,0.07421875,,0.9609375,,,2846,,,,
,,,,0.10546875,,0.9765625,,0.1205357164144516,,0.9765625,,,2847,,,,
,,,,0.18634289503097534,,0.9936708807945251,,0.18266884982585907,,0.9644794464111328,,,2848,,,,
,,,,0.1025390625,,1.0,,0.1127232164144516,,1.0,,,2849,,,,
,,,,0.0911458358168602,,0.9765625,,0.07656250149011612,,0.984375,,,2850,,,,
,,,,0.1109243705868721,,0.9764705896377563,,0.08627451211214066,,0.9764705896377563,,,2851,,,,
91,0.726933479309082,0.7282562255859375,0.7587770223617554,,0.9727513194084167,,0.7489484548568726,,0.9700057506561279,,,,6715,,,,
91,,,,,,,,,,,0.11782403290271759,1.7426289319992065,6715,0.8085647225379944,,0.839971125125885,
92,,,,,,,,,,,,,6749,,0.8879824280738831,,0.9151764512062073
,,,,0.1183035746216774,,0.9765625,,0.1171875,,0.9375,,,2852,,,,
,,,,0.1328125,,0.9765625,,0.1236979141831398,,0.9765625,,,2853,,,,
,,,,0.1160714253783226,,0.96875,,0.1354166716337204,,0.9765625,,,2854,,,,
,,,,0.19288888573646545,,0.9919999837875366,,0.19733333587646484,,0.9919999837875366,,,2855,,,,
,,,,0.1127232164144516,,0.9609375,,0.1160714253783226,,0.96875,,,2856,,,,
,,,,0.0815972238779068,,0.9921875,,0.0894097238779068,,0.984375,,,2857,,,,
,,,,0.13822054862976074,,0.9736841917037964,,0.1399749219417572,,0.9379699230194092,,,2858,,,,
,,,,0.0842013880610466,,0.9921875,,0.0833333358168602,,0.9765625,,,2859,,,,
,,,,0.15861204266548157,,0.9826086759567261,,0.14098848402500153,,0.9826086759567261,,,2860,,,,
,,,,0.0616319440305233,,0.9921875,,0.0546875,,0.9921875,,,2861,,,,
,,,,0.0651041641831398,,1.0,,0.0625,,1.0,,,2862,,,,
,,,,0.18423551321029663,,0.9914529919624329,,0.15897436439990997,,0.9914529919624329,,,2863,,,,
,,,,0.1272321492433548,,0.9921875,,0.109375,,0.9921875,,,2864,,,,
,,,,0.1272321492433548,,1.0,,0.17812499403953552,,0.9921875,,,2865,,,,
,,,,0.1006944477558136,,0.9765625,,0.0998263880610466,,0.9765625,,,2866,,,,
,,,,0.23773720860481262,,1.0,,0.2047305703163147,,0.9868420958518982,,,2867,,,,
,,,,0.0798611119389534,,0.96875,,0.06953124701976776,,0.984375,,,2868,,,,
,,,,0.0986328125,,1.0,,0.0876736119389534,,1.0,,,2869,,,,
,,,,0.24130037426948547,,0.9743589758872986,,0.18198005855083466,,0.9743589758872986,,,2870,,,,
,,,,0.15234375,,1.0,,0.15625,,1.0,,,2871,,,,
,,,,0.1160714253783226,,0.984375,,0.099609375,,0.984375,,,2872,,,,
,,,,0.19056949019432068,,0.9676071405410767,,0.22416281700134277,,0.9625566005706787,,,2873,,,,
,,,,0.0947265625,,0.9921875,,0.095703125,,0.984375,,,2874,,,,
,,,,0.07187499850988388,,0.953125,,0.07500000298023224,,0.9609375,,,2875,,,,
,,,,0.14218750596046448,,0.921875,,0.1545138955116272,,0.921875,,,2876,,,,
,,,,0.07187499850988388,,0.9453125,,0.07343749701976776,,0.9453125,,,2877,,,,
,,,,0.0850694477558136,,0.9296875,,0.1005859375,,0.953125,,,2878,,,,
,,,,0.1550503820180893,,0.9746835231781006,,0.18651510775089264,,0.9606045484542847,,,2879,,,,
,,,,0.0928819477558136,,0.9921875,,0.095703125,,0.984375,,,2880,,,,
,,,,0.1064453125,,0.9921875,,0.1005859375,,0.984375,,,2881,,,,
,,,,0.11764705926179886,,0.9764705896377563,,0.10000000149011612,,0.9647058844566345,,,2882,,,,
92,0.7463221549987793,0.741970956325531,0.7687522172927856,,0.977361798286438,,0.7614233493804932,,0.9744982719421387,,,,6788,,,,
92,,,,,,,,,,,0.11441159248352051,1.7332513332366943,6788,0.8030917644500732,,0.8371073603630066,
93,,,,,,,,,,,,,6799,,0.6311628818511963,,0.6930460929870605
93,,,,,,,,,,,,,6849,,0.7660053968429565,,0.8451123237609863
,,,,0.103515625,,0.984375,,0.1354166716337204,,0.96875,,,2883,,,,
,,,,0.1071428582072258,,0.9921875,,0.08984375,,0.9609375,,,2884,,,,
,,,,0.09765625,,0.9921875,,0.1149553582072258,,0.9921875,,,2885,,,,
,,,,0.2639999985694885,,0.9959999918937683,,0.22600001096725464,,0.9839999675750732,,,2886,,,,
,,,,0.1471354216337204,,0.9765625,,0.1458333283662796,,0.96875,,,2887,,,,
,,,,0.0963541641831398,,0.984375,,0.0911458358168602,,0.96875,,,2888,,,,
,,,,0.15956558287143707,,0.9517543911933899,,0.16054025292396545,,0.9780701398849487,,,2889,,,,
,,,,0.0798611119389534,,0.9609375,,0.0807291641831398,,0.96875,,,2890,,,,
,,,,0.12588629126548767,,0.9652173519134521,,0.13444817066192627,,0.969565212726593,,,2891,,,,
,,,,0.0546875,,0.9921875,,0.0615234375,,0.9921875,,,2892,,,,
,,,,0.06093750149011612,,0.9765625,,0.05859375,,0.984375,,,2893,,,,
,,,,0.12657344341278076,,0.9914529919624329,,0.1291375458240509,,0.9459984302520752,,,2894,,,,
,,,,0.1103515625,,0.9765625,,0.0946180522441864,,0.984375,,,2895,,,,
,,,,0.125,,0.984375,,0.1025390625,,0.9921875,,,2896,,,,
,,,,0.0963541641831398,,0.9609375,,0.09375,,0.9609375,,,2897,,,,
,,,,0.16736285388469696,,0.9605263471603394,,0.16527429223060608,,0.9649122953414917,,,2898,,,,
,,,,0.04843749850988388,,0.8984375,,0.05624999850988388,,0.9453125,,,2899,,,,
,,,,0.0703125,,0.9375,,0.07187499850988388,,0.9765625,,,2900,,,,
,,,,0.16346153616905212,,0.9743589758872986,,0.1727207899093628,,0.9583333730697632,,,2901,,,,
,,,,0.1471354216337204,,0.984375,,0.1484375,,0.9921875,,,2902,,,,
,,,,0.1060267835855484,,0.984375,,0.1149553582072258,,0.9765625,,,2903,,,,
,,,,0.18332752585411072,,0.9625566005706787,,0.20498085021972656,,0.9696969985961914,,,2904,,,,
,,,,0.103515625,,0.96875,,0.103515625,,0.96875,,,2905,,,,
,,,,0.0902777761220932,,0.9375,,0.08046875149011612,,0.9296875,,,2906,,,,
,,,,0.1736111044883728,,0.953125,,0.1684027761220932,,0.953125,,,2907,,,,
,,,,0.0868055522441864,,0.9765625,,0.0789930522441864,,0.9296875,,,2908,,,,
,,,,0.0911458358168602,,0.984375,,0.0947265625,,0.953125,,,2909,,,,
,,,,0.18071702122688293,,0.9936708807945251,,0.1829845905303955,,0.9746835231781006,,,2910,,,,
,,,,0.16562500596046448,,1.0,,0.1216517835855484,,0.984375,,,2911,,,,
,,,,0.1044921875,,0.9921875,,0.0911458358168602,,0.9921875,,,2912,,,,
,,,,0.10147058963775635,,0.9882352948188782,,0.0941176488995552,,0.9882352948188782,,,2913,,,,
93,0.746530294418335,0.744222104549408,0.7569282054901123,,0.9699997901916504,,0.7560012340545654,,0.9685059785842896,,,,6861,,,,
93,,,,,,,,,,,0.11236143857240677,1.7285958528518677,6861,0.7911301851272583,,0.8204188346862793,
94,,,,,,,,,,,,,6899,,0.7990883588790894,,0.7990837097167969
,,,,0.1082589253783226,,0.953125,,0.1263020783662796,,0.953125,,,2914,,,,
,,,,0.1026785746216774,,0.9375,,0.1015625,,0.96875,,,2915,,,,
,,,,0.1037946417927742,,0.953125,,0.1223958358168602,,0.9765625,,,2916,,,,
,,,,0.1522963047027588,,0.9839999675750732,,0.1531851887702942,,0.9800000190734863,,,2917,,,,
,,,,0.0815972238779068,,0.953125,,0.0798611119389534,,0.9453125,,,2918,,,,
,,,,0.0850694477558136,,0.984375,,0.09375,,0.9765625,,,2919,,,,
,,,,0.12832079827785492,,0.9780701398849487,,0.12305764108896255,,0.9912281036376953,,,2920,,,,
,,,,0.0850694477558136,,0.9921875,,0.0876736119389534,,0.9609375,,,2921,,,,
,,,,0.1580825001001358,,0.991304337978363,,0.1522853970527649,,0.97826087474823,,,2922,,,,
,,,,0.06093750149011612,,0.984375,,0.0633680522441864,,0.984375,,,2923,,,,
,,,,0.0720486119389534,,0.9921875,,0.0746527761220932,,0.9765625,,,2924,,,,
,,,,0.1627039611339569,,0.995726466178894,,0.15843045711517334,,1.0,,,2925,,,,
,,,,0.1083984375,,0.9921875,,0.0859375,,0.9921875,,,2926,,,,
,,,,0.1083984375,,0.9921875,,0.10546875,,0.984375,,,2927,,,,
,,,,0.0980902761220932,,0.9765625,,0.111328125,,0.984375,,,2928,,,,
,,,,0.15839597582817078,,0.9780701398849487,,0.1860206127166748,,0.9912281036376953,,,2929,,,,
,,,,0.078125,,0.921875,,0.0694444477558136,,0.921875,,,2930,,,,
,,,,0.078125,,0.984375,,0.07265625149011612,,0.9765625,,,2931,,,,
,,,,0.21153846383094788,,0.9791666269302368,,0.22252747416496277,,0.9647436141967773,,,2932,,,,
,,,,0.1123046875,,0.984375,,0.1796875,,0.9765625,,,2933,,,,
,,,,0.1354166716337204,,0.984375,,0.1127232164144516,,0.9765625,,,2934,,,,
,,,,0.19361719489097595,,0.9524555802345276,,0.19309474527835846,,0.9797979593276978,,,2935,,,,
,,,,0.095703125,,0.96875,,0.0947265625,,0.9765625,,,2936,,,,
,,,,0.0798611119389534,,0.9296875,,0.0833333358168602,,0.9609375,,,2937,,,,
,,,,0.1527777761220932,,0.9453125,,0.14531250298023224,,0.953125,,,2938,,,,
,,,,0.099609375,,1.0,,0.09375,,0.96875,,,2939,,,,
,,,,0.1064453125,,0.9921875,,0.1116071417927742,,0.953125,,,2940,,,,
,,,,0.21254196763038635,,0.9873417615890503,,0.2084086835384369,,0.9644794464111328,,,2941,,,,
,,,,0.1419270783662796,,1.0,,0.140625,,0.9921875,,,2942,,,,
,,,,0.0954861119389534,,0.9921875,,0.1025390625,,0.984375,,,2943,,,,
,,,,0.11932773143053055,,0.9882352948188782,,0.08758170157670975,,0.9764705896377563,,,2944,,,,
94,0.7514299154281616,0.7393714189529419,0.7697458267211914,,0.9739227294921875,,0.752341628074646,,0.9711986184120178,,,,6934,,,,
94,,,,,,,,,,,0.11519190669059753,1.7188035249710083,6934,0.7824317216873169,,0.8149155378341675,
95,,,,,,,,,,,,,6949,,0.7470275163650513,,0.7669219374656677
95,,,,,,,,,,,,,6999,,0.7965824604034424,,0.9003483057022095
,,,,0.109375,,0.9609375,,0.0972222238779068,,0.9765625,,,2945,,,,
,,,,0.1380208283662796,,0.9765625,,0.1149553582072258,,0.9609375,,,2946,,,,
,,,,0.13671875,,0.9765625,,0.1005859375,,0.9765625,,,2947,,,,
,,,,0.18666666746139526,,0.9800000190734863,,0.18666666746139526,,0.9800000190734863,,,2948,,,,
,,,,0.09375,,0.9453125,,0.0859375,,0.953125,,,2949,,,,
,,,,0.06796874850988388,,0.9453125,,0.0798611119389534,,0.9765625,,,2950,,,,
,,,,0.14072681963443756,,0.9868420958518982,,0.13809524476528168,,0.9824561476707458,,,2951,,,,
,,,,0.0902777761220932,,0.984375,,0.0911458358168602,,0.9609375,,,2952,,,,
,,,,0.1363210678100586,,0.9528428316116333,,0.13458195328712463,,0.991304337978363,,,2953,,,,
,,,,0.04843749850988388,,0.984375,,0.04531250149011612,,0.9765625,,,2954,,,,
,,,,0.05859375,,0.984375,,0.05624999850988388,,0.984375,,,2955,,,,
,,,,0.14763015508651733,,0.9914529919624329,,0.15453682839870453,,1.0,,,2956,,,,
,,,,0.1083984375,,0.984375,,0.0963541641831398,,0.984375,,,2957,,,,
,,,,0.109375,,0.9921875,,0.1484375,,0.9921875,,,2958,,,,
,,,,0.0998263880610466,,0.9765625,,0.1123046875,,0.9765625,,,2959,,,,
,,,,0.15939849615097046,,0.9780701398849487,,0.18407128751277924,,0.969298243522644,,,2960,,,,
,,,,0.0791015625,,0.921875,,0.0729166641831398,,0.9296875,,,2961,,,,
,,,,0.0824652761220932,,0.9921875,,0.07578124850988388,,0.9609375,,,2962,,,,
,,,,0.1951121836900711,,0.9743589758872986,,0.17378917336463928,,0.9791666269302368,,,2963,,,,
,,,,0.1183035746216774,,0.9921875,,0.125,,1.0,,,2964,,,,
,,,,0.0830078125,,0.9765625,,0.0947265625,,0.9609375,,,2965,,,,
,,,,0.19435736536979675,,0.9726575613021851,,0.20913568139076233,,0.9575060606002808,,,2966,,,,
,,,,0.1138392835855484,,0.984375,,0.0927734375,,0.96875,,,2967,,,,
,,,,0.07656250149011612,,0.9453125,,0.0798611119389534,,0.9609375,,,2968,,,,
,,,,0.1770833432674408,,0.984375,,0.171875,,0.953125,,,2969,,,,
,,,,0.0954861119389534,,0.9921875,,0.07968749850988388,,0.9609375,,,2970,,,,
,,,,0.1261160671710968,,1.0,,0.09765625,,0.9765625,,,2971,,,,
,,,,0.28795313835144043,,0.9693877696990967,,0.184391051530838,,0.9606045484542847,,,2972,,,,
,,,,0.1205357164144516,,0.984375,,0.1216517835855484,,0.9921875,,,2973,,,,
,,,,0.0954861119389534,,0.9921875,,0.08437500149011612,,0.984375,,,2974,,,,
,,,,0.09852941334247589,,0.9647058844566345,,0.08758170157670975,,0.9529411792755127,,,2975,,,,
95,0.7487733364105225,0.7505102753639221,0.7690656781196594,,0.9755882024765015,,0.7594482898712158,,0.9707818031311035,,,,7007,,,,
95,,,,,,,,,,,0.11284118890762329,1.7294921875,7007,0.7847773432731628,,0.8166347742080688,
96,,,,,,,,,,,,,7049,,0.800849437713623,,0.7770649194717407
,,,,0.1432291716337204,,0.9765625,,0.1432291716337204,,0.9765625,,,2976,,,,
,,,,0.1216517835855484,,0.96875,,0.13671875,,0.96875,,,2977,,,,
,,,,0.1354166716337204,,0.9765625,,0.13671875,,0.96875,,,2978,,,,
,,,,0.19288888573646545,,0.9880000352859497,,0.25942856073379517,,0.9919999837875366,,,2979,,,,
,,,,0.0947265625,,0.96875,,0.0963541641831398,,0.984375,,,2980,,,,
,,,,0.095703125,,0.984375,,0.1171875,,0.984375,,,2981,,,,
,,,,0.1484266221523285,,0.9736841917037964,,0.15148983895778656,,0.969298243522644,,,2982,,,,
,,,,0.0911458358168602,,0.9921875,,0.0885416641831398,,0.9765625,,,2983,,,,
,,,,0.13892976939678192,,0.991304337978363,,0.1466369330883026,,0.9826086759567261,,,2984,,,,
,,,,0.0546875,,1.0,,0.05156249925494194,,0.9921875,,,2985,,,,
,,,,0.072265625,,0.984375,,0.0625,,0.9765625,,,2986,,,,
,,,,0.13255634903907776,,0.9914529919624329,,0.1450660526752472,,1.0,,,2987,,,,
,,,,0.0885416641831398,,0.9765625,,0.0920138880610466,,0.96875,,,2988,,,,
,,,,0.099609375,,0.984375,,0.0894097238779068,,0.984375,,,2989,,,,
,,,,0.103515625,,0.96875,,0.08906249701976776,,0.96875,,,2990,,,,
,,,,0.17989417910575867,,1.0,,0.189223051071167,,0.9824561476707458,,,2991,,,,
,,,,0.0824652761220932,,0.984375,,0.06406249850988388,,0.9609375,,,2992,,,,
,,,,0.09375,,0.9921875,,0.07578124850988388,,0.953125,,,2993,,,,
,,,,0.2532051205635071,,1.0,,0.19631409645080566,,0.9743589758872986,,,2994,,,,
,,,,0.1123046875,,0.9921875,,0.1044921875,,0.9765625,,,2995,,,,
,,,,0.1138392835855484,,0.984375,,0.0869140625,,0.96875,,,2996,,,,
,,,,0.16827276349067688,,0.9575060606002808,,0.19056949019432068,,0.9474050998687744,,,2997,,,,
,,,,0.091796875,,0.9609375,,0.0986328125,,0.9609375,,,2998,,,,
,,,,0.091796875,,0.9453125,,0.0842013880610466,,0.9375,,,2999,,,,
,,,,0.14218750596046448,,0.96875,,0.14531250298023224,,0.9453125,,,3000,,,,
,,,,0.0789930522441864,,0.9765625,,0.0789930522441864,,0.9609375,,,3001,,,,
,,,,0.0986328125,,0.96875,,0.0876736119389534,,0.9921875,,,3002,,,,
,,,,0.15933866798877716,,0.9873417615890503,,0.17282354831695557,,0.9708086252212524,,,3003,,,,
,,,,0.0920138880610466,,1.0,,0.0885416641831398,,0.984375,,,3004,,,,
,,,,0.0911458358168602,,0.9765625,,0.0859375,,0.9765625,,,3005,,,,
,,,,0.10147058963775635,,0.9647058844566345,,0.10000000149011612,,0.9764705896377563,,,3006,,,,
96,0.7518846988677979,0.7457730770111084,0.7669428586959839,,0.9787601232528687,,0.7587427496910095,,0.9710745811462402,,,,7080,,,,
96,,,,,,,,,,,0.11270001530647278,1.7192316055297852,7080,0.7904027700424194,,0.8227760195732117,
97,,,,,,,,,,,,,7099,,0.6537069082260132,,0.6523164510726929
97,,,,,,,,,,,,,7149,,0.7273605465888977,,0.7571630477905273
,,,,0.0920138880610466,,0.96875,,0.103515625,,0.9765625,,,3007,,,,
,,,,0.1328125,,0.96875,,0.1104910746216774,,0.9765625,,,3008,,,,
,,,,0.0859375,,0.984375,,0.1138392835855484,,0.96875,,,3009,,,,
,,,,0.22699999809265137,,0.9959999918937683,,0.2199999988079071,,0.9880000352859497,,,3010,,,,
,,,,0.0920138880610466,,0.96875,,0.07656250149011612,,0.953125,,,3011,,,,
,,,,0.111328125,,0.9921875,,0.1005859375,,0.9765625,,,3012,,,,
,,,,0.1541353464126587,,0.9780701398849487,,0.16527429223060608,,0.9511277675628662,,,3013,,,,
,,,,0.0920138880610466,,0.9765625,,0.0885416641831398,,0.96875,,,3014,,,,
,,,,0.12441471219062805,,0.9826086759567261,,0.1543664038181305,,0.9826086759567261,,,3015,,,,
,,,,0.046875,,0.9765625,,0.05703125149011612,,0.953125,,,3016,,,,
,,,,0.05937499925494194,,0.96875,,0.06875000149011612,,0.984375,,,3017,,,,
,,,,0.1606837660074234,,0.9829059839248657,,0.16239316761493683,,0.995726466178894,,,3018,,,,
,,,,0.1328125,,0.9921875,,0.1316964328289032,,0.9921875,,,3019,,,,
,,,,0.1875,,1.0,,0.1305803507566452,,0.984375,,,3020,,,,
,,,,0.1575520783662796,,0.9921875,,0.1142578125,,0.9921875,,,3021,,,,
,,,,0.21271929144859314,,0.9868420958518982,,0.24167561531066895,,0.9868420958518982,,,3022,,,,
,,,,0.05781250074505806,,0.921875,,0.06406249850988388,,0.96875,,,3023,,,,
,,,,0.078125,,0.9609375,,0.07265625149011612,,0.9609375,,,3024,,,,
,,,,0.17913106083869934,,0.9791666269302368,,0.16310539841651917,,0.9791666269302368,,,3025,,,,
,,,,0.1216517835855484,,1.0,,0.1261160671710968,,0.9921875,,,3026,,,,
,,,,0.1004464253783226,,0.984375,,0.14218750596046448,,0.9765625,,,3027,,,,
,,,,0.1500445008277893,,0.9625566005706787,,0.1748955100774765,,0.9575060606002808,,,3028,,,,
,,,,0.087890625,,0.9765625,,0.091796875,,0.953125,,,3029,,,,
,,,,0.06718750298023224,,0.9375,,0.078125,,0.9453125,,,3030,,,,
,,,,0.1484375,,0.9765625,,0.1701388955116272,,0.9609375,,,3031,,,,
,,,,0.095703125,,0.96875,,0.07421875,,0.96875,,,3032,,,,
,,,,0.1015625,,0.984375,,0.0876736119389534,,0.9765625,,,3033,,,,
,,,,0.1815781146287918,,0.9771376848220825,,0.17931054532527924,,0.9669336080551147,,,3034,,,,
,,,,0.1138392835855484,,0.9921875,,0.1025390625,,0.9921875,,,3035,,,,
,,,,0.07968749850988388,,0.984375,,0.08046875149011612,,0.984375,,,3036,,,,
,,,,0.11260504275560379,,0.9529411792755127,,0.10000000149011612,,0.9882352948188782,,,3037,,,,
97,0.7517002820968628,0.7503220438957214,0.7615965008735657,,0.9752272367477417,,0.7659955024719238,,0.9738299250602722,,,,7153,,,,
97,,,,,,,,,,,0.11188943684101105,1.71157968044281,7153,0.7748717665672302,,0.8066121935844421,
98,,,,,,,,,,,,,7199,,0.7807784080505371,,0.8824068903923035
,,,,0.1227678582072258,,0.9765625,,0.1194196417927742,,0.9609375,,,3038,,,,
,,,,0.1354166716337204,,0.96875,,0.1037946417927742,,0.9609375,,,3039,,,,
,,,,0.1149553582072258,,0.984375,,0.1071428582072258,,0.9765625,,,3040,,,,
,,,,0.20088890194892883,,1.0,,0.19200000166893005,,0.9800000190734863,,,3041,,,,
,,,,0.1005859375,,0.9609375,,0.1005859375,,0.9609375,,,3042,,,,
,,,,0.103515625,,0.9921875,,0.1149553582072258,,0.984375,,,3043,,,,
,,,,0.14624060690402985,,0.969298243522644,,0.14536340534687042,,0.9736841917037964,,,3044,,,,
,,,,0.0908203125,,0.9765625,,0.0908203125,,0.953125,,,3045,,,,
,,,,0.13808992505073547,,0.9826086759567261,,0.15050166845321655,,0.9869564771652222,,,3046,,,,
,,,,0.04140625149011612,,0.96875,,0.0546875,,0.984375,,,3047,,,,
,,,,0.05390625074505806,,0.9609375,,0.06406249850988388,,0.9765625,,,3048,,,,
,,,,0.13737374544143677,,0.9786324501037598,,0.15843045711517334,,1.0,,,3049,,,,
,,,,0.15234375,,1.0,,0.15234375,,0.9921875,,,3050,,,,
,,,,0.232421875,,1.0,,0.18125000596046448,,0.9921875,,,3051,,,,
,,,,0.19062499701976776,,0.984375,,0.1171875,,0.9921875,,,3052,,,,
,,,,0.23026315867900848,,0.9956140518188477,,0.1949317753314972,,0.9824561476707458,,,3053,,,,
,,,,0.0842013880610466,,1.0,,0.0746527761220932,,0.953125,,,3054,,,,
,,,,0.0928819477558136,,1.0,,0.08046875149011612,,0.96875,,,3055,,,,
,,,,0.2083333432674408,,0.9647436141967773,,0.19310897588729858,,0.9807692170143127,,,3056,,,,
,,,,0.1302083283662796,,1.0,,0.1194196417927742,,1.0,,,3057,,,,
,,,,0.0904017835855484,,0.953125,,0.1067708358168602,,0.9453125,,,3058,,,,
,,,,0.17280563712120056,,0.9676071405410767,,0.23278763890266418,,0.9625566005706787,,,3059,,,,
,,,,0.099609375,,0.9765625,,0.0986328125,,0.96875,,,3060,,,,
,,,,0.0842013880610466,,0.953125,,0.07656250149011612,,0.953125,,,3061,,,,
,,,,0.14374999701976776,,0.9375,,0.1736111044883728,,0.9609375,,,3062,,,,
,,,,0.0755208358168602,,0.9296875,,0.07109375298023224,,0.9375,,,3063,,,,
,,,,0.0807291641831398,,0.921875,,0.0815972238779068,,0.9453125,,,3064,,,,
,,,,0.19697752594947815,,0.9606045484542847,,0.158847838640213,,0.9771376848220825,,,3065,,,,
,,,,0.1149553582072258,,0.9921875,,0.103515625,,0.984375,,,3066,,,,
,,,,0.0911458358168602,,0.9765625,,0.0920138880610466,,0.9921875,,,3067,,,,
,,,,0.09705882519483566,,0.9647058844566345,,0.10147058963775635,,0.9764705896377563,,,3068,,,,
98,0.7388792037963867,0.7394648790359497,0.7567261457443237,,0.9723730683326721,,0.7587400674819946,,0.9703526496887207,,,,7226,,,,
98,,,,,,,,,,,0.11234075576066971,1.7163286209106445,7226,0.776170015335083,,0.8081281185150146,
99,,,,,,,,,,,,,7249,,0.8378928303718567,,0.8374384641647339
99,,,,,,,,,,,,,7299,,0.6538472771644592,,0.7030239701271057
,,,,0.1160714253783226,,0.96875,,0.1127232164144516,,0.9375,,,3069,,,,
,,,,0.140625,,0.96875,,0.12109375,,0.96875,,,3070,,,,
,,,,0.091796875,,0.984375,,0.0927734375,,0.984375,,,3071,,,,
,,,,0.22095239162445068,,1.0,,0.1863333284854889,,1.0,,,3072,,,,
,,,,0.1471354216337204,,0.984375,,0.125,,0.9765625,,,3073,,,,
,,,,0.1123046875,,0.9921875,,0.0963541641831398,,0.9765625,,,3074,,,,
,,,,0.1621553897857666,,0.9780701398849487,,0.1621553897857666,,0.9824561476707458,,,3075,,,,
,,,,0.103515625,,0.9921875,,0.1044921875,,0.9765625,,,3076,,,,
,,,,0.1590486764907837,,0.9826086759567261,,0.15257525444030762,,0.9826086759567261,,,3077,,,,
,,,,0.04531250149011612,,0.9765625,,0.05000000074505806,,0.96875,,,3078,,,,
,,,,0.05703125149011612,,0.984375,,0.06171875074505806,,0.984375,,,3079,,,,
,,,,0.14731934666633606,,0.9871795177459717,,0.1490287482738495,,1.0,,,3080,,,,
,,,,0.1283482164144516,,0.9921875,,0.1103515625,,0.984375,,,3081,,,,
,,,,0.1123046875,,0.9921875,,0.1294642835855484,,0.9921875,,,3082,,,,
,,,,0.1142578125,,0.96875,,0.1283482164144516,,0.9765625,,,3083,,,,
,,,,0.24436089396476746,,0.9824561476707458,,0.1881091594696045,,0.9780701398849487,,,3084,,,,
,,,,0.05312500149011612,,0.8984375,,0.0546875,,0.9140625,,,3085,,,,
,,,,0.06953124701976776,,0.96875,,0.0703125,,0.9765625,,,3086,,,,
,,,,0.20192307233810425,,0.9599359035491943,,0.22802197933197021,,0.9695512652397156,,,3087,,,,
,,,,0.1103515625,,0.984375,,0.1123046875,,0.984375,,,3088,,,,
,,,,0.0842013880610466,,0.9609375,,0.1104910746216774,,0.984375,,,3089,,,,
,,,,0.14378264546394348,,0.9625566005706787,,0.1624675840139389,,0.9797979593276978,,,3090,,,,
,,,,0.095703125,,0.9765625,,0.0763888880610466,,0.9609375,,,3091,,,,
,,,,0.078125,,0.9296875,,0.0729166641831398,,0.9453125,,,3092,,,,
,,,,0.1579861044883728,,0.9765625,,0.1527777761220932,,0.96875,,,3093,,,,
,,,,0.1127232164144516,,0.984375,,0.0885416641831398,,0.9609375,,,3094,,,,
,,,,0.1432291716337204,,1.0,,0.1183035746216774,,0.96875,,,3095,,,,
,,,,0.2642728090286255,,0.9936708807945251,,0.1966223120689392,,0.9644794464111328,,,3096,,,,
,,,,0.14453125,,1.0,,0.140625,,0.9921875,,,3097,,,,
,,,,0.1238839253783226,,1.0,,0.103515625,,0.9921875,,,3098,,,,
,,,,0.11596638709306717,,0.9882352948188782,,0.09852941334247589,,0.9882352948188782,,,3099,,,,
99,0.744202733039856,0.746493399143219,0.7661077976226807,,0.9760924577713013,,0.760006308555603,,0.9730612635612488,,,,7299,,,,
99,,,,,,,,,,,0.11112679541110992,1.692476511001587,7299,0.7645636796951294,,0.801810085773468,
100,,,,,,,,,,,,,7349,,0.7053802013397217,,0.7535083293914795
,,,,0.1064453125,,0.9609375,,0.16718749701976776,,0.9453125,,,3100,,,,
,,,,0.1005859375,,0.9453125,,0.1049107164144516,,0.953125,,,3101,,,,
,,,,0.1044921875,,0.9765625,,0.1341145783662796,,0.96875,,,3102,,,,
,,,,0.17680001258850098,,0.9880000352859497,,0.19822221994400024,,0.9800000190734863,,,3103,,,,
,,,,0.07421875,,0.9375,,0.0859375,,0.9375,,,3104,,,,
,,,,0.0966796875,,0.9609375,,0.0859375,,0.9609375,,,3105,,,,
,,,,0.17404621839523315,,0.9912281036376953,,0.14248120784759521,,0.9511277675628662,,,3106,,,,
,,,,0.1272321492433548,,0.9921875,,0.107421875,,0.9921875,,,3107,,,,
,,,,0.13311035931110382,,0.991304337978363,,0.16839465498924255,,0.991304337978363,,,3108,,,,
,,,,0.04843749850988388,,0.984375,,0.04765624925494194,,0.9765625,,,3109,,,,
,,,,0.0590277761220932,,0.984375,,0.0625,,0.984375,,,3110,,,,
,,,,0.17473885416984558,,0.9786324501037598,,0.15641026198863983,,0.9871795177459717,,,3111,,,,
,,,,0.0989583358168602,,1.0,,0.0980902761220932,,0.96875,,,3112,,,,
,,,,0.1316964328289032,,1.0,,0.1294642835855484,,0.9921875,,,3113,,,,
,,,,0.1328125,,0.9921875,,0.1238839253783226,,0.9765625,,,3114,,,,
,,,,0.22352756559848785,,0.9956140518188477,,0.29657477140426636,,0.9824561476707458,,,3115,,,,
,,,,0.0859375,,0.9609375,,0.0824652761220932,,0.9453125,,,3116,,,,
,,,,0.08359374850988388,,1.0,,0.08359374850988388,,0.9765625,,,3117,,,,
,,,,0.21674680709838867,,1.0,,0.21514423191547394,,1.0,,,3118,,,,
,,,,0.1484375,,1.0,,0.1305803507566452,,0.9921875,,,3119,,,,
,,,,0.1037946417927742,,0.984375,,0.1104910746216774,,0.984375,,,3120,,,,
,,,,0.17920586466789246,,0.9625566005706787,,0.17794322967529297,,0.9646464586257935,,,3121,,,,
,,,,0.0927734375,,0.9921875,,0.0927734375,,0.9609375,,,3122,,,,
,,,,0.06953124701976776,,0.9453125,,0.078125,,0.9453125,,,3123,,,,
,,,,0.14687499403953552,,0.9609375,,0.1649305522441864,,0.953125,,,3124,,,,
,,,,0.07343749701976776,,0.9765625,,0.07265625149011612,,0.953125,,,3125,,,,
,,,,0.1104910746216774,,0.96875,,0.0868055522441864,,0.9609375,,,3126,,,,
,,,,0.18738698959350586,,0.9732627272605896,,0.17250782251358032,,0.9606045484542847,,,3127,,,,
,,,,0.0798611119389534,,0.96875,,0.0798611119389534,,0.984375,,,3128,,,,
,,,,0.07421875,,0.96875,,0.07500000298023224,,0.9609375,,,3129,,,,
,,,,0.07058823853731155,,0.929411768913269,,0.08496732264757156,,0.9647058844566345,,,3130,,,,
100,0.7549934387207031,0.7537493109703064,0.7700172662734985,,0.9756019711494446,,0.7642872333526611,,0.9681872129440308,,,,7372,,,,
100,,,,,,,,,,,0.11294415593147278,1.70669686794281,7372,0.7622025012969971,,0.7989763021469116,
101,,,,,,,,,,,,,7399,,0.8186719417572021,,0.8021489977836609
,,,,0.1272321492433548,,0.96875,,0.103515625,,0.953125,,,3131,,,,
,,,,0.1060267835855484,,0.9765625,,0.083984375,,0.9609375,,,3132,,,,
,,,,0.0885416641831398,,0.984375,,0.0859375,,0.96875,,,3133,,,,
,,,,0.18666666746139526,,0.972000002861023,,0.19111111760139465,,0.972000002861023,,,3134,,,,
,,,,0.0755208358168602,,0.9296875,,0.0789930522441864,,0.9140625,,,3135,,,,
,,,,0.07187499850988388,,0.96875,,0.0876736119389534,,0.96875,,,3136,,,,
,,,,0.13884711265563965,,0.9511277675628662,,0.13659147918224335,,0.8753132820129395,,,3137,,,,
,,,,0.1194196417927742,,0.9921875,,0.1044921875,,0.984375,,,3138,,,,
,,,,0.1611296832561493,,0.9869564771652222,,0.1534002125263214,,0.9826086759567261,,,3139,,,,
,,,,0.06015624850988388,,0.984375,,0.06171875074505806,,0.96875,,,3140,,,,
,,,,0.06328125298023224,,0.9921875,,0.06796874850988388,,0.96875,,,3141,,,,
,,,,0.15843045711517334,,0.9914529919624329,,0.1558663547039032,,0.9545454978942871,,,3142,,,,
,,,,0.18281249701976776,,0.9921875,,0.1294642835855484,,0.9921875,,,3143,,,,
,,,,0.1142578125,,1.0,,0.1272321492433548,,1.0,,,3144,,,,
,,,,0.15625,,0.9921875,,0.15234375,,0.9921875,,,3145,,,,
,,,,0.18212196230888367,,0.9561403393745422,,0.19376567006111145,,0.9780701398849487,,,3146,,,,
,,,,0.05859375,,0.875,,0.05546874925494194,,0.90625,,,3147,,,,
,,,,0.07109375298023224,,0.9453125,,0.06796874850988388,,0.9375,,,3148,,,,
,,,,0.1899038553237915,,0.9743589758872986,,0.1794871836900711,,0.9743589758872986,,,3149,,,,
,,,,0.1171875,,1.0,,0.1216517835855484,,0.9921875,,,3150,,,,
,,,,0.11328125,,0.984375,,0.1145833358168602,,0.9921875,,,3151,,,,
,,,,0.190047025680542,,0.9625566005706787,,0.2221226990222931,,0.9848484992980957,,,3152,,,,
,,,,0.1328125,,0.9765625,,0.1005859375,,0.9765625,,,3153,,,,
,,,,0.07265625149011612,,0.953125,,0.0842013880610466,,0.9609375,,,3154,,,,
,,,,0.18359375,,0.953125,,0.1701388955116272,,0.9453125,,,3155,,,,
,,,,0.091796875,,0.96875,,0.0824652761220932,,0.9375,,,3156,,,,
,,,,0.0876736119389534,,0.9765625,,0.0859375,,0.9765625,,,3157,,,,
,,,,0.17962628602981567,,0.9834668040275574,,0.19759106636047363,,0.9669336080551147,,,3158,,,,
,,,,0.125,,0.9921875,,0.0876736119389534,,0.984375,,,3159,,,,
,,,,0.0972222238779068,,0.9921875,,0.0876736119389534,,0.9921875,,,3160,,,,
,,,,0.11932773143053055,,0.9882352948188782,,0.08758170157670975,,0.9647058844566345,,,3161,,,,
101,0.7403339743614197,0.7364190220832825,0.7667168378829956,,0.9713419675827026,,0.7536094188690186,,0.9671523571014404,,,,7445,,,,
101,,,,,,,,,,,0.11205359548330307,1.7065362930297852,7445,0.7641074061393738,,0.8040330410003662,
102,,,,,,,,,,,,,7449,,0.7919238805770874,,0.7793111801147461
102,,,,,,,,,,,,,7499,,0.9786516427993774,,1.0503747463226318
,,,,0.1216517835855484,,0.953125,,0.1015625,,0.96875,,,3162,,,,
,,,,0.1263020783662796,,0.96875,,0.1060267835855484,,0.9765625,,,3163,,,,
,,,,0.15781250596046448,,0.984375,,0.16562500596046448,,0.9765625,,,3164,,,,
,,,,0.21700000762939453,,0.9959999918937683,,0.19644445180892944,,0.9800000190734863,,,3165,,,,
,,,,0.1025390625,,0.9765625,,0.0920138880610466,,0.96875,,,3166,,,,
,,,,0.1149553582072258,,0.9765625,,0.099609375,,0.9765625,,,3167,,,,
,,,,0.1712614893913269,,0.9511277675628662,,0.16823308169841766,,0.9824561476707458,,,3168,,,,
,,,,0.1205357164144516,,0.984375,,0.0911458358168602,,0.96875,,,3169,,,,
,,,,0.17339280247688293,,0.991304337978363,,0.13458195328712463,,0.97826087474823,,,3170,,,,
,,,,0.06718750298023224,,1.0,,0.0659722238779068,,0.9921875,,,3171,,,,
,,,,0.07343749701976776,,1.0,,0.06406249850988388,,1.0,,,3172,,,,
,,,,0.15446776151657104,,1.0,,0.15330225229263306,,1.0,,,3173,,,,
,,,,0.0954861119389534,,0.9609375,,0.0972222238779068,,0.96875,,,3174,,,,
,,,,0.1227678582072258,,0.9921875,,0.1261160671710968,,0.984375,,,3175,,,,
,,,,0.1227678582072258,,0.9765625,,0.109375,,0.9765625,,,3176,,,,
,,,,0.16610971093177795,,0.9868420958518982,,0.18295739591121674,,0.9868420958518982,,,3177,,,,
,,,,0.0737847238779068,,0.9375,,0.06640625,,0.9375,,,3178,,,,
,,,,0.095703125,,0.9921875,,0.0876736119389534,,0.9921875,,,3179,,,,
,,,,0.16346153616905212,,0.9455127716064453,,0.16844728589057922,,0.9647436141967773,,,3180,,,,
,,,,0.1160714253783226,,0.9765625,,0.109375,,0.9921875,,,3181,,,,
,,,,0.078125,,0.953125,,0.1263020783662796,,1.0,,,3182,,,,
,,,,0.15546268224716187,,0.9625566005706787,,0.2076926827430725,,0.9797979593276978,,,3183,,,,
,,,,0.09375,,0.96875,,0.09375,,0.9765625,,,3184,,,,
,,,,0.0789930522441864,,0.9375,,0.0824652761220932,,0.9453125,,,3185,,,,
,,,,0.18359375,,0.96875,,0.1666666567325592,,0.96875,,,3186,,,,
,,,,0.109375,,0.984375,,0.0947265625,,0.953125,,,3187,,,,
,,,,0.1044921875,,0.96875,,0.1015625,,0.984375,,,3188,,,,
,,,,0.23818135261535645,,0.9873417615890503,,0.16060449182987213,,0.9504004716873169,,,3189,,,,
,,,,0.1025390625,,1.0,,0.1060267835855484,,0.9921875,,,3190,,,,
,,,,0.109375,,1.0,,0.09375,,0.984375,,,3191,,,,
,,,,0.13725490868091583,,0.9882352948188782,,0.08970588445663452,,0.9764705896377563,,,3192,,,,
102,0.757253110408783,0.7526472210884094,0.7731248140335083,,0.9759962558746338,,0.7657501697540283,,0.9748212099075317,,,,7518,,,,
102,,,,,,,,,,,0.111791230738163,1.6850519180297852,7518,0.7709823250770569,,0.8029516935348511,
103,,,,,,,,,,,,,7549,,0.804806113243103,,0.7721222639083862
,,,,0.1005859375,,0.9609375,,0.13671875,,0.9609375,,,3193,,,,
,,,,0.1049107164144516,,0.9609375,,0.1026785746216774,,0.9765625,,,3194,,,,
,,,,0.099609375,,0.9609375,,0.1194196417927742,,0.96875,,,3195,,,,
,,,,0.19288888573646545,,0.9839999675750732,,0.19377776980400085,,0.9839999675750732,,,3196,,,,
,,,,0.0868055522441864,,0.9453125,,0.0798611119389534,,0.9453125,,,3197,,,,
,,,,0.0876736119389534,,0.9765625,,0.0833333358168602,,0.984375,,,3198,,,,
,,,,0.1264411062002182,,0.9379699230194092,,0.14248120784759521,,0.9780701398849487,,,3199,,,,
,,,,0.0902777761220932,,0.9921875,,0.0920138880610466,,0.9453125,,,3200,,,,
,,,,0.18001672625541687,,0.9826086759567261,,0.13036790490150452,,0.9826086759567261,,,3201,,,,
,,,,0.05781250074505806,,0.9921875,,0.05312500149011612,,0.9765625,,,3202,,,,
,,,,0.05859375,,1.0,,0.06171875074505806,,0.9921875,,,3203,,,,
,,,,0.15415695309638977,,0.9914529919624329,,0.15159285068511963,,1.0,,,3204,,,,
,,,,0.1123046875,,0.9921875,,0.1123046875,,0.984375,,,3205,,,,
,,,,0.1294642835855484,,1.0,,0.1510416716337204,,1.0,,,3206,,,,
,,,,0.11328125,,0.984375,,0.111328125,,0.9921875,,,3207,,,,
,,,,0.19005846977233887,,0.9824561476707458,,0.19298246502876282,,0.969298243522644,,,3208,,,,
,,,,0.06015624850988388,,0.953125,,0.05781250074505806,,0.9375,,,3209,,,,
,,,,0.078125,,0.984375,,0.07578124850988388,,0.96875,,,3210,,,,
,,,,0.23992674052715302,,0.9535256624221802,,0.17877492308616638,,0.9791666269302368,,,3211,,,,
,,,,0.1328125,,1.0,,0.11328125,,0.9921875,,,3212,,,,
,,,,0.15625,,1.0,,0.1082589253783226,,0.9921875,,,3213,,,,
,,,,0.2163507044315338,,0.9726575613021851,,0.1615387499332428,,0.9726575613021851,,,3214,,,,
,,,,0.0986328125,,0.984375,,0.0966796875,,0.9765625,,,3215,,,,
,,,,0.07265625149011612,,0.96875,,0.07109375298023224,,0.96875,,,3216,,,,
,,,,0.1684027761220932,,0.9453125,,0.1597222238779068,,0.9609375,,,3217,,,,
,,,,0.07578124850988388,,0.9609375,,0.0842013880610466,,0.953125,,,3218,,,,
,,,,0.0894097238779068,,0.953125,,0.099609375,,0.9765625,,,3219,,,,
,,,,0.16750192642211914,,0.954275369644165,,0.1649702787399292,,0.9771376848220825,,,3220,,,,
,,,,0.1205357164144516,,1.0,,0.0966796875,,0.984375,,,3221,,,,
,,,,0.109375,,0.9921875,,0.0894097238779068,,0.9765625,,,3222,,,,
,,,,0.08888889104127884,,1.0,,0.1109243705868721,,0.9764705896377563,,,3223,,,,
103,0.7424952983856201,0.7449365258216858,0.7705408334732056,,0.9754987955093384,,0.7584525346755981,,0.9733238220214844,,,,7591,,,,
103,,,,,,,,,,,0.11081593483686447,1.6794333457946777,7591,0.750584602355957,,0.7818096280097961,
104,,,,,,,,,,,,,7599,,0.7131839394569397,,0.7966586351394653
104,,,,,,,,,,,,,7649,,0.7406755089759827,,0.7478997707366943
,,,,0.1458333283662796,,0.96875,,0.1432291716337204,,0.9609375,,,3224,,,,
,,,,0.1341145783662796,,0.984375,,0.1276041716337204,,0.9609375,,,3225,,,,
,,,,0.1025390625,,0.9921875,,0.1354166716337204,,0.984375,,,3226,,,,
,,,,0.20533332228660583,,1.0,,0.22499999403953552,,0.9959999918937683,,,3227,,,,
,,,,0.1238839253783226,,0.9765625,,0.0885416641831398,,0.9609375,,,3228,,,,
,,,,0.109375,,0.9921875,,0.0894097238779068,,0.9765625,,,3229,,,,
,,,,0.17418545484542847,,0.969298243522644,,0.17810150980949402,,0.9511277675628662,,,3230,,,,
,,,,0.09375,,0.9765625,,0.10546875,,0.9765625,,,3231,,,,
,,,,0.14306949079036713,,0.97826087474823,,0.13534002006053925,,0.991304337978363,,,3232,,,,
,,,,0.0595703125,,0.984375,,0.0693359375,,0.984375,,,3233,,,,
,,,,0.0607638880610466,,0.984375,,0.0694444477558136,,0.9921875,,,3234,,,,
,,,,0.15757575631141663,,0.9914529919624329,,0.1399378478527069,,1.0,,,3235,,,,
,,,,0.0989583358168602,,1.0,,0.0980902761220932,,0.984375,,,3236,,,,
,,,,0.1006944477558136,,0.9921875,,0.107421875,,0.984375,,,3237,,,,
,,,,0.1123046875,,0.9765625,,0.107421875,,0.9765625,,,3238,,,,
,,,,0.20467835664749146,,0.9868420958518982,,0.2007797360420227,,0.9868420958518982,,,3239,,,,
,,,,0.0798611119389534,,0.953125,,0.0703125,,0.9375,,,3240,,,,
,,,,0.078125,,0.984375,,0.0911458358168602,,0.9765625,,,3241,,,,
,,,,0.21554487943649292,,0.9695512652397156,,0.20512819290161133,,0.9695512652397156,,,3242,,,,
,,,,0.1142578125,,1.0,,0.18281249701976776,,0.984375,,,3243,,,,
,,,,0.1276041716337204,,0.984375,,0.1328125,,0.9765625,,,3244,,,,
,,,,0.18856669962406158,,0.9474050998687744,,0.1615387499332428,,0.9898989796638489,,,3245,,,,
,,,,0.091796875,,0.984375,,0.09375,,0.984375,,,3246,,,,
,,,,0.087890625,,0.9453125,,0.0947265625,,0.984375,,,3247,,,,
,,,,0.13750000298023224,,0.953125,,0.13593749701976776,,0.9453125,,,3248,,,,
,,,,0.0966796875,,0.9765625,,0.095703125,,0.9609375,,,3249,,,,
,,,,0.099609375,,0.96875,,0.1116071417927742,,0.9765625,,,3250,,,,
,,,,0.19600877165794373,,0.9771376848220825,,0.20269310474395752,,0.9669336080551147,,,3251,,,,
,,,,0.1005859375,,0.9921875,,0.1025390625,,0.984375,,,3252,,,,
,,,,0.1005859375,,0.9765625,,0.0911458358168602,,0.9765625,,,3253,,,,
,,,,0.09558823704719543,,0.9647058844566345,,0.09705882519483566,,0.9764705896377563,,,3254,,,,
104,0.7626160979270935,0.7627248167991638,0.7831501960754395,,0.9765080213546753,,0.774419367313385,,0.9760550260543823,,,,7664,,,,
104,,,,,,,,,,,0.11188281327486038,1.6780822277069092,7664,0.7522560358047485,,0.7827891111373901,
105,,,,,,,,,,,,,7699,,0.6609205603599548,,0.748699426651001
,,,,0.1103515625,,0.9765625,,0.10546875,,0.9609375,,,3255,,,,
,,,,0.1380208283662796,,0.9765625,,0.12890625,,0.9609375,,,3256,,,,
,,,,0.1083984375,,0.984375,,0.10546875,,0.9609375,,,3257,,,,
,,,,0.18666666746139526,,0.9760000109672546,,0.19377776980400085,,0.9880000352859497,,,3258,,,,
,,,,0.0908203125,,0.9375,,0.0824652761220932,,0.953125,,,3259,,,,
,,,,0.0824652761220932,,0.96875,,0.0868055522441864,,0.9765625,,,3260,,,,
,,,,0.14949876070022583,,0.9868420958518982,,0.13972431421279907,,0.9868420958518982,,,3261,,,,
,,,,0.1024305522441864,,0.9921875,,0.1064453125,,0.9921875,,,3262,,,,
,,,,0.13993310928344727,,0.991304337978363,,0.13558527827262878,,0.9869564771652222,,,3263,,,,
,,,,0.04765624925494194,,0.96875,,0.05156249925494194,,0.9375,,,3264,,,,
,,,,0.06640625,,0.984375,,0.06015624850988388,,0.9765625,,,3265,,,,
,,,,0.14079254865646362,,0.9871795177459717,,0.15453682839870453,,0.9914529919624329,,,3266,,,,
,,,,0.1064453125,,1.0,,0.1083984375,,0.984375,,,3267,,,,
,,,,0.1238839253783226,,0.984375,,0.107421875,,1.0,,,3268,,,,
,,,,0.0972222238779068,,0.9765625,,0.1123046875,,0.984375,,,3269,,,,
,,,,0.15588971972465515,,0.9649122953414917,,0.1621553897857666,,0.9780701398849487,,,3270,,,,
,,,,0.05937499925494194,,0.90625,,0.05937499925494194,,0.9140625,,,3271,,,,
,,,,0.0703125,,0.96875,,0.07343749701976776,,0.9765625,,,3272,,,,
,,,,0.20512819290161133,,0.9743589758872986,,0.14743590354919434,,0.9791666269302368,,,3273,,,,
,,,,0.1083984375,,1.0,,0.1283482164144516,,1.0,,,3274,,,,
,,,,0.0927734375,,0.984375,,0.109375,,0.9921875,,,3275,,,,
,,,,0.1748955100774765,,0.9726575613021851,,0.17237025499343872,,0.9797979593276978,,,3276,,,,
,,,,0.083984375,,0.96875,,0.087890625,,0.984375,,,3277,,,,
,,,,0.06640625,,0.9296875,,0.080078125,,0.9765625,,,3278,,,,
,,,,0.14218750596046448,,0.953125,,0.171875,,0.9609375,,,3279,,,,
,,,,0.1005859375,,0.984375,,0.0876736119389534,,0.96875,,,3280,,,,
,,,,0.1025390625,,0.9765625,,0.0885416641831398,,0.9609375,,,3281,,,,
,,,,0.16925859451293945,,0.9936708807945251,,0.184391051530838,,0.9771376848220825,,,3282,,,,
,,,,0.15234375,,1.0,,0.109375,,1.0,,,3283,,,,
,,,,0.1123046875,,0.984375,,0.1103515625,,0.96875,,,3284,,,,
,,,,0.10147058963775635,,0.9882352948188782,,0.11764705926179886,,0.9764705896377563,,,3285,,,,
105,0.7458858489990234,0.7417799234390259,0.7648309469223022,,0.9734468460083008,,0.7613491415977478,,0.9735172986984253,,,,7737,,,,
105,,,,,,,,,,,0.1112280935049057,1.6824030876159668,7737,0.7543746829032898,,0.7964813709259033,
106,,,,,,,,,,,,,7749,,0.7988425493240356,,0.8297711610794067
106,,,,,,,,,,,,,7799,,0.8010942339897156,,0.8510563373565674
,,,,0.1149553582072258,,0.953125,,0.0859375,,0.9375,,,3286,,,,
,,,,0.0927734375,,0.953125,,0.1223958358168602,,0.984375,,,3287,,,,
,,,,0.1060267835855484,,0.96875,,0.1071428582072258,,0.9375,,,3288,,,,
,,,,0.18433333933353424,,0.9959999918937683,,0.1823333352804184,,0.9919999837875366,,,3289,,,,
,,,,0.1238839253783226,,0.9765625,,0.1183035746216774,,0.9765625,,,3290,,,,
,,,,0.1216517835855484,,0.9921875,,0.10546875,,0.984375,,,3291,,,,
,,,,0.15325814485549927,,0.9824561476707458,,0.14887218177318573,,0.9736841917037964,,,3292,,,,
,,,,0.099609375,,0.984375,,0.0824652761220932,,0.953125,,,3293,,,,
,,,,0.1736622154712677,,0.9869564771652222,,0.15243405103683472,,0.97826087474823,,,3294,,,,
,,,,0.0477430559694767,,0.984375,,0.0581597238779068,,0.984375,,,3295,,,,
,,,,0.0529513880610466,,0.96875,,0.0633680522441864,,0.96875,,,3296,,,,
,,,,0.12968142330646515,,0.9914529919624329,,0.16178883612155914,,1.0,,,3297,,,,
,,,,0.0998263880610466,,0.9765625,,0.111328125,,0.984375,,,3298,,,,
,,,,0.1294642835855484,,0.9921875,,0.1305803507566452,,1.0,,,3299,,,,
,,,,0.15234375,,0.9765625,,0.1294642835855484,,0.9921875,,,3300,,,,
,,,,0.259398490190506,,0.9912281036376953,,0.2493734359741211,,0.9649122953414917,,,3301,,,,
,,,,0.07343749701976776,,0.9609375,,0.06171875074505806,,0.8984375,,,3302,,,,
,,,,0.0911458358168602,,0.984375,,0.07265625149011612,,0.9375,,,3303,,,,
,,,,0.25457876920700073,,0.9791666269302368,,0.19951923191547394,,0.9743589758872986,,,3304,,,,
,,,,0.1103515625,,0.9921875,,0.109375,,1.0,,,3305,,,,
,,,,0.0850694477558136,,0.96875,,0.0815972238779068,,0.96875,,,3306,,,,
,,,,0.1880442351102829,,0.9625566005706787,,0.18699929118156433,,0.9797979593276978,,,3307,,,,
,,,,0.0947265625,,0.96875,,0.1005859375,,0.9765625,,,3308,,,,
,,,,0.0888671875,,0.9296875,,0.0868055522441864,,0.9609375,,,3309,,,,
,,,,0.14374999701976776,,0.9453125,,0.1649305522441864,,0.9609375,,,3310,,,,
,,,,0.091796875,,0.9609375,,0.0850694477558136,,0.9609375,,,3311,,,,
,,,,0.1138392835855484,,0.9765625,,0.1149553582072258,,0.9765625,,,3312,,,,
,,,,0.20973262190818787,,0.9606045484542847,,0.2055993378162384,,0.9834668040275574,,,3313,,,,
,,,,0.1484375,,1.0,,0.1484375,,0.984375,,,3314,,,,
,,,,0.1316964328289032,,0.9921875,,0.125,,0.9921875,,,3315,,,,
,,,,0.12100840359926224,,0.9882352948188782,,0.10882353037595749,,0.9882352948188782,,,3316,,,,
106,0.7585649490356445,0.7594823241233826,0.7732114195823669,,0.9746440649032593,,0.7677813768386841,,0.970008373260498,,,,7810,,,,
106,,,,,,,,,,,0.11037649214267731,1.6666176319122314,7810,0.7551433444023132,,0.7950426936149597,
107,,,,,,,,,,,,,7849,,0.6504783630371094,,0.634523868560791
,,,,0.1015625,,0.9453125,,0.1015625,,0.9453125,,,3317,,,,
,,,,0.109375,,0.9609375,,0.0993303582072258,,0.9609375,,,3318,,,,
,,,,0.1149553582072258,,0.984375,,0.1104910746216774,,0.984375,,,3319,,,,
,,,,0.19822221994400024,,0.9800000190734863,,0.19822221994400024,,0.9839999675750732,,,3320,,,,
,,,,0.1205357164144516,,0.96875,,0.1044921875,,0.9609375,,,3321,,,,
,,,,0.0876736119389534,,0.984375,,0.0876736119389534,,0.9765625,,,3322,,,,
,,,,0.14686717092990875,,0.9868420958518982,,0.1737155318260193,,0.9511277675628662,,,3323,,,,
,,,,0.0980902761220932,,0.984375,,0.1064453125,,0.984375,,,3324,,,,
,,,,0.15823113918304443,,0.991304337978363,,0.14581939578056335,,0.9869564771652222,,,3325,,,,
,,,,0.0642361119389534,,0.9921875,,0.05234374850988388,,0.9765625,,,3326,,,,
,,,,0.0694444477558136,,0.984375,,0.05937499925494194,,0.96875,,,3327,,,,
,,,,0.16410256922245026,,0.9914529919624329,,0.15073814988136292,,0.995726466178894,,,3328,,,,
,,,,0.1142578125,,0.9921875,,0.1510416716337204,,0.984375,,,3329,,,,
,,,,0.1536458283662796,,0.984375,,0.23046875,,0.9921875,,,3330,,,,
,,,,0.1536458283662796,,0.9921875,,0.0998263880610466,,0.984375,,,3331,,,,
,,,,0.25563910603523254,,0.9912281036376953,,0.25313282012939453,,0.9824561476707458,,,3332,,,,
,,,,0.0703125,,0.9609375,,0.06875000149011612,,0.9609375,,,3333,,,,
,,,,0.07968749850988388,,0.984375,,0.07578124850988388,,0.9609375,,,3334,,,,
,,,,0.21434295177459717,,0.9743589758872986,,0.20793269574642181,,0.9791666269302368,,,3335,,,,
,,,,0.17499999701976776,,1.0,,0.1227678582072258,,0.9921875,,,3336,,,,
,,,,0.1060267835855484,,0.9765625,,0.1197916641831398,,0.96875,,,3337,,,,
,,,,0.19928346574306488,,0.9524555802345276,,0.2128675878047943,,0.9898989796638489,,,3338,,,,
,,,,0.0815972238779068,,0.96875,,0.0966796875,,0.984375,,,3339,,,,
,,,,0.06796874850988388,,0.921875,,0.07421875,,0.9609375,,,3340,,,,
,,,,0.1597222089767456,,0.953125,,0.1684027761220932,,0.9375,,,3341,,,,
,,,,0.0859375,,0.9609375,,0.0850694477558136,,0.96875,,,3342,,,,
,,,,0.1183035746216774,,0.984375,,0.09765625,,0.9453125,,,3343,,,,
,,,,0.18611326813697815,,0.9810127019882202,,0.18470679223537445,,0.9669336080551147,,,3344,,,,
,,,,0.1064453125,,0.9921875,,0.1261160671710968,,0.9765625,,,3345,,,,
,,,,0.0920138880610466,,0.984375,,0.0920138880610466,,0.9765625,,,3346,,,,
,,,,0.11596638709306717,,0.9647058844566345,,0.09019608050584793,,0.9647058844566345,,,3347,,,,
107,0.7536903023719788,0.7477794885635376,0.7846181392669678,,0.975254237651825,,0.7715423703193665,,0.9722671508789062,,,,7883,,,,
107,,,,,,,,,,,0.10950378328561783,1.6717947721481323,7883,0.7479366660118103,,0.7839376330375671,
108,,,,,,,,,,,,,7899,,0.7564597129821777,,0.7876654863357544
108,,,,,,,,,,,,,7949,,0.8402954339981079,,0.8575032949447632
,,,,0.1194196417927742,,0.96875,,0.1160714253783226,,0.9765625,,,3348,,,,
,,,,0.1127232164144516,,0.984375,,0.1082589253783226,,0.984375,,,3349,,,,
,,,,0.1328125,,0.9921875,,0.1116071417927742,,0.984375,,,3350,,,,
,,,,0.21000000834465027,,0.9880000352859497,,0.21899999678134918,,0.9959999918937683,,,3351,,,,
,,,,0.091796875,,0.9609375,,0.07656250149011612,,0.9765625,,,3352,,,,
,,,,0.0772569477558136,,0.9921875,,0.0928819477558136,,0.9921875,,,3353,,,,
,,,,0.1622110903263092,,0.9511277675628662,,0.1642996370792389,,0.9824561476707458,,,3354,,,,
,,,,0.1205357164144516,,0.9921875,,0.0986328125,,0.96875,,,3355,,,,
,,,,0.2772575318813324,,0.991304337978363,,0.1648457944393158,,0.97826087474823,,,3356,,,,
,,,,0.06875000149011612,,1.0,,0.06484375149011612,,0.9921875,,,3357,,,,
,,,,0.0737847238779068,,1.0,,0.0755208358168602,,0.9765625,,,3358,,,,
,,,,0.15275835990905762,,0.9914529919624329,,0.14250195026397705,,1.0,,,3359,,,,
,,,,0.0928819477558136,,0.9765625,,0.0972222238779068,,0.984375,,,3360,,,,
,,,,0.1025390625,,0.96875,,0.1419270783662796,,0.96875,,,3361,,,,
,,,,0.0902777761220932,,0.96875,,0.08359374850988388,,0.9765625,,,3362,,,,
,,,,0.23755818605422974,,0.9956140518188477,,0.20692355930805206,,0.9824561476707458,,,3363,,,,
,,,,0.0798611119389534,,0.984375,,0.0888671875,,0.953125,,,3364,,,,
,,,,0.1205357164144516,,1.0,,0.0928819477558136,,0.9921875,,,3365,,,,
,,,,0.2380952537059784,,0.990384578704834,,0.20432692766189575,,0.9647436141967773,,,3366,,,,
,,,,0.103515625,,0.9609375,,0.0963541641831398,,0.9921875,,,3367,,,,
,,,,0.083984375,,0.96875,,0.1026785746216774,,0.9765625,,,3368,,,,
,,,,0.15929409861564636,,0.9373040795326233,,0.18856669962406158,,0.9747474789619446,,,3369,,,,
,,,,0.1015625,,0.96875,,0.09375,,0.9765625,,,3370,,,,
,,,,0.0737847238779068,,0.921875,,0.07343749701976776,,0.9296875,,,3371,,,,
,,,,0.13750000298023224,,0.953125,,0.14687499403953552,,0.96875,,,3372,,,,
,,,,0.0850694477558136,,0.9765625,,0.0859375,,0.96875,,,3373,,,,
,,,,0.1393229216337204,,0.9765625,,0.1419270783662796,,0.9765625,,,3374,,,,
,,,,0.23818135261535645,,0.9936708807945251,,0.1775883287191391,,0.9834668040275574,,,3375,,,,
,,,,0.1064453125,,1.0,,0.10546875,,0.9921875,,,3376,,,,
,,,,0.109375,,0.9921875,,0.1044921875,,0.9765625,,,3377,,,,
,,,,0.12100840359926224,,1.0,,0.11764705926179886,,0.9882352948188782,,,3378,,,,
108,0.7660284638404846,0.7624378204345703,0.7715064883232117,,0.9779571294784546,,0.7755244374275208,,0.9766227006912231,,,,7956,,,,
108,,,,,,,,,,,0.10900983959436417,1.664223074913025,7956,0.733151376247406,,0.7730258107185364,
109,,,,,,,,,,,,,7999,,0.8377642631530762,,0.8877772688865662
,,,,0.1171875,,0.953125,,0.0986328125,,0.9375,,,3379,,,,
,,,,0.1060267835855484,,0.9296875,,0.1223958358168602,,0.90625,,,3380,,,,
,,,,0.1127232164144516,,0.9765625,,0.09375,,0.953125,,,3381,,,,
,,,,0.2280000001192093,,0.9880000352859497,,0.2280000001192093,,0.9959999918937683,,,3382,,,,
,,,,0.14453125,,0.96875,,0.1238839253783226,,0.9609375,,,3383,,,,
,,,,0.1064453125,,0.9921875,,0.1083984375,,0.9921875,,,3384,,,,
,,,,0.14874686300754547,,0.9868420958518982,,0.16235031187534332,,0.9868420958518982,,,3385,,,,
,,,,0.10546875,,0.984375,,0.103515625,,0.96875,,,3386,,,,
,,,,0.17382943630218506,,0.9956521987915039,,0.14775177836418152,,0.9826086759567261,,,3387,,,,
,,,,0.05624999850988388,,0.984375,,0.05546874925494194,,0.984375,,,3388,,,,
,,,,0.0616319440305233,,0.96875,,0.06093750149011612,,0.9609375,,,3389,,,,
,,,,0.15501165390014648,,0.9502719640731812,,0.15501165390014648,,0.9914529919624329,,,3390,,,,
,,,,0.1123046875,,0.9921875,,0.1283482164144516,,0.9921875,,,3391,,,,
,,,,0.1471354216337204,,0.984375,,0.1497395783662796,,1.0,,,3392,,,,
,,,,0.1283482164144516,,0.96875,,0.1123046875,,1.0,,,3393,,,,
,,,,0.24149659276008606,,1.0,,0.18615984916687012,,0.9736841917037964,,,3394,,,,
,,,,0.06875000149011612,,1.0,,0.05156249925494194,,0.921875,,,3395,,,,
,,,,0.0902777761220932,,1.0,,0.0720486119389534,,0.9375,,,3396,,,,
,,,,0.20993590354919434,,1.0,,0.1577635258436203,,0.9791666269302368,,,3397,,,,
,,,,0.17812499403953552,,1.0,,0.17656250298023224,,0.9921875,,,3398,,,,
,,,,0.1160714253783226,,0.9921875,,0.1082589253783226,,0.9921875,,,3399,,,,
,,,,0.21346470713615417,,0.9726575613021851,,0.21575360000133514,,0.9848484992980957,,,3400,,,,
,,,,0.1138392835855484,,0.96875,,0.099609375,,0.9765625,,,3401,,,,
,,,,0.0815972238779068,,0.9609375,,0.0868055522441864,,0.96875,,,3402,,,,
,,,,0.1597222238779068,,0.9609375,,0.1875,,0.953125,,,3403,,,,
,,,,0.0894097238779068,,0.953125,,0.095703125,,0.9453125,,,3404,,,,
,,,,0.0920138880610466,,0.9765625,,0.0894097238779068,,0.9609375,,,3405,,,,
,,,,0.1773587018251419,,0.9708086252212524,,0.1944265067577362,,0.9732627272605896,,,3406,,,,
,,,,0.1025390625,,0.984375,,0.10546875,,0.984375,,,3407,,,,
,,,,0.1044921875,,0.9765625,,0.103515625,,0.9765625,,,3408,,,,
,,,,0.08888889104127884,,0.9529411792755127,,0.09019608050584793,,0.9647058844566345,,,3409,,,,
109,0.7554135322570801,0.7511045336723328,0.7883051633834839,,0.9779211282730103,,0.7676541805267334,,0.9693041443824768,,,,8029,,,,
109,,,,,,,,,,,0.1101420670747757,1.65951406955719,8029,0.7466948628425598,,0.7846633791923523,
110,,,,,,,,,,,,,8049,,0.7906216382980347,,0.7978804707527161
110,,,,,,,,,,,,,8099,,0.6549544930458069,,0.7247272729873657
,,,,0.103515625,,0.9453125,,0.1025390625,,0.9453125,,,3410,,,,
,,,,0.09765625,,0.9609375,,0.12890625,,0.9375,,,3411,,,,
,,,,0.1127232164144516,,0.96875,,0.103515625,,0.953125,,,3412,,,,
,,,,0.30266666412353516,,0.9959999918937683,,0.2548571527004242,,0.9760000109672546,,,3413,,,,
,,,,0.107421875,,0.984375,,0.08203125,,0.9609375,,,3414,,,,
,,,,0.1083984375,,0.9921875,,0.1064453125,,0.984375,,,3415,,,,
,,,,0.17516012489795685,,0.9824561476707458,,0.1642996370792389,,0.9912281036376953,,,3416,,,,
,,,,0.09375,,0.9765625,,0.0963541641831398,,0.9765625,,,3417,,,,
,,,,0.17242661118507385,,0.9869564771652222,,0.17242661118507385,,0.9869564771652222,,,3418,,,,
,,,,0.0668402761220932,,0.9765625,,0.0677083358168602,,0.984375,,,3419,,,,
,,,,0.06171875074505806,,0.9921875,,0.05781250074505806,,0.96875,,,3420,,,,
,,,,0.15019425749778748,,0.9914529919624329,,0.15330225229263306,,0.9871795177459717,,,3421,,,,
,,,,0.0946180522441864,,0.984375,,0.0963541641831398,,0.984375,,,3422,,,,
,,,,0.1044921875,,0.984375,,0.1261160671710968,,1.0,,,3423,,,,
,,,,0.0946180522441864,,0.9765625,,0.0989583358168602,,0.984375,,,3424,,,,
,,,,0.24024346470832825,,0.9467418193817139,,0.2113095223903656,,0.9868420958518982,,,3425,,,,
,,,,0.0789930522441864,,0.9609375,,0.078125,,0.96875,,,3426,,,,
,,,,0.07578124850988388,,0.984375,,0.07656250149011612,,0.9921875,,,3427,,,,
,,,,0.1955128163099289,,0.9791666269302368,,0.21754807233810425,,0.990384578704834,,,3428,,,,
,,,,0.1536458283662796,,1.0,,0.1283482164144516,,0.9765625,,,3429,,,,
,,,,0.1015625,,1.0,,0.1104910746216774,,0.9921875,,,3430,,,,
,,,,0.19487982988357544,,0.9676071405410767,,0.24567514657974243,,0.9726575613021851,,,3431,,,,
,,,,0.095703125,,0.984375,,0.0842013880610466,,0.9921875,,,3432,,,,
,,,,0.078125,,0.9609375,,0.09375,,0.96875,,,3433,,,,
,,,,0.15156251192092896,,0.9765625,,0.15312500298023224,,0.96875,,,3434,,,,
,,,,0.103515625,,0.9921875,,0.1171875,,0.9609375,,,3435,,,,
,,,,0.1272321492433548,,0.9921875,,0.10546875,,0.96875,,,3436,,,,
,,,,0.20576077699661255,,0.9834668040275574,,0.2432003617286682,,0.9771376848220825,,,3437,,,,
,,,,0.0966796875,,0.984375,,0.1138392835855484,,0.984375,,,3438,,,,
,,,,0.1082589253783226,,0.953125,,0.1025390625,,0.984375,,,3439,,,,
,,,,0.07411764562129974,,0.9529411792755127,,0.09852941334247589,,0.9764705896377563,,,3440,,,,
110,0.7735760807991028,0.766685962677002,0.789667010307312,,0.9780389070510864,,0.7882702350616455,,0.9747010469436646,,,,8102,,,,
110,,,,,,,,,,,0.10944283753633499,1.6493738889694214,8102,0.734488308429718,,0.7749429941177368,
111,,,,,,,,,,,,,8149,,0.874692440032959,,0.9129234552383423
,,,,0.1171875,,0.96875,,0.15625,,0.9375,,,3441,,,,
,,,,0.125,,0.9765625,,0.1004464253783226,,0.96875,,,3442,,,,
,,,,0.0986328125,,0.9765625,,0.125,,0.9765625,,,3443,,,,
,,,,0.19733333587646484,,1.0,,0.22600001096725464,,0.9959999918937683,,,3444,,,,
,,,,0.1432291716337204,,0.96875,,0.1138392835855484,,0.96875,,,3445,,,,
,,,,0.103515625,,0.96875,,0.107421875,,0.96875,,,3446,,,,
,,,,0.1399749219417572,,0.9561403393745422,,0.13458646833896637,,0.969298243522644,,,3447,,,,
,,,,0.08984375,,0.96875,,0.0927734375,,0.9609375,,,3448,,,,
,,,,0.13110369443893433,,0.9397993087768555,,0.18311037123203278,,0.9826086759567261,,,3449,,,,
,,,,0.0503472238779068,,0.9375,,0.0642361119389534,,0.9921875,,,3450,,,,
,,,,0.03984374925494194,,0.96875,,0.0703125,,0.9921875,,,3451,,,,
,,,,0.1478632539510727,,0.9829059839248657,,0.15330225229263306,,1.0,,,3452,,,,
,,,,0.0989583358168602,,0.9921875,,0.0998263880610466,,0.984375,,,3453,,,,
,,,,0.15234375,,1.0,,0.18593749403953552,,1.0,,,3454,,,,
,,,,0.1497395783662796,,0.96875,,0.1328125,,0.9921875,,,3455,,,,
,,,,0.21036967635154724,,0.9912281036376953,,0.20379072427749634,,0.9736841917037964,,,3456,,,,
,,,,0.0755208358168602,,0.9375,,0.0694444477558136,,0.9296875,,,3457,,,,
,,,,0.0850694477558136,,0.984375,,0.06875000149011612,,0.96875,,,3458,,,,
,,,,0.2509157657623291,,0.9791666269302368,,0.22847986221313477,,0.9791666269302368,,,3459,,,,
,,,,0.244140625,,1.0,,0.1283482164144516,,1.0,,,3460,,,,
,,,,0.1227678582072258,,1.0,,0.1060267835855484,,0.9921875,,,3461,,,,
,,,,0.2598397731781006,,0.9726575613021851,,0.1743488609790802,,0.9848484992980957,,,3462,,,,
,,,,0.0824652761220932,,0.9609375,,0.0894097238779068,,0.9609375,,,3463,,,,
,,,,0.0703125,,0.9375,,0.0815972238779068,,0.9609375,,,3464,,,,
,,,,0.14531248807907104,,0.953125,,0.1614583432674408,,0.953125,,,3465,,,,
,,,,0.1138392835855484,,0.984375,,0.0927734375,,0.9453125,,,3466,,,,
,,,,0.1044921875,,1.0,,0.07734374701976776,,0.9921875,,,3467,,,,
,,,,0.25054433941841125,,0.9771376848220825,,0.21386593580245972,,0.9771376848220825,,,3468,,,,
,,,,0.1458333283662796,,1.0,,0.1432291716337204,,0.9921875,,,3469,,,,
,,,,0.1471354216337204,,1.0,,0.103515625,,0.9921875,,,3470,,,,
,,,,0.14509804546833038,,1.0,,0.17176470160484314,,0.9764705896377563,,,3471,,,,
111,0.7493079900741577,0.7433854341506958,0.7698473334312439,,0.9745905995368958,,0.7652744650840759,,0.9744081497192383,,,,8175,,,,
111,,,,,,,,,,,0.10857351869344711,1.6513938903808594,8175,0.7218659520149231,,0.7618929743766785,
112,,,,,,,,,,,,,8199,,0.7633992433547974,,0.8088787198066711
,,,,0.10546875,,0.9765625,,0.1183035746216774,,0.9609375,,,3472,,,,
,,,,0.099609375,,0.953125,,0.091796875,,0.9765625,,,3473,,,,
,,,,0.1160714253783226,,0.9765625,,0.1127232164144516,,0.9765625,,,3474,,,,
,,,,0.19200000166893005,,0.9880000352859497,,0.21700000762939453,,0.9800000190734863,,,3475,,,,
,,,,0.0859375,,0.9609375,,0.07421875,,0.953125,,,3476,,,,
,,,,0.0876736119389534,,0.96875,,0.0885416641831398,,0.96875,,,3477,,,,
,,,,0.1622110903263092,,0.9824561476707458,,0.147312730550766,,0.9912281036376953,,,3478,,,,
,,,,0.107421875,,0.9765625,,0.1103515625,,0.9765625,,,3479,,,,
,,,,0.18018394708633423,,0.991304337978363,,0.16871051490306854,,0.991304337978363,,,3480,,,,
,,,,0.05000000074505806,,0.96875,,0.05624999850988388,,0.9609375,,,3481,,,,
,,,,0.04531250149011612,,0.984375,,0.05390625074505806,,0.9609375,,,3482,,,,
,,,,0.15128205716609955,,0.9786324501037598,,0.14817404747009277,,0.9871795177459717,,,3483,,,,
,,,,0.0980902761220932,,1.0,,0.1123046875,,0.984375,,,3484,,,,
,,,,0.107421875,,0.984375,,0.109375,,0.9921875,,,3485,,,,
,,,,0.0954861119389534,,0.9609375,,0.08828125149011612,,0.984375,,,3486,,,,
,,,,0.19125939905643463,,0.9868420958518982,,0.1790587604045868,,0.9824561476707458,,,3487,,,,
,,,,0.07656250149011612,,0.9609375,,0.06796874850988388,,0.9453125,,,3488,,,,
,,,,0.08046875149011612,,1.0,,0.07578124850988388,,0.984375,,,3489,,,,
,,,,0.2449633777141571,,0.995192289352417,,0.2003205120563507,,0.9695512652397156,,,3490,,,,
,,,,0.1083984375,,1.0,,0.1083984375,,0.9765625,,,3491,,,,
,,,,0.0849609375,,0.9921875,,0.09375,,0.984375,,,3492,,,,
,,,,0.3101358413696289,,0.9726575613021851,,0.2591431736946106,,0.9898989796638489,,,3493,,,,
,,,,0.099609375,,0.9765625,,0.0986328125,,0.984375,,,3494,,,,
,,,,0.0986328125,,0.96875,,0.0842013880610466,,0.9609375,,,3495,,,,
,,,,0.1736111044883728,,0.984375,,0.171875,,0.96875,,,3496,,,,
,,,,0.1194196417927742,,0.984375,,0.1025390625,,0.96875,,,3497,,,,
,,,,0.1216517835855484,,0.9921875,,0.1484375,,0.9921875,,,3498,,,,
,,,,0.21570652723312378,,0.9834668040275574,,0.1908780336380005,,0.9834668040275574,,,3499,,,,
,,,,0.1283482164144516,,1.0,,0.1064453125,,0.9921875,,,3500,,,,
,,,,0.1283482164144516,,0.984375,,0.0920138880610466,,0.9765625,,,3501,,,,
,,,,0.1044117659330368,,0.9882352948188782,,0.10000000149011612,,0.9882352948188782,,,3502,,,,
112,0.7673569917678833,0.7632301449775696,0.7834320068359375,,0.9793119430541992,,0.7783506512641907,,0.9752874374389648,,,,8248,,,,
112,,,,,,,,,,,0.10741183161735535,1.6415613889694214,8248,0.7294272780418396,,0.7655849456787109,
113,,,,,,,,,,,,,8249,,0.6759483814239502,,0.7302964329719543
113,,,,,,,,,,,,,8299,,0.7480775117874146,,0.77303147315979
,,,,0.1138392835855484,,0.96875,,0.09375,,0.9453125,,,3503,,,,
,,,,0.1484375,,0.984375,,0.0982142835855484,,0.9375,,,3504,,,,
,,,,0.15468749403953552,,0.96875,,0.193359375,,0.9765625,,,3505,,,,
,,,,0.25600001215934753,,1.0,,0.21066667139530182,,0.9959999918937683,,,3506,,,,
,,,,0.1015625,,0.984375,,0.1183035746216774,,0.96875,,,3507,,,,
,,,,0.1205357164144516,,1.0,,0.1083984375,,0.984375,,,3508,,,,
,,,,0.1399749219417572,,0.9824561476707458,,0.15942633152008057,,0.9467418193817139,,,3509,,,,
,,,,0.099609375,,0.984375,,0.0947265625,,0.953125,,,3510,,,,
,,,,0.16566333174705505,,0.991304337978363,,0.15711632370948792,,0.9826086759567261,,,3511,,,,
,,,,0.06406249850988388,,0.9765625,,0.05078125,,0.953125,,,3512,,,,
,,,,0.06640625,,1.0,,0.0668402761220932,,0.9765625,,,3513,,,,
,,,,0.18173184990882874,,0.9914529919624329,,0.1558663547039032,,0.995726466178894,,,3514,,,,
,,,,0.1510416716337204,,0.9921875,,0.1123046875,,0.984375,,,3515,,,,
,,,,0.1272321492433548,,1.0,,0.1261160671710968,,1.0,,,3516,,,,
,,,,0.1294642835855484,,0.9765625,,0.1142578125,,0.9921875,,,3517,,,,
,,,,0.24418187141418457,,0.9511277675628662,,0.24292874336242676,,0.9868420958518982,,,3518,,,,
,,,,0.05937499925494194,,0.9609375,,0.0703125,,0.9375,,,3519,,,,
,,,,0.07343749701976776,,0.9921875,,0.07578124850988388,,0.9765625,,,3520,,,,
,,,,0.2321428656578064,,0.9743589758872986,,0.1955128163099289,,0.9791666269302368,,,3521,,,,
,,,,0.16875000298023224,,1.0,,0.1015625,,1.0,,,3522,,,,
,,,,0.1184895858168602,,0.984375,,0.11328125,,1.0,,,3523,,,,
,,,,0.199930340051651,,0.9726575613021851,,0.25101590156555176,,0.9676071405410767,,,3524,,,,
,,,,0.0902777761220932,,0.9765625,,0.0885416641831398,,0.9765625,,,3525,,,,
,,,,0.0876736119389534,,0.9765625,,0.0947265625,,0.96875,,,3526,,,,
,,,,0.1753472238779068,,0.9375,,0.1701388955116272,,0.9609375,,,3527,,,,
,,,,0.08046875149011612,,0.9453125,,0.07734374701976776,,0.9609375,,,3528,,,,
,,,,0.1432291716337204,,0.9765625,,0.10546875,,0.96875,,,3529,,,,
,,,,0.20075562596321106,,0.9771376848220825,,0.22651953995227814,,0.9708086252212524,,,3530,,,,
,,,,0.1149553582072258,,1.0,,0.1104910746216774,,0.984375,,,3531,,,,
,,,,0.1216517835855484,,0.984375,,0.0928819477558136,,0.9609375,,,3532,,,,
,,,,0.11260504275560379,,0.9764705896377563,,0.08496732264757156,,0.9647058844566345,,,3533,,,,
113,0.7630410194396973,0.7554991245269775,0.7790427207946777,,0.9803926944732666,,0.7600415945053101,,0.9725697040557861,,,,8321,,,,
113,,,,,,,,,,,0.10880698263645172,1.6403039693832397,8321,0.722166121006012,,0.7597672939300537,
114,,,,,,,,,,,,,8349,,0.7828497886657715,,0.8312107920646667
,,,,0.1183035746216774,,0.96875,,0.1082589253783226,,0.953125,,,3534,,,,
,,,,0.1263020783662796,,0.984375,,0.1119791641831398,,0.9609375,,,3535,,,,
,,,,0.16093750298023224,,0.984375,,0.1484375,,0.9765625,,,3536,,,,
,,,,0.22200000286102295,,0.9919999837875366,,0.18033334612846375,,0.9919999837875366,,,3537,,,,
,,,,0.0947265625,,0.9765625,,0.0824652761220932,,0.9765625,,,3538,,,,
,,,,0.099609375,,0.9765625,,0.1025390625,,0.9765625,,,3539,,,,
,,,,0.15225562453269958,,0.9780701398849487,,0.13270676136016846,,0.9824561476707458,,,3540,,,,
,,,,0.10546875,,0.984375,,0.107421875,,0.9609375,,,3541,,,,
,,,,0.1994147151708603,,0.991304337978363,,0.18762542307376862,,0.97826087474823,,,3542,,,,
,,,,0.0625,,1.0,,0.0625,,0.9765625,,,3543,,,,
,,,,0.0729166641831398,,0.9921875,,0.0746527761220932,,0.9765625,,,3544,,,,
,,,,0.17094017565250397,,0.9914529919624329,,0.1558663547039032,,1.0,,,3545,,,,
,,,,0.1536458283662796,,1.0,,0.1261160671710968,,0.9921875,,,3546,,,,
,,,,0.1339285671710968,,1.0,,0.17656250298023224,,1.0,,,3547,,,,
,,,,0.1162109375,,0.9921875,,0.0989583358168602,,0.96875,,,3548,,,,
,,,,0.22478070855140686,,0.9824561476707458,,0.24274973571300507,,0.9824561476707458,,,3549,,,,
,,,,0.0755208358168602,,0.9609375,,0.0746527761220932,,0.953125,,,3550,,,,
,,,,0.078125,,0.984375,,0.07890625298023224,,0.9921875,,,3551,,,,
,,,,0.21794871985912323,,0.9743589758872986,,0.21674680709838867,,0.9791666269302368,,,3552,,,,
,,,,0.107421875,,1.0,,0.107421875,,0.984375,,,3553,,,,
,,,,0.1015625,,0.9765625,,0.0986328125,,0.984375,,,3554,,,,
,,,,0.1626610904932022,,0.9575060606002808,,0.16827276349067688,,0.9797979593276978,,,3555,,,,
,,,,0.109375,,0.9609375,,0.099609375,,0.96875,,,3556,,,,
,,,,0.0703125,,0.9140625,,0.0842013880610466,,0.921875,,,3557,,,,
,,,,0.14218750596046448,,0.9375,,0.1753472238779068,,0.953125,,,3558,,,,
,,,,0.0850694477558136,,0.9765625,,0.09765625,,0.9609375,,,3559,,,,
,,,,0.1025390625,,0.9765625,,0.0986328125,,0.953125,,,3560,,,,
,,,,0.1687677502632141,,0.9644794464111328,,0.18611326813697815,,0.9708086252212524,,,3561,,,,
,,,,0.1205357164144516,,0.9921875,,0.1194196417927742,,0.9921875,,,3562,,,,
,,,,0.0989583358168602,,0.9765625,,0.0989583358168602,,0.96875,,,3563,,,,
,,,,0.13725490868091583,,0.9764705896377563,,0.10000000149011612,,0.9764705896377563,,,3564,,,,
114,0.7668198347091675,0.7552808523178101,0.7890759706497192,,0.9767395853996277,,0.7814949750900269,,0.9722487926483154,,,,8394,,,,
114,,,,,,,,,,,0.10854901373386383,1.6354211568832397,8394,0.7196801900863647,,0.7628189325332642,
115,,,,,,,,,,,,,8399,,0.7055565714836121,,0.7132385969161987
115,,,,,,,,,,,,,8449,,0.7841134071350098,,0.7741024494171143
,,,,0.1183035746216774,,0.953125,,0.1025390625,,0.9453125,,,3565,,,,
,,,,0.1015625,,0.9453125,,0.1037946417927742,,0.9375,,,3566,,,,
,,,,0.09765625,,0.953125,,0.0986328125,,0.9609375,,,3567,,,,
,,,,0.2150000035762787,,0.9919999837875366,,0.21899999678134918,,0.9880000352859497,,,3568,,,,
,,,,0.109375,,0.9609375,,0.1025390625,,0.9765625,,,3569,,,,
,,,,0.0902777761220932,,0.9921875,,0.1064453125,,0.9921875,,,3570,,,,
,,,,0.1434836983680725,,0.9291980266571045,,0.1416040062904358,,0.9780701398849487,,,3571,,,,
,,,,0.07890625298023224,,0.96875,,0.08046875149011612,,0.9453125,,,3572,,,,
,,,,0.17807507514953613,,0.991304337978363,,0.15146785974502563,,0.9739130735397339,,,3573,,,,
,,,,0.0538194440305233,,1.0,,0.0564236119389534,,0.9765625,,,3574,,,,
,,,,0.05703125149011612,,0.9921875,,0.05859375,,0.96875,,,3575,,,,
,,,,0.16410256922245026,,0.9914529919624329,,0.15073814988136292,,1.0,,,3576,,,,
,,,,0.1458333283662796,,0.9921875,,0.111328125,,0.984375,,,3577,,,,
,,,,0.1123046875,,0.9921875,,0.1123046875,,1.0,,,3578,,,,
,,,,0.15234375,,0.9765625,,0.1305803507566452,,0.9609375,,,3579,,,,
,,,,0.2113095223903656,,0.9824561476707458,,0.20802006125450134,,0.9912281036376953,,,3580,,,,
,,,,0.0737847238779068,,0.9453125,,0.06640625,,0.9765625,,,3581,,,,
,,,,0.07734374701976776,,0.984375,,0.08124999701976776,,0.9921875,,,3582,,,,
,,,,0.19751602411270142,,0.9695512652397156,,0.19751602411270142,,0.9743589758872986,,,3583,,,,
,,,,0.0954861119389534,,1.0,,0.1216517835855484,,0.9921875,,,3584,,,,
,,,,0.0772569477558136,,0.96875,,0.087890625,,0.9609375,,,3585,,,,
,,,,0.20649847388267517,,0.9726575613021851,,0.25815626978874207,,0.9676071405410767,,,3586,,,,
,,,,0.0850694477558136,,0.9921875,,0.0868055522441864,,0.984375,,,3587,,,,
,,,,0.0850694477558136,,0.953125,,0.095703125,,0.953125,,,3588,,,,
,,,,0.1788194477558136,,0.9765625,,0.171875,,0.9765625,,,3589,,,,
,,,,0.11328125,,1.0,,0.0928819477558136,,0.9765625,,,3590,,,,
,,,,0.18125000596046448,,1.0,,0.1458333283662796,,1.0,,,3591,,,,
,,,,0.29346421360969543,,0.9834668040275574,,0.2432003617286682,,0.956729531288147,,,3592,,,,
,,,,0.1205357164144516,,0.9921875,,0.1183035746216774,,0.9921875,,,3593,,,,
,,,,0.107421875,,0.984375,,0.0946180522441864,,0.984375,,,3594,,,,
,,,,0.11596638709306717,,0.9882352948188782,,0.11260504275560379,,0.9647058844566345,,,3595,,,,
115,0.7640514969825745,0.7661826610565186,0.7769560813903809,,0.977129340171814,,0.7754095792770386,,0.97373366355896,,,,8467,,,,
115,,,,,,,,,,,0.10768941044807434,1.6355950832366943,8467,0.7034615874290466,,0.750619113445282,
116,,,,,,,,,,,,,8499,,0.7958589196205139,,0.8439385890960693
,,,,0.1044921875,,0.9453125,,0.0894097238779068,,0.9140625,,,3596,,,,
,,,,0.0908203125,,0.984375,,0.0959821417927742,,0.9296875,,,3597,,,,
,,,,0.0966796875,,0.953125,,0.095703125,,0.953125,,,3598,,,,
,,,,0.3160000145435333,,1.0,,0.25600001215934753,,0.9800000190734863,,,3599,,,,
,,,,0.1305803507566452,,0.9765625,,0.1005859375,,0.9375,,,3600,,,,
,,,,0.1328125,,0.9921875,,0.1103515625,,0.9921875,,,3601,,,,
,,,,0.16553884744644165,,0.9956140518188477,,0.1791979968547821,,0.9912281036376953,,,3602,,,,
,,,,0.1044921875,,0.984375,,0.0928819477558136,,0.96875,,,3603,,,,
,,,,0.16677814722061157,,0.991304337978363,,0.16581197082996368,,0.991304337978363,,,3604,,,,
,,,,0.05000000074505806,,0.984375,,0.0633680522441864,,0.984375,,,3605,,,,
,,,,0.05078125,,0.984375,,0.06328125298023224,,0.9765625,,,3606,,,,
,,,,0.14677545428276062,,0.9871795177459717,,0.15843045711517334,,0.995726466178894,,,3607,,,,
,,,,0.1064453125,,0.9921875,,0.1497395783662796,,0.9921875,,,3608,,,,
,,,,0.1205357164144516,,0.9921875,,0.1103515625,,1.0,,,3609,,,,
,,,,0.1064453125,,0.9609375,,0.109375,,0.9765625,,,3610,,,,
,,,,0.19376567006111145,,0.9736841917037964,,0.190476194024086,,0.9736841917037964,,,3611,,,,
,,,,0.05624999850988388,,0.8984375,,0.05546874925494194,,0.9609375,,,3612,,,,
,,,,0.06875000149011612,,0.9453125,,0.0703125,,0.96875,,,3613,,,,
,,,,0.18019942939281464,,0.9743589758872986,,0.1727207899093628,,0.9743589758872986,,,3614,,,,
,,,,0.18906250596046448,,1.0,,0.1497395783662796,,0.9921875,,,3615,,,,
,,,,0.125,,1.0,,0.1276041716337204,,0.9921875,,,3616,,,,
,,,,0.14723092317581177,,0.9474050998687744,,0.19287705421447754,,0.9898989796638489,,,3617,,,,
,,,,0.0982142835855484,,0.96875,,0.0908203125,,0.9921875,,,3618,,,,
,,,,0.06406249850988388,,0.9296875,,0.087890625,,0.984375,,,3619,,,,
,,,,0.1614583432674408,,0.9765625,,0.1666666567325592,,0.9765625,,,3620,,,,
,,,,0.1044921875,,0.9921875,,0.0911458358168602,,0.984375,,,3621,,,,
,,,,0.1510416716337204,,0.9921875,,0.17343750596046448,,0.9921875,,,3622,,,,
,,,,0.1872040033340454,,0.9834668040275574,,0.20902222394943237,,0.9669336080551147,,,3623,,,,
,,,,0.1471354216337204,,0.9921875,,0.1216517835855484,,0.9921875,,,3624,,,,
,,,,0.1083984375,,0.9765625,,0.0946180522441864,,0.9765625,,,3625,,,,
,,,,0.12100840359926224,,0.9764705896377563,,0.13725490868091583,,0.9764705896377563,,,3626,,,,
116,0.7711108326911926,0.7629265189170837,0.7830450534820557,,0.9747709035873413,,0.7731882333755493,,0.9748942852020264,,,,8540,,,,
116,,,,,,,,,,,0.10716991871595383,1.6384979486465454,8540,0.7208477854728699,,0.754051685333252,
117,,,,,,,,,,,,,8549,,0.7353342771530151,,0.7774368524551392
117,,,,,,,,,,,,,8599,,0.5668598413467407,,0.5867233276367188
,,,,0.1025390625,,0.9609375,,0.103515625,,0.9453125,,,3627,,,,
,,,,0.1263020783662796,,0.96875,,0.125,,0.953125,,,3628,,,,
,,,,0.1276041716337204,,0.9765625,,0.109375,,0.9765625,,,3629,,,,
,,,,0.2491428554058075,,0.9959999918937683,,0.26742857694625854,,0.9880000352859497,,,3630,,,,
,,,,0.1082589253783226,,0.96875,,0.1238839253783226,,0.9765625,,,3631,,,,
,,,,0.1044921875,,0.9921875,,0.1510416716337204,,0.9921875,,,3632,,,,
,,,,0.16513505578041077,,0.9956140518188477,,0.15037593245506287,,0.9555137753486633,,,3633,,,,
,,,,0.0954861119389534,,0.9921875,,0.0928819477558136,,0.9765625,,,3634,,,,
,,,,0.21229097247123718,,0.9956521987915039,,0.15518394112586975,,0.991304337978363,,,3635,,,,
,,,,0.07578124850988388,,1.0,,0.05703125149011612,,0.9765625,,,3636,,,,
,,,,0.07578124850988388,,1.0,,0.06484375149011612,,0.984375,,,3637,,,,
,,,,0.1940775364637375,,0.995726466178894,,0.15757575631141663,,0.9545454978942871,,,3638,,,,
,,,,0.09375,,0.984375,,0.111328125,,0.984375,,,3639,,,,
,,,,0.1064453125,,0.984375,,0.107421875,,0.9921875,,,3640,,,,
,,,,0.0980902761220932,,0.9765625,,0.111328125,,0.96875,,,3641,,,,
,,,,0.1970551311969757,,0.9736841917037964,,0.1860206127166748,,0.9868420958518982,,,3642,,,,
,,,,0.046875,,0.90625,,0.05859375,,0.9453125,,,3643,,,,
,,,,0.06796874850988388,,0.9609375,,0.07578124850988388,,0.96875,,,3644,,,,
,,,,0.1875,,0.9535256624221802,,0.1879006326198578,,0.9583333730697632,,,3645,,,,
,,,,0.171875,,0.9921875,,0.1227678582072258,,0.96875,,,3646,,,,
,,,,0.13437500596046448,,1.0,,0.0982142835855484,,1.0,,,3647,,,,
,,,,0.2128675878047943,,1.0,,0.21779370307922363,,0.9848484992980957,,,3648,,,,
,,,,0.1138392835855484,,0.9921875,,0.0986328125,,0.9765625,,,3649,,,,
,,,,0.1127232164144516,,0.9609375,,0.0986328125,,0.9453125,,,3650,,,,
,,,,0.171875,,0.953125,,0.1736111044883728,,0.9609375,,,3651,,,,
,,,,0.0920138880610466,,0.9921875,,0.07968749850988388,,0.9609375,,,3652,,,,
,,,,0.1083984375,,0.9921875,,0.1432291716337204,,0.9765625,,,3653,,,,
,,,,0.20963576436042786,,0.9771376848220825,,0.20233789086341858,,0.9708086252212524,,,3654,,,,
,,,,0.099609375,,0.984375,,0.1138392835855484,,0.984375,,,3655,,,,
,,,,0.0894097238779068,,0.9765625,,0.0920138880610466,,0.9765625,,,3656,,,,
,,,,0.08627451211214066,,0.9647058844566345,,0.09705882519483566,,0.9647058844566345,,,3657,,,,
117,0.7771563529968262,0.7709122896194458,0.7828685641288757,,0.9794760346412659,,0.7799615263938904,,0.9741425514221191,,,,8613,,,,
117,,,,,,,,,,,0.10748174041509628,1.6188195943832397,8613,0.7136059403419495,,0.7540732026100159,
118,,,,,,,,,,,,,8649,,0.640709400177002,,0.6885986924171448
,,,,0.0989583358168602,,0.9765625,,0.1194196417927742,,0.9453125,,,3658,,,,
,,,,0.1216517835855484,,0.9765625,,0.1082589253783226,,0.96875,,,3659,,,,
,,,,0.1380208283662796,,0.984375,,0.0947265625,,0.953125,,,3660,,,,
,,,,0.21700000762939453,,0.9839999675750732,,0.22200000286102295,,0.9880000352859497,,,3661,,,,
,,,,0.0833333358168602,,0.9921875,,0.0859375,,0.984375,,,3662,,,,
,,,,0.07890625298023224,,0.984375,,0.0876736119389534,,0.96875,,,3663,,,,
,,,,0.1496240496635437,,0.9780701398849487,,0.15037593245506287,,0.9868420958518982,,,3664,,,,
,,,,0.0928819477558136,,0.984375,,0.08359374850988388,,0.984375,,,3665,,,,
,,,,0.20033445954322815,,0.991304337978363,,0.28283166885375977,,0.991304337978363,,,3666,,,,
,,,,0.0659722238779068,,1.0,,0.05937499925494194,,0.984375,,,3667,,,,
,,,,0.05624999850988388,,1.0,,0.0677083358168602,,0.984375,,,3668,,,,
,,,,0.15019425749778748,,0.9914529919624329,,0.15415695309638977,,1.0,,,3669,,,,
,,,,0.10546875,,0.984375,,0.0963541641831398,,0.984375,,,3670,,,,
,,,,0.1261160671710968,,1.0,,0.1261160671710968,,1.0,,,3671,,,,
,,,,0.1123046875,,0.96875,,0.1484375,,0.9609375,,,3672,,,,
,,,,0.17368420958518982,,0.9912281036376953,,0.20144110918045044,,0.9868420958518982,,,3673,,,,
,,,,0.05781250074505806,,0.8984375,,0.06328125298023224,,0.9453125,,,3674,,,,
,,,,0.06875000149011612,,0.9609375,,0.07500000298023224,,0.9765625,,,3675,,,,
,,,,0.1596153974533081,,0.9583333730697632,,0.20112180709838867,,0.995192289352417,,,3676,,,,
,,,,0.236328125,,1.0,,0.111328125,,0.9765625,,,3677,,,,
,,,,0.1183035746216774,,1.0,,0.1104910746216774,,1.0,,,3678,,,,
,,,,0.20171543955802917,,0.9625566005706787,,0.22271981835365295,,0.9747474789619446,,,3679,,,,
,,,,0.0966796875,,0.9765625,,0.095703125,,0.9609375,,,3680,,,,
,,,,0.0815972238779068,,0.9453125,,0.0833333358168602,,0.9453125,,,3681,,,,
,,,,0.15312500298023224,,0.984375,,0.1684027761220932,,0.9609375,,,3682,,,,
,,,,0.1471354216337204,,0.984375,,0.0894097238779068,,0.96875,,,3683,,,,
,,,,0.15234375,,0.984375,,0.1272321492433548,,0.96875,,,3684,,,,
,,,,0.2584787905216217,,1.0,,0.2166752815246582,,0.9834668040275574,,,3685,,,,
,,,,0.125,,1.0,,0.1083984375,,0.9921875,,,3686,,,,
,,,,0.1103515625,,0.984375,,0.1123046875,,0.984375,,,3687,,,,
,,,,0.10000000149011612,,0.9882352948188782,,0.12268907576799393,,0.9764705896377563,,,3688,,,,
118,0.7760265469551086,0.7712216973304749,0.7922678589820862,,0.9802113771438599,,0.7838081121444702,,0.9752237796783447,,,,8686,,,,
118,,,,,,,,,,,0.10722645372152328,1.630631923675537,8686,0.7201418876647949,,0.7610192894935608,
119,,,,,,,,,,,,,8699,,0.7090276479721069,,0.7323343753814697
119,,,,,,,,,,,,,8749,,0.8700863718986511,,0.8886003494262695
,,,,0.1149553582072258,,0.9609375,,0.1015625,,0.9296875,,,3689,,,,
,,,,0.095703125,,0.9609375,,0.0833333358168602,,0.9453125,,,3690,,,,
,,,,0.1302083283662796,,0.96875,,0.1171875,,0.9609375,,,3691,,,,
,,,,0.2240000069141388,,0.9839999675750732,,0.19466665387153625,,0.9800000190734863,,,3692,,,,
,,,,0.0876736119389534,,0.9765625,,0.07578124850988388,,0.9375,,,3693,,,,
,,,,0.1216517835855484,,0.9921875,,0.0986328125,,0.9765625,,,3694,,,,
,,,,0.16015037894248962,,0.9912281036376953,,0.15388470888137817,,0.9956140518188477,,,3695,,,,
,,,,0.1123046875,,0.9921875,,0.1294642835855484,,0.984375,,,3696,,,,
,,,,0.16402825713157654,,0.9956521987915039,,0.223124697804451,,0.9956521987915039,,,3697,,,,
,,,,0.0546875,,0.9921875,,0.06484375149011612,,0.9765625,,,3698,,,,
,,,,0.05390625074505806,,0.9921875,,0.06171875074505806,,0.984375,,,3699,,,,
,,,,0.14335665106773376,,0.995726466178894,,0.14335665106773376,,1.0,,,3700,,,,
,,,,0.1142578125,,1.0,,0.11328125,,0.9765625,,,3701,,,,
,,,,0.1305803507566452,,1.0,,0.1484375,,0.9921875,,,3702,,,,
,,,,0.1294642835855484,,0.9765625,,0.0989583358168602,,0.9765625,,,3703,,,,
,,,,0.2100563943386078,,0.9912281036376953,,0.1611528843641281,,0.9868420958518982,,,3704,,,,
,,,,0.0947265625,,0.984375,,0.06328125298023224,,0.96875,,,3705,,,,
,,,,0.1005859375,,1.0,,0.0807291641831398,,0.9921875,,,3706,,,,
,,,,0.20432692766189575,,0.9599359035491943,,0.2184065878391266,,0.9695512652397156,,,3707,,,,
,,,,0.107421875,,0.984375,,0.1272321492433548,,1.0,,,3708,,,,
,,,,0.080078125,,0.953125,,0.1158854141831398,,0.984375,,,3709,,,,
,,,,0.20998159050941467,,0.9726575613021851,,0.20505547523498535,,0.994949460029602,,,3710,,,,
,,,,0.0986328125,,0.984375,,0.1104910746216774,,1.0,,,3711,,,,
,,,,0.07187499850988388,,0.9765625,,0.09375,,0.984375,,,3712,,,,
,,,,0.14687499403953552,,0.9765625,,0.1701388955116272,,0.9609375,,,3713,,,,
,,,,0.08124999701976776,,0.984375,,0.0885416641831398,,0.96875,,,3714,,,,
,,,,0.1216517835855484,,0.984375,,0.140625,,0.9765625,,,3715,,,,
,,,,0.23888254165649414,,0.9834668040275574,,0.18806509673595428,,0.956729531288147,,,3716,,,,
,,,,0.1205357164144516,,0.9921875,,0.1064453125,,0.9921875,,,3717,,,,
,,,,0.1044921875,,0.984375,,0.0902777761220932,,0.96875,,,3718,,,,
,,,,0.10147058963775635,,0.9764705896377563,,0.08888889104127884,,0.9647058844566345,,,3719,,,,
119,0.7702130079269409,0.7695099115371704,0.7886855602264404,,0.9819128513336182,,0.782816469669342,,0.9760499000549316,,,,8759,,,,
119,,,,,,,,,,,0.10648790746927261,1.6138832569122314,8759,0.7238008975982666,,0.759949266910553,
120,,,,,,,,,,,,,8799,,0.8114161491394043,,0.8009065389633179
,,,,0.1064453125,,0.96875,,0.1171875,,0.9765625,,,3720,,,,
,,,,0.1138392835855484,,0.9765625,,0.095703125,,0.96875,,,3721,,,,
,,,,0.1328125,,0.9921875,,0.1149553582072258,,0.9765625,,,3722,,,,
,,,,0.25371429324150085,,1.0,,0.2571428716182709,,1.0,,,3723,,,,
,,,,0.1127232164144516,,0.96875,,0.0894097238779068,,0.9765625,,,3724,,,,
,,,,0.1015625,,0.9921875,,0.0954861119389534,,0.9921875,,,3725,,,,
,,,,0.1769701987504959,,0.9912281036376953,,0.20018796622753143,,0.9956140518188477,,,3726,,,,
,,,,0.1283482164144516,,0.984375,,0.111328125,,0.96875,,,3727,,,,
,,,,0.23162925243377686,,0.991304337978363,,0.19088628888130188,,0.9956521987915039,,,3728,,,,
,,,,0.06796874850988388,,0.9921875,,0.06171875074505806,,0.984375,,,3729,,,,
,,,,0.06328125298023224,,1.0,,0.06015624850988388,,0.96875,,,3730,,,,
,,,,0.16526806354522705,,0.9871795177459717,,0.15501165390014648,,1.0,,,3731,,,,
,,,,0.1497395783662796,,0.9921875,,0.1484375,,0.984375,,,3732,,,,
,,,,0.1283482164144516,,0.9921875,,0.1261160671710968,,0.9921875,,,3733,,,,
,,,,0.0972222238779068,,0.96875,,0.0980902761220932,,0.96875,,,3734,,,,
,,,,0.20676691830158234,,0.9912281036376953,,0.1928432136774063,,0.9824561476707458,,,3735,,,,
,,,,0.0746527761220932,,0.9765625,,0.0807291641831398,,0.984375,,,3736,,,,
,,,,0.0885416641831398,,1.0,,0.0850694477558136,,0.9921875,,,3737,,,,
,,,,0.23351648449897766,,0.9551281929016113,,0.2431318759918213,,0.9647436141967773,,,3738,,,,
,,,,0.1064453125,,0.96875,,0.1294642835855484,,0.984375,,,3739,,,,
,,,,0.0810546875,,0.96875,,0.0798611119389534,,0.9765625,,,3740,,,,
,,,,0.1626610904932022,,0.9625566005706787,,0.1860414445400238,,0.9747474789619446,,,3741,,,,
,,,,0.0833333358168602,,0.984375,,0.08984375,,0.9765625,,,3742,,,,
,,,,0.07109375298023224,,0.953125,,0.0720486119389534,,0.953125,,,3743,,,,
,,,,0.1579861044883728,,0.9609375,,0.1614583283662796,,0.96875,,,3744,,,,
,,,,0.0902777761220932,,0.9765625,,0.1025390625,,0.984375,,,3745,,,,
,,,,0.1216517835855484,,0.96875,,0.1083984375,,0.9765625,,,3746,,,,
,,,,0.18665862083435059,,0.9771376848220825,,0.17931054532527924,,0.9669336080551147,,,3747,,,,
,,,,0.10546875,,1.0,,0.1005859375,,0.984375,,,3748,,,,
,,,,0.0963541641831398,,0.984375,,0.07890625298023224,,0.9765625,,,3749,,,,
,,,,0.09852941334247589,,0.9647058844566345,,0.09558823704719543,,0.9764705896377563,,,3750,,,,
120,0.7771183252334595,0.7793799638748169,0.7934895753860474,,0.9794739484786987,,0.785348653793335,,0.9789878129959106,,,,8832,,,,
120,,,,,,,,,,,0.10540107637643814,1.6125990152359009,8832,0.7045425772666931,,0.7437127232551575,
121,,,,,,,,,,,,,8849,,0.7675284147262573,,0.8081071972846985
121,,,,,,,,,,,,,8899,,0.6318327188491821,,0.7376179695129395
,,,,0.095703125,,0.9453125,,0.0966796875,,0.9375,,,3751,,,,
,,,,0.13750000298023224,,0.9453125,,0.13437500596046448,,0.9453125,,,3752,,,,
,,,,0.1158854141831398,,0.953125,,0.1026785746216774,,0.9609375,,,3753,,,,
,,,,0.21899999678134918,,0.9839999675750732,,0.2280000001192093,,0.9919999837875366,,,3754,,,,
,,,,0.1302083283662796,,0.953125,,0.1216517835855484,,0.9609375,,,3755,,,,
,,,,0.1104910746216774,,0.984375,,0.1261160671710968,,0.9921875,,,3756,,,,
,,,,0.1701475977897644,,0.9956140518188477,,0.16137565672397614,,0.9868420958518982,,,3757,,,,
,,,,0.1064453125,,0.9921875,,0.0894097238779068,,0.953125,,,3758,,,,
,,,,0.24988055229187012,,0.9956521987915039,,0.18952062726020813,,0.9826086759567261,,,3759,,,,
,,,,0.0833333358168602,,1.0,,0.0685763880610466,,0.984375,,,3760,,,,
,,,,0.0885416641831398,,1.0,,0.0815972238779068,,0.9765625,,,3761,,,,
,,,,0.19027885794639587,,1.0,,0.1627039611339569,,0.9459984302520752,,,3762,,,,
,,,,0.1142578125,,1.0,,0.115234375,,0.984375,,,3763,,,,
,,,,0.1536458283662796,,0.9921875,,0.15234375,,0.984375,,,3764,,,,
,,,,0.1305803507566452,,0.984375,,0.1123046875,,0.96875,,,3765,,,,
,,,,0.22039473056793213,,0.9824561476707458,,0.24686717987060547,,0.9824561476707458,,,3766,,,,
,,,,0.0625,,0.9375,,0.05546874925494194,,0.96875,,,3767,,,,
,,,,0.0807291641831398,,0.96875,,0.07265625149011612,,0.953125,,,3768,,,,
,,,,0.2767093777656555,,0.9743589758872986,,0.22573259472846985,,0.9791666269302368,,,3769,,,,
,,,,0.1484375,,0.9921875,,0.1083984375,,0.9921875,,,3770,,,,
,,,,0.1171875,,0.984375,,0.0970982164144516,,0.984375,,,3771,,,,
,,,,0.21550479531288147,,0.977708101272583,,0.21923670172691345,,0.9747474789619446,,,3772,,,,
,,,,0.15156249701976776,,0.9921875,,0.099609375,,0.984375,,,3773,,,,
,,,,0.0970982164144516,,0.984375,,0.0908203125,,0.9765625,,,3774,,,,
,,,,0.1527777910232544,,0.953125,,0.1614583432674408,,0.9609375,,,3775,,,,
,,,,0.0807291641831398,,0.9609375,,0.07734374701976776,,0.96875,,,3776,,,,
,,,,0.0807291641831398,,0.9609375,,0.0850694477558136,,0.9765625,,,3777,,,,
,,,,0.20524412393569946,,0.954275369644165,,0.2011108249425888,,0.9606045484542847,,,3778,,,,
,,,,0.103515625,,0.984375,,0.1015625,,0.984375,,,3779,,,,
,,,,0.0894097238779068,,0.9765625,,0.0868055522441864,,0.9921875,,,3780,,,,
,,,,0.11428571492433548,,0.9882352948188782,,0.09852941334247589,,0.9647058844566345,,,3781,,,,
121,0.7668798565864563,0.7633097171783447,0.7751648426055908,,0.9766137003898621,,0.7702476978302002,,0.9723876714706421,,,,8905,,,,
121,,,,,,,,,,,0.10454213619232178,1.6128531694412231,8905,0.7036211490631104,,0.7434109449386597,
122,,,,,,,,,,,,,8949,,0.7158480882644653,,0.7992945909500122
,,,,0.1316964328289032,,0.9765625,,0.1484375,,0.96875,,,3782,,,,
,,,,0.1238839253783226,,0.9765625,,0.1205357164144516,,0.9921875,,,3783,,,,
,,,,0.1510416716337204,,0.9921875,,0.1458333283662796,,0.984375,,,3784,,,,
,,,,0.20800000429153442,,0.9839999675750732,,0.19200000166893005,,0.9839999675750732,,,3785,,,,
,,,,0.0842013880610466,,0.9296875,,0.07968749850988388,,0.9453125,,,3786,,,,
,,,,0.09375,,0.9765625,,0.1015625,,0.984375,,,3787,,,,
,,,,0.13358396291732788,,0.9555137753486633,,0.16123643517494202,,0.9912281036376953,,,3788,,,,
,,,,0.08203125,,0.9921875,,0.1064453125,,0.9765625,,,3789,,,,
,,,,0.18219062685966492,,0.9956521987915039,,0.16871051490306854,,0.9956521987915039,,,3790,,,,
,,,,0.04296875,,0.9765625,,0.046875,,0.9765625,,,3791,,,,
,,,,0.04531250149011612,,0.96875,,0.05078125,,0.9765625,,,3792,,,,
,,,,0.15453682839870453,,0.9786324501037598,,0.13737374544143677,,0.9914529919624329,,,3793,,,,
,,,,0.15234375,,0.9921875,,0.1006944477558136,,0.96875,,,3794,,,,
,,,,0.111328125,,0.9921875,,0.1294642835855484,,0.9921875,,,3795,,,,
,,,,0.0972222238779068,,0.96875,,0.11328125,,0.96875,,,3796,,,,
,,,,0.22462406754493713,,0.9956140518188477,,0.23026315867900848,,0.9868420958518982,,,3797,,,,
,,,,0.0850694477558136,,0.984375,,0.0772569477558136,,0.9453125,,,3798,,,,
,,,,0.1015625,,1.0,,0.08046875149011612,,0.9765625,,,3799,,,,
,,,,0.2938034236431122,,0.995192289352417,,0.2518315017223358,,0.9855769276618958,,,3800,,,,
,,,,0.111328125,,0.9921875,,0.08671875298023224,,0.9765625,,,3801,,,,
,,,,0.0927734375,,0.984375,,0.1116071417927742,,0.9921875,,,3802,,,,
,,,,0.2011929601430893,,0.9676071405410767,,0.17668059468269348,,0.9747474789619446,,,3803,,,,
,,,,0.1005859375,,0.9921875,,0.08984375,,0.9765625,,,3804,,,,
,,,,0.09765625,,0.96875,,0.0849609375,,0.9453125,,,3805,,,,
,,,,0.15625,,0.96875,,0.1666666567325592,,0.953125,,,3806,,,,
,,,,0.14453125,,0.96875,,0.1025390625,,0.9921875,,,3807,,,,
,,,,0.1261160671710968,,1.0,,0.125,,0.9921875,,,3808,,,,
,,,,0.17150607705116272,,0.9834668040275574,,0.2143825888633728,,0.9669336080551147,,,3809,,,,
,,,,0.1064453125,,0.9921875,,0.0920138880610466,,0.9921875,,,3810,,,,
,,,,0.0902777761220932,,0.984375,,0.08203125,,0.9921875,,,3811,,,,
,,,,0.10147058963775635,,0.9647058844566345,,0.13725490868091583,,0.9764705896377563,,,3812,,,,
122,0.7749815583229065,0.7694060802459717,0.7883118391036987,,0.9802085161209106,,0.7840242385864258,,0.9762705564498901,,,,8978,,,,
122,,,,,,,,,,,0.10464196652173996,1.6081576347351074,8978,0.706108570098877,,0.7467240691184998,
123,,,,,,,,,,,,,8999,,0.5767229795455933,,0.6485112309455872
123,,,,,,,,,,,,,9049,,0.9128838181495667,,0.9715202450752258
,,,,0.1471354216337204,,0.984375,,0.1419270783662796,,0.96875,,,3813,,,,
,,,,0.16093750298023224,,0.984375,,0.1223958358168602,,0.9609375,,,3814,,,,
,,,,0.1458333283662796,,0.9765625,,0.1380208283662796,,0.9765625,,,3815,,,,
,,,,0.29600000381469727,,0.9959999918937683,,0.19555555284023285,,0.9839999675750732,,,3816,,,,
,,,,0.0885416641831398,,0.9765625,,0.07500000298023224,,0.9375,,,3817,,,,
,,,,0.107421875,,0.984375,,0.09375,,0.9921875,,,3818,,,,
,,,,0.14598998427391052,,0.9868420958518982,,0.1416040062904358,,0.9912281036376953,,,3819,,,,
,,,,0.08984375,,0.9765625,,0.0972222238779068,,0.96875,,,3820,,,,
,,,,0.15866219997406006,,0.991304337978363,,0.15866219997406006,,0.9869564771652222,,,3821,,,,
,,,,0.05546874925494194,,0.9921875,,0.0538194440305233,,0.9765625,,,3822,,,,
,,,,0.0651041641831398,,0.984375,,0.0651041641831398,,0.9765625,,,3823,,,,
,,,,0.14848485589027405,,0.9871795177459717,,0.1399378478527069,,1.0,,,3824,,,,
,,,,0.0989583358168602,,1.0,,0.08749999850988388,,0.9921875,,,3825,,,,
,,,,0.1083984375,,0.984375,,0.1261160671710968,,1.0,,,3826,,,,
,,,,0.1316964328289032,,0.984375,,0.0980902761220932,,0.984375,,,3827,,,,
,,,,0.21820175647735596,,0.9868420958518982,,0.25563910603523254,,0.9956140518188477,,,3828,,,,
,,,,0.05937499925494194,,0.921875,,0.0703125,,0.953125,,,3829,,,,
,,,,0.091796875,,0.96875,,0.07656250149011612,,0.984375,,,3830,,,,
,,,,0.18589743971824646,,0.9487179517745972,,0.21554487943649292,,0.9791666269302368,,,3831,,,,
,,,,0.1238839253783226,,1.0,,0.1216517835855484,,1.0,,,3832,,,,
,,,,0.0993303582072258,,0.9765625,,0.1236979141831398,,1.0,,,3833,,,,
,,,,0.19183212518692017,,0.9575060606002808,,0.2632067799568176,,0.994949460029602,,,3834,,,,
,,,,0.099609375,,0.9765625,,0.1015625,,0.984375,,,3835,,,,
,,,,0.07265625149011612,,0.9375,,0.0833333358168602,,0.953125,,,3836,,,,
,,,,0.15781250596046448,,0.96875,,0.1953125,,0.96875,,,3837,,,,
,,,,0.10546875,,0.984375,,0.08359374850988388,,0.953125,,,3838,,,,
,,,,0.1261160671710968,,0.9921875,,0.16875000298023224,,0.9609375,,,3839,,,,
,,,,0.2461158037185669,,0.9936708807945251,,0.20963576436042786,,0.9606045484542847,,,3840,,,,
,,,,0.1205357164144516,,1.0,,0.1171875,,0.9765625,,,3841,,,,
,,,,0.09375,,0.9765625,,0.0885416641831398,,0.9609375,,,3842,,,,
,,,,0.10147058963775635,,0.9764705896377563,,0.10000000149011612,,0.9764705896377563,,,3843,,,,
123,0.7682304382324219,0.768666684627533,0.7922045588493347,,0.9784643650054932,,0.7803792953491211,,0.9765368700027466,,,,9051,,,,
123,,,,,,,,,,,0.10456884652376175,1.6132277250289917,9051,0.6962771415710449,,0.7407698035240173,
124,,,,,,,,,,,,,9099,,0.698174238204956,,0.74880051612854
,,,,0.1183035746216774,,0.96875,,0.1432291716337204,,0.984375,,,3844,,,,
,,,,0.1026785746216774,,0.9765625,,0.109375,,0.9765625,,,3845,,,,
,,,,0.1104910746216774,,0.9765625,,0.1302083283662796,,0.9765625,,,3846,,,,
,,,,0.22095239162445068,,0.9959999918937683,,0.23800000548362732,,0.9959999918937683,,,3847,,,,
,,,,0.1103515625,,0.984375,,0.0998263880610466,,0.984375,,,3848,,,,
,,,,0.14453125,,0.9921875,,0.1261160671710968,,0.984375,,,3849,,,,
,,,,0.1479949951171875,,0.9605263471603394,,0.14974936842918396,,0.9780701398849487,,,3850,,,,
,,,,0.0947265625,,0.9609375,,0.0986328125,,0.9453125,,,3851,,,,
,,,,0.15050166845321655,,0.9869564771652222,,0.13905611634254456,,0.9826086759567261,,,3852,,,,
,,,,0.0564236119389534,,0.9921875,,0.0538194440305233,,0.9921875,,,3853,,,,
,,,,0.05390625074505806,,1.0,,0.0581597238779068,,1.0,,,3854,,,,
,,,,0.18233618140220642,,0.995726466178894,,0.16748684644699097,,1.0,,,3855,,,,
,,,,0.1549479216337204,,0.9921875,,0.1316964328289032,,0.984375,,,3856,,,,
,,,,0.1536458283662796,,1.0,,0.1142578125,,0.9921875,,,3857,,,,
,,,,0.15234375,,0.984375,,0.1305803507566452,,0.96875,,,3858,,,,
,,,,0.25814536213874817,,0.9912281036376953,,0.25689223408699036,,0.9868420958518982,,,3859,,,,
,,,,0.0772569477558136,,0.9765625,,0.06875000149011612,,0.9765625,,,3860,,,,
,,,,0.0902777761220932,,0.984375,,0.0894097238779068,,1.0,,,3861,,,,
,,,,0.23534798622131348,,0.9551281929016113,,0.20512819290161133,,0.9695512652397156,,,3862,,,,
,,,,0.1205357164144516,,0.96875,,0.125,,0.984375,,,3863,,,,
,,,,0.0926339253783226,,0.9609375,,0.0927734375,,0.96875,,,3864,,,,
,,,,0.1893068552017212,,0.9726575613021851,,0.21550479531288147,,0.9696969985961914,,,3865,,,,
,,,,0.099609375,,0.984375,,0.08984375,,0.9765625,,,3866,,,,
,,,,0.0789930522441864,,0.9375,,0.0720486119389534,,0.9453125,,,3867,,,,
,,,,0.1666666567325592,,0.96875,,0.1545138955116272,,0.953125,,,3868,,,,
,,,,0.1005859375,,0.984375,,0.099609375,,0.953125,,,3869,,,,
,,,,0.1216517835855484,,0.9765625,,0.107421875,,0.9765625,,,3870,,,,
,,,,0.2765865921974182,,0.9936708807945251,,0.2723671793937683,,0.9708086252212524,,,3871,,,,
,,,,0.1497395783662796,,0.9921875,,0.1393229216337204,,0.9765625,,,3872,,,,
,,,,0.1510416716337204,,0.9921875,,0.1216517835855484,,0.984375,,,3873,,,,
,,,,0.12100840359926224,,0.9882352948188782,,0.1044117659330368,,0.9647058844566345,,,3874,,,,
124,0.7677305340766907,0.7663779258728027,0.7807745933532715,,0.9783757925033569,,0.7765252590179443,,0.9757677912712097,,,,9124,,,,
124,,,,,,,,,,,0.1034940704703331,1.5974689722061157,9124,0.6926223635673523,,0.7343733310699463,
125,,,,,,,,,,,,,9149,,0.7187040448188782,,0.7687294483184814
,,,,0.0894097238779068,,0.953125,,0.1116071417927742,,0.9296875,,,3875,,,,
,,,,0.1276041716337204,,0.9765625,,0.083984375,,0.9296875,,,3876,,,,
,,,,0.0824652761220932,,0.9296875,,0.1037946417927742,,0.953125,,,3877,,,,
,,,,0.20899999141693115,,0.9559999704360962,,0.18755555152893066,,0.9639999866485596,,,3878,,,,
,,,,0.087890625,,0.921875,,0.0798611119389534,,0.9453125,,,3879,,,,
,,,,0.07265625149011612,,0.9609375,,0.07500000298023224,,0.9765625,,,3880,,,,
,,,,0.1726190447807312,,0.9912281036376953,,0.14647729694843292,,0.9912281036376953,,,3881,,,,
,,,,0.107421875,,0.984375,,0.107421875,,0.984375,,,3882,,,,
,,,,0.1867707073688507,,0.9956521987915039,,0.19832774996757507,,0.9956521987915039,,,3883,,,,
,,,,0.06875000149011612,,0.9921875,,0.06953124701976776,,0.984375,,,3884,,,,
,,,,0.06328125298023224,,0.9921875,,0.0703125,,0.9765625,,,3885,,,,
,,,,0.14763015508651733,,0.9829059839248657,,0.15757575631141663,,0.995726466178894,,,3886,,,,
,,,,0.0972222238779068,,0.9921875,,0.0963541641831398,,0.9765625,,,3887,,,,
,,,,0.1484375,,0.984375,,0.224609375,,0.984375,,,3888,,,,
,,,,0.109375,,0.96875,,0.1006944477558136,,0.9765625,,,3889,,,,
,,,,0.18518519401550293,,0.9780701398849487,,0.21381577849388123,,0.9824561476707458,,,3890,,,,
,,,,0.05390625074505806,,0.8828125,,0.06015624850988388,,0.9453125,,,3891,,,,
,,,,0.06562499701976776,,0.9453125,,0.0703125,,0.9765625,,,3892,,,,
,,,,0.22344321012496948,,0.9583333730697632,,0.22298535704612732,,1.0,,,3893,,,,
,,,,0.19062499701976776,,1.0,,0.1497395783662796,,0.9921875,,,3894,,,,
,,,,0.1393229216337204,,1.0,,0.1049107164144516,,1.0,,,3895,,,,
,,,,0.2682572901248932,,0.977708101272583,,0.26251015067100525,,0.9898989796638489,,,3896,,,,
,,,,0.1354166716337204,,0.984375,,0.13671875,,0.984375,,,3897,,,,
,,,,0.099609375,,0.9921875,,0.099609375,,0.9921875,,,3898,,,,
,,,,0.16093750298023224,,0.9765625,,0.1805555522441864,,0.9765625,,,3899,,,,
,,,,0.0859375,,0.984375,,0.1044921875,,0.9609375,,,3900,,,,
,,,,0.1484375,,1.0,,0.1432291716337204,,0.9921875,,,3901,,,,
,,,,0.21790236234664917,,0.9834668040275574,,0.18352994322776794,,0.9771376848220825,,,3902,,,,
,,,,0.1205357164144516,,1.0,,0.1160714253783226,,0.984375,,,3903,,,,
,,,,0.1194196417927742,,0.9765625,,0.0928819477558136,,0.9765625,,,3904,,,,
,,,,0.09281045943498611,,0.9764705896377563,,0.1044117659330368,,0.9764705896377563,,,3905,,,,
125,0.7719392776489258,0.7689176201820374,0.7816638350486755,,0.9725096821784973,,0.7761229276657104,,0.9742774963378906,,,,9197,,,,
125,,,,,,,,,,,0.10360448062419891,1.5965726375579834,9197,0.689471960067749,,0.7299363613128662,
126,,,,,,,,,,,,,9199,,0.7118893265724182,,0.8068289756774902
126,,,,,,,,,,,,,9249,,0.7959370613098145,,0.8879519701004028
,,,,0.1194196417927742,,0.9765625,,0.1183035746216774,,0.9609375,,,3906,,,,
,,,,0.1049107164144516,,0.9765625,,0.1004464253783226,,0.953125,,,3907,,,,
,,,,0.1315104216337204,,0.9921875,,0.1104910746216774,,0.9765625,,,3908,,,,
,,,,0.17933332920074463,,0.9919999837875366,,0.18433333933353424,,0.9919999837875366,,,3909,,,,
,,,,0.1380208283662796,,0.96875,,0.08203125,,0.9765625,,,3910,,,,
,,,,0.1149553582072258,,0.9921875,,0.1227678582072258,,0.9921875,,,3911,,,,
,,,,0.15357838571071625,,0.9912281036376953,,0.17058271169662476,,0.9868420958518982,,,3912,,,,
,,,,0.0911458358168602,,0.9921875,,0.0911458358168602,,0.9765625,,,3913,,,,
,,,,0.17710888385772705,,0.991304337978363,,0.1448829472064972,,0.991304337978363,,,3914,,,,
,,,,0.0966796875,,1.0,,0.06171875074505806,,0.9921875,,,3915,,,,
,,,,0.0850694477558136,,1.0,,0.06328125298023224,,0.9609375,,,3916,,,,
,,,,0.15959596633911133,,1.0,,0.15244755148887634,,0.995726466178894,,,3917,,,,
,,,,0.0876736119389534,,0.96875,,0.08203125,,0.9921875,,,3918,,,,
,,,,0.09765625,,0.96875,,0.1160714253783226,,0.984375,,,3919,,,,
,,,,0.1044921875,,0.953125,,0.1044921875,,0.9765625,,,3920,,,,
,,,,0.22896528244018555,,0.9824561476707458,,0.21694862842559814,,0.9868420958518982,,,3921,,,,
,,,,0.05624999850988388,,0.9609375,,0.0772569477558136,,0.984375,,,3922,,,,
,,,,0.0807291641831398,,0.984375,,0.0850694477558136,,0.9921875,,,3923,,,,
,,,,0.23534798622131348,,0.9743589758872986,,0.28632476925849915,,0.9791666269302368,,,3924,,,,
,,,,0.3125,,1.0,,0.23828125,,1.0,,,3925,,,,
,,,,0.1393229216337204,,0.984375,,0.14453125,,0.984375,,,3926,,,,
,,,,0.20424067974090576,,0.977708101272583,,0.20171543955802917,,0.9848484992980957,,,3927,,,,
,,,,0.0986328125,,0.984375,,0.0850694477558136,,0.96875,,,3928,,,,
,,,,0.0868055522441864,,0.9765625,,0.0850694477558136,,0.9609375,,,3929,,,,
,,,,0.1953125,,0.9765625,,0.1753472238779068,,0.96875,,,3930,,,,
,,,,0.0885416641831398,,0.9609375,,0.099609375,,0.9609375,,,3931,,,,
,,,,0.09375,,0.9765625,,0.1083984375,,0.96875,,,3932,,,,
,,,,0.22652415931224823,,0.9771376848220825,,0.19541318714618683,,0.9606045484542847,,,3933,,,,
,,,,0.1497395783662796,,0.9921875,,0.0954861119389534,,0.9921875,,,3934,,,,
,,,,0.1471354216337204,,0.9921875,,0.1064453125,,0.984375,,,3935,,,,
,,,,0.09281045943498611,,0.9764705896377563,,0.09019608050584793,,0.9529411792755127,,,3936,,,,
126,0.7783234715461731,0.7723002433776855,0.7934756278991699,,0.9815613031387329,,0.7872663140296936,,0.9778935313224792,,,,9270,,,,
126,,,,,,,,,,,0.10552822053432465,1.6032079458236694,9270,0.6997169256210327,,0.7353494763374329,
127,,,,,,,,,,,,,9299,,0.6602159738540649,,0.6928757429122925
,,,,0.1216517835855484,,0.984375,,0.1205357164144516,,0.9609375,,,3937,,,,
,,,,0.12890625,,0.9453125,,0.1071428582072258,,0.9765625,,,3938,,,,
,,,,0.1138392835855484,,0.984375,,0.09765625,,0.96875,,,3939,,,,
,,,,0.17733332514762878,,0.9959999918937683,,0.18533334136009216,,0.9919999837875366,,,3940,,,,
,,,,0.1044921875,,0.9609375,,0.1205357164144516,,0.96875,,,3941,,,,
,,,,0.099609375,,0.984375,,0.103515625,,0.9921875,,,3942,,,,
,,,,0.14172932505607605,,0.969298243522644,,0.16235031187534332,,0.9824561476707458,,,3943,,,,
,,,,0.0894097238779068,,0.96875,,0.0911458358168602,,0.9765625,,,3944,,,,
,,,,0.20142140984535217,,0.9826086759567261,,0.18193981051445007,,0.9869564771652222,,,3945,,,,
,,,,0.0789930522441864,,0.9921875,,0.0685763880610466,,0.9765625,,,3946,,,,
,,,,0.07109375298023224,,1.0,,0.06953124701976776,,0.9765625,,,3947,,,,
,,,,0.1578865647315979,,0.9914529919624329,,0.14933955669403076,,0.995726466178894,,,3948,,,,
,,,,0.1083984375,,0.984375,,0.1123046875,,1.0,,,3949,,,,
,,,,0.1497395783662796,,0.9921875,,0.18593749403953552,,1.0,,,3950,,,,
,,,,0.0963541641831398,,0.96875,,0.11328125,,0.984375,,,3951,,,,
,,,,0.22039473056793213,,0.9868420958518982,,0.21929824352264404,,0.9824561476707458,,,3952,,,,
,,,,0.0633680522441864,,0.953125,,0.06015624850988388,,0.9375,,,3953,,,,
,,,,0.06796874850988388,,0.9765625,,0.07109375298023224,,0.9609375,,,3954,,,,
,,,,0.244047611951828,,0.9791666269302368,,0.19951923191547394,,0.9791666269302368,,,3955,,,,
,,,,0.18437500298023224,,1.0,,0.1497395783662796,,0.9921875,,,3956,,,,
,,,,0.15937499701976776,,1.0,,0.1071428582072258,,0.9921875,,,3957,,,,
,,,,0.2270488142967224,,0.9726575613021851,,0.1880442351102829,,0.9696969985961914,,,3958,,,,
,,,,0.1127232164144516,,0.984375,,0.1149553582072258,,0.984375,,,3959,,,,
,,,,0.0868055522441864,,0.953125,,0.0859375,,0.9453125,,,3960,,,,
,,,,0.1684027761220932,,0.9765625,,0.1614583432674408,,0.9609375,,,3961,,,,
,,,,0.08124999701976776,,0.96875,,0.07890625298023224,,0.953125,,,3962,,,,
,,,,0.1458333283662796,,0.9921875,,0.1160714253783226,,0.984375,,,3963,,,,
,,,,0.22142210602760315,,0.9873417615890503,,0.16721776127815247,,0.9771376848220825,,,3964,,,,
,,,,0.1103515625,,0.9921875,,0.10546875,,0.9921875,,,3965,,,,
,,,,0.1205357164144516,,0.984375,,0.1025390625,,0.984375,,,3966,,,,
,,,,0.1352941244840622,,0.9882352948188782,,0.1352941244840622,,0.9764705896377563,,,3967,,,,
127,0.774504542350769,0.7757831811904907,0.7949868440628052,,0.9789907932281494,,0.7861542105674744,,0.9760869741439819,,,,9343,,,,
127,,,,,,,,,,,0.10315645486116409,1.6038634777069092,9343,0.691824734210968,,0.733127772808075,
128,,,,,,,,,,,,,9349,,0.5370916128158569,,0.5666936635971069
128,,,,,,,,,,,,,9399,,0.6831759214401245,,0.6931878328323364
,,,,0.0954861119389534,,0.9609375,,0.0963541641831398,,0.9609375,,,3968,,,,
,,,,0.0986328125,,0.96875,,0.1127232164144516,,0.9765625,,,3969,,,,
,,,,0.1380208283662796,,0.9921875,,0.13671875,,0.984375,,,3970,,,,
,,,,0.22699999809265137,,0.9959999918937683,,0.22299998998641968,,0.9959999918937683,,,3971,,,,
,,,,0.0954861119389534,,0.9609375,,0.08046875149011612,,0.96875,,,3972,,,,
,,,,0.107421875,,0.9921875,,0.099609375,,0.984375,,,3973,,,,
,,,,0.18574213981628418,,0.9912281036376953,,0.19125939905643463,,0.9555137753486633,,,3974,,,,
,,,,0.18593749403953552,,0.9921875,,0.0980902761220932,,0.9765625,,,3975,,,,
,,,,0.21834686398506165,,0.9956521987915039,,0.19414716958999634,,0.991304337978363,,,3976,,,,
,,,,0.05078125,,0.96875,,0.06171875074505806,,0.984375,,,3977,,,,
,,,,0.04843749850988388,,0.9921875,,0.05703125149011612,,0.96875,,,3978,,,,
,,,,0.13737374544143677,,0.9871795177459717,,0.14250195026397705,,0.995726466178894,,,3979,,,,
,,,,0.109375,,1.0,,0.1103515625,,0.9921875,,,3980,,,,
,,,,0.107421875,,0.984375,,0.1123046875,,0.9921875,,,3981,,,,
,,,,0.1083984375,,0.96875,,0.1123046875,,0.96875,,,3982,,,,
,,,,0.19089388847351074,,0.9780701398849487,,0.19590643048286438,,0.9780701398849487,,,3983,,,,
,,,,0.06093750149011612,,0.9140625,,0.06171875074505806,,0.9453125,,,3984,,,,
,,,,0.07109375298023224,,0.96875,,0.07421875,,0.9921875,,,3985,,,,
,,,,0.20633012056350708,,0.9743589758872986,,0.18803419172763824,,0.995192289352417,,,3986,,,,
,,,,0.1044921875,,1.0,,0.1227678582072258,,0.9765625,,,3987,,,,
,,,,0.1015625,,0.9765625,,0.0869140625,,0.9609375,,,3988,,,,
,,,,0.3017067313194275,,0.9726575613021851,,0.21202170848846436,,0.9524555802345276,,,3989,,,,
,,,,0.087890625,,0.984375,,0.0970982164144516,,0.9765625,,,3990,,,,
,,,,0.0763888880610466,,0.9765625,,0.0763888880610466,,0.9765625,,,3991,,,,
,,,,0.1614583283662796,,0.96875,,0.181640625,,0.9453125,,,3992,,,,
,,,,0.1015625,,0.96875,,0.103515625,,0.9609375,,,3993,,,,
,,,,0.1238839253783226,,0.984375,,0.14453125,,0.9921875,,,3994,,,,
,,,,0.2939378321170807,,0.9732627272605896,,0.18579751253128052,,0.9669336080551147,,,3995,,,,
,,,,0.1458333283662796,,0.984375,,0.1227678582072258,,0.984375,,,3996,,,,
,,,,0.103515625,,0.984375,,0.1025390625,,0.9765625,,,3997,,,,
,,,,0.10147058963775635,,0.9764705896377563,,0.10294117778539658,,0.9529411792755127,,,3998,,,,
128,0.7706877589225769,0.7691967487335205,0.783221960067749,,0.9779256582260132,,0.7823053002357483,,0.9748712778091431,,,,9416,,,,
128,,,,,,,,,,,0.10246825218200684,1.58169686794281,9416,0.6835452318191528,,0.7190006971359253,
129,,,,,,,,,,,,,9449,,0.6989555358886719,,0.7348728179931641
,,,,0.1160714253783226,,0.9453125,,0.1015625,,0.9453125,,,3999,,,,
,,,,0.1015625,,0.9921875,,0.1004464253783226,,0.9453125,,,4000,,,,
,,,,0.1315104216337204,,0.9609375,,0.1341145783662796,,0.953125,,,4001,,,,
,,,,0.2150000035762787,,0.9839999675750732,,0.19822221994400024,,0.9800000190734863,,,4002,,,,
,,,,0.1263020783662796,,0.953125,,0.1171875,,0.9453125,,,4003,,,,
,,,,0.1116071417927742,,0.984375,,0.1216517835855484,,0.9921875,,,4004,,,,
,,,,0.153132826089859,,0.9555137753486633,,0.14786967635154724,,0.9511277675628662,,,4005,,,,
,,,,0.1064453125,,0.9921875,,0.09375,,0.9921875,,,4006,,,,
,,,,0.2164715826511383,,0.9956521987915039,,0.19397993385791779,,0.9869564771652222,,,4007,,,,
,,,,0.078125,,1.0,,0.05781250074505806,,0.96875,,,4008,,,,
,,,,0.07421875,,0.9921875,,0.06015624850988388,,0.9609375,,,4009,,,,
,,,,0.1578865647315979,,1.0,,0.14763015508651733,,1.0,,,4010,,,,
,,,,0.09375,,0.9765625,,0.0954861119389534,,0.984375,,,4011,,,,
,,,,0.1216517835855484,,0.984375,,0.1103515625,,1.0,,,4012,,,,
,,,,0.107421875,,0.96875,,0.1294642835855484,,0.984375,,,4013,,,,
,,,,0.198151633143425,,0.9824561476707458,,0.22478070855140686,,0.9824561476707458,,,4014,,,,
,,,,0.0607638880610466,,0.9453125,,0.06718750298023224,,0.984375,,,4015,,,,
,,,,0.0798611119389534,,0.984375,,0.0850694477558136,,0.9921875,,,4016,,,,
,,,,0.22573259472846985,,0.9647436141967773,,0.2390109896659851,,0.9791666269302368,,,4017,,,,
,,,,0.17343750596046448,,0.9921875,,0.1471354216337204,,0.9921875,,,4018,,,,
,,,,0.0948660746216774,,0.9765625,,0.1015625,,0.9765625,,,4019,,,,
,,,,0.20649847388267517,,0.9726575613021851,,0.24259839951992035,,0.9848484992980957,,,4020,,,,
,,,,0.125,,0.96875,,0.1104910746216774,,0.96875,,,4021,,,,
,,,,0.09375,,0.9765625,,0.0833333358168602,,0.953125,,,4022,,,,
,,,,0.14531250298023224,,0.96875,,0.1484375,,0.9609375,,,4023,,,,
,,,,0.0894097238779068,,0.96875,,0.08046875149011612,,0.9609375,,,4024,,,,
,,,,0.1393229216337204,,0.9921875,,0.1419270783662796,,0.96875,,,4025,,,,
,,,,0.2897184193134308,,0.9873417615890503,,0.2121867835521698,,0.956729531288147,,,4026,,,,
,,,,0.1471354216337204,,1.0,,0.1205357164144516,,0.9765625,,,4027,,,,
,,,,0.1497395783662796,,0.9921875,,0.125,,0.9765625,,,4028,,,,
,,,,0.11764705926179886,,1.0,,0.07999999821186066,,0.9647058844566345,,,4029,,,,
129,0.7732700109481812,0.7728344798088074,0.780936062335968,,0.979034423828125,,0.7824472188949585,,0.9728049039840698,,,,9489,,,,
129,,,,,,,,,,,0.10438833385705948,1.5841583013534546,9489,0.6824216246604919,,0.7201067805290222,
130,,,,,,,,,,,,,9499,,0.5936867594718933,,0.6713067293167114
130,,,,,,,,,,,,,9549,,0.8147696256637573,,0.9557182788848877
,,,,0.10546875,,0.953125,,0.1044921875,,0.9609375,,,4030,,,,
,,,,0.1060267835855484,,0.96875,,0.1104910746216774,,0.9765625,,,4031,,,,
,,,,0.1138392835855484,,0.96875,,0.1315104216337204,,0.96875,,,4032,,,,
,,,,0.2605714201927185,,1.0,,0.21599999070167542,,0.9919999837875366,,,4033,,,,
,,,,0.1194196417927742,,0.984375,,0.0966796875,,0.984375,,,4034,,,,
,,,,0.109375,,0.984375,,0.0966796875,,0.984375,,,4035,,,,
,,,,0.16527429223060608,,0.9868420958518982,,0.15831243991851807,,0.9912281036376953,,,4036,,,,
,,,,0.08515624701976776,,0.9921875,,0.1064453125,,0.984375,,,4037,,,,
,,,,0.16871051490306854,,0.9956521987915039,,0.1994147151708603,,0.9869564771652222,,,4038,,,,
,,,,0.06015624850988388,,0.984375,,0.0720486119389534,,0.96875,,,4039,,,,
,,,,0.06093750149011612,,0.984375,,0.0685763880610466,,0.96875,,,4040,,,,
,,,,0.1675213724374771,,0.995726466178894,,0.15415695309638977,,1.0,,,4041,,,,
,,,,0.1316964328289032,,1.0,,0.1305803507566452,,0.9921875,,,4042,,,,
,,,,0.1536458283662796,,1.0,,0.1510416716337204,,1.0,,,4043,,,,
,,,,0.15625,,1.0,,0.1339285671710968,,0.9921875,,,4044,,,,
,,,,0.3040935695171356,,0.9736841917037964,,0.2982456088066101,,0.9736841917037964,,,4045,,,,
,,,,0.0755208358168602,,0.953125,,0.06171875074505806,,0.9609375,,,4046,,,,
,,,,0.07578124850988388,,0.96875,,0.07500000298023224,,0.9765625,,,4047,,,,
,,,,0.23763737082481384,,0.9743589758872986,,0.20512819290161133,,0.9743589758872986,,,4048,,,,
,,,,0.1205357164144516,,1.0,,0.1458333283662796,,0.9921875,,,4049,,,,
,,,,0.0849609375,,0.9921875,,0.0959821417927742,,0.984375,,,4050,,,,
,,,,0.20649847388267517,,0.9676071405410767,,0.19183212518692017,,0.9848484992980957,,,4051,,,,
,,,,0.0850694477558136,,0.9609375,,0.07734374701976776,,0.96875,,,4052,,,,
,,,,0.07656250149011612,,0.9609375,,0.0850694477558136,,0.96875,,,4053,,,,
,,,,0.1736111044883728,,0.96875,,0.1701388955116272,,0.9609375,,,4054,,,,
,,,,0.08437500149011612,,0.9765625,,0.0911458358168602,,0.96875,,,4055,,,,
,,,,0.1283482164144516,,0.9921875,,0.125,,0.984375,,,4056,,,,
,,,,0.25083959102630615,,0.9936708807945251,,0.19173914194107056,,0.9771376848220825,,,4057,,,,
,,,,0.1354166716337204,,0.984375,,0.1227678582072258,,0.9921875,,,4058,,,,
,,,,0.1261160671710968,,0.984375,,0.1283482164144516,,0.9765625,,,4059,,,,
,,,,0.11932773143053055,,0.9647058844566345,,0.10294117778539658,,0.9647058844566345,,,4060,,,,
130,0.7799668908119202,0.773684024810791,0.7981207370758057,,0.9804587364196777,,0.7881272435188293,,0.978123664855957,,,,9562,,,,
130,,,,,,,,,,,0.1020616963505745,1.5821382999420166,9562,0.6697672605514526,,0.7130056023597717,
131,,,,,,,,,,,,,9599,,0.6190524101257324,,0.6323157548904419
,,,,0.10546875,,0.9609375,,0.1380208283662796,,0.9609375,,,4061,,,,
,,,,0.12890625,,0.953125,,0.1276041716337204,,0.9375,,,4062,,,,
,,,,0.0986328125,,0.96875,,0.1127232164144516,,0.96875,,,4063,,,,
,,,,0.23199999332427979,,1.0,,0.25942856073379517,,0.9880000352859497,,,4064,,,,
,,,,0.1458333283662796,,0.9921875,,0.1419270783662796,,0.96875,,,4065,,,,
,,,,0.1305803507566452,,1.0,,0.1261160671710968,,0.9921875,,,4066,,,,
,,,,0.20144110918045044,,0.9868420958518982,,0.21124237775802612,,0.9467418193817139,,,4067,,,,
,,,,0.0859375,,0.984375,,0.0928819477558136,,0.96875,,,4068,,,,
,,,,0.17725752294063568,,0.9956521987915039,,0.17143812775611877,,0.9869564771652222,,,4069,,,,
,,,,0.06171875074505806,,0.9921875,,0.0677083358168602,,0.9921875,,,4070,,,,
,,,,0.06015624850988388,,0.9921875,,0.07187499850988388,,0.9765625,,,4071,,,,
,,,,0.16355866193771362,,0.9914529919624329,,0.1618492603302002,,0.9502719640731812,,,4072,,,,
,,,,0.1305803507566452,,0.9921875,,0.1294642835855484,,0.9921875,,,4073,,,,
,,,,0.1328125,,0.984375,,0.111328125,,0.984375,,,4074,,,,
,,,,0.1294642835855484,,0.9921875,,0.111328125,,0.984375,,,4075,,,,
,,,,0.2631579041481018,,0.9868420958518982,,0.24543501436710358,,0.9912281036376953,,,4076,,,,
,,,,0.06796874850988388,,0.96875,,0.06093750149011612,,0.953125,,,4077,,,,
,,,,0.0850694477558136,,0.9765625,,0.0833333358168602,,1.0,,,4078,,,,
,,,,0.1844729334115982,,0.9743589758872986,,0.22344321012496948,,1.0,,,4079,,,,
,,,,0.1294642835855484,,0.984375,,0.1272321492433548,,0.9921875,,,4080,,,,
,,,,0.0789930522441864,,0.9765625,,0.1127232164144516,,0.9921875,,,4081,,,,
,,,,0.18856669962406158,,0.9524555802345276,,0.19235457479953766,,0.9898989796638489,,,4082,,,,
,,,,0.0842013880610466,,0.9609375,,0.0868055522441864,,0.96875,,,4083,,,,
,,,,0.0755208358168602,,0.9296875,,0.0807291641831398,,0.953125,,,4084,,,,
,,,,0.1701388955116272,,0.96875,,0.1753472238779068,,0.96875,,,4085,,,,
,,,,0.10546875,,1.0,,0.0911458358168602,,0.9609375,,,4086,,,,
,,,,0.1497395783662796,,1.0,,0.107421875,,0.9921875,,,4087,,,,
,,,,0.2188710868358612,,0.9708086252212524,,0.21790236234664917,,0.9708086252212524,,,4088,,,,
,,,,0.125,,0.984375,,0.103515625,,0.984375,,,4089,,,,
,,,,0.1083984375,,0.984375,,0.1044921875,,0.96875,,,4090,,,,
,,,,0.11764705926179886,,0.9882352948188782,,0.11764705926179886,,0.9529411792755127,,,4091,,,,
131,0.7820863723754883,0.7818315029144287,0.8076255321502686,,0.9795543551445007,,0.7978207468986511,,0.9760218858718872,,,,9635,,,,
131,,,,,,,,,,,0.10273481905460358,1.5672088861465454,9635,0.6730067729949951,,0.7093766927719116,
132,,,,,,,,,,,,,9649,,0.5809594988822937,,0.6590006947517395
132,,,,,,,,,,,,,9699,,0.6995834112167358,,0.717387318611145
,,,,0.1205357164144516,,0.9609375,,0.0928819477558136,,0.9296875,,,4092,,,,
,,,,0.1044921875,,0.9765625,,0.1127232164144516,,0.9609375,,,4093,,,,
,,,,0.1216517835855484,,0.9765625,,0.1227678582072258,,0.9765625,,,4094,,,,
,,,,0.18133333325386047,,0.9839999675750732,,0.17955556511878967,,0.9760000109672546,,,4095,,,,
,,,,0.0869140625,,0.96875,,0.06953124701976776,,0.9453125,,,4096,,,,
,,,,0.07500000298023224,,0.9765625,,0.0703125,,0.9765625,,,4097,,,,
,,,,0.16624894738197327,,0.9868420958518982,,0.16527429223060608,,0.9824561476707458,,,4098,,,,
,,,,0.107421875,,0.984375,,0.1064453125,,0.9765625,,,4099,,,,
,,,,0.19832774996757507,,0.991304337978363,,0.195066899061203,,0.991304337978363,,,4100,,,,
,,,,0.05546874925494194,,1.0,,0.0607638880610466,,0.984375,,,4101,,,,
,,,,0.05312500149011612,,0.984375,,0.05546874925494194,,0.9765625,,,4102,,,,
,,,,0.16153846681118011,,0.995726466178894,,0.1598290652036667,,1.0,,,4103,,,,
,,,,0.1142578125,,0.984375,,0.1316964328289032,,0.984375,,,4104,,,,
,,,,0.1261160671710968,,0.9921875,,0.1510416716337204,,1.0,,,4105,,,,
,,,,0.1796875,,0.9765625,,0.1261160671710968,,0.984375,,,4106,,,,
,,,,0.23464912176132202,,0.9956140518188477,,0.2631579041481018,,0.9956140518188477,,,4107,,,,
,,,,0.0947265625,,0.96875,,0.0772569477558136,,0.9609375,,,4108,,,,
,,,,0.0868055522441864,,0.984375,,0.07656250149011612,,0.9921875,,,4109,,,,
,,,,0.2518315017223358,,0.9791666269302368,,0.24130037426948547,,1.0,,,4110,,,,
,,,,0.1328125,,1.0,,0.18437500298023224,,0.9921875,,,4111,,,,
,,,,0.1160714253783226,,0.9921875,,0.1380208283662796,,0.9921875,,,4112,,,,
,,,,0.17547118663787842,,0.9575060606002808,,0.22849181294441223,,0.977708101272583,,,4113,,,,
,,,,0.0885416641831398,,0.984375,,0.1015625,,0.984375,,,4114,,,,
,,,,0.0859375,,0.9453125,,0.1127232164144516,,0.953125,,,4115,,,,
,,,,0.15781250596046448,,0.9765625,,0.201171875,,0.9765625,,,4116,,,,
,,,,0.1458333283662796,,0.9765625,,0.1083984375,,0.96875,,,4117,,,,
,,,,0.18437500298023224,,1.0,,0.1261160671710968,,0.984375,,,4118,,,,
,,,,0.30155858397483826,,0.9834668040275574,,0.1914234161376953,,0.9746835231781006,,,4119,,,,
,,,,0.10546875,,0.9921875,,0.0920138880610466,,0.9921875,,,4120,,,,
,,,,0.08515624701976776,,0.9765625,,0.08359374850988388,,0.96875,,,4121,,,,
,,,,0.08758170157670975,,0.9764705896377563,,0.08758170157670975,,0.9647058844566345,,,4122,,,,
132,0.7802101373672485,0.7843143939971924,0.7984538674354553,,0.9807566404342651,,0.7885172367095947,,0.976768970489502,,,,9708,,,,
132,,,,,,,,,,,0.10096652805805206,1.5827670097351074,9708,0.6666285395622253,,0.7119842767715454,
133,,,,,,,,,,,,,9749,,0.7517224550247192,,0.7887417078018188
,,,,0.0927734375,,0.9453125,,0.1116071417927742,,0.96875,,,4123,,,,
,,,,0.09375,,0.9140625,,0.0993303582072258,,0.9296875,,,4124,,,,
,,,,0.0815972238779068,,0.9453125,,0.1276041716337204,,0.96875,,,4125,,,,
,,,,0.21066667139530182,,0.9959999918937683,,0.18333333730697632,,0.9959999918937683,,,4126,,,,
,,,,0.1393229216337204,,0.953125,,0.1238839253783226,,0.9609375,,,4127,,,,
,,,,0.1064453125,,0.984375,,0.109375,,0.984375,,,4128,,,,
,,,,0.1712614893913269,,0.9423558712005615,,0.17418545484542847,,0.9824561476707458,,,4129,,,,
,,,,0.1205357164144516,,0.9921875,,0.109375,,0.9765625,,,4130,,,,
,,,,0.20359531044960022,,0.9869564771652222,,0.1648457944393158,,0.9826086759567261,,,4131,,,,
,,,,0.0625,,0.9921875,,0.05703125149011612,,0.984375,,,4132,,,,
,,,,0.06875000149011612,,0.9765625,,0.06171875074505806,,0.96875,,,4133,,,,
,,,,0.19373220205307007,,0.9914529919624329,,0.15501165390014648,,0.995726466178894,,,4134,,,,
,,,,0.1536458283662796,,1.0,,0.1305803507566452,,1.0,,,4135,,,,
,,,,0.18437500298023224,,1.0,,0.1272321492433548,,1.0,,,4136,,,,
,,,,0.15625,,0.984375,,0.1328125,,0.984375,,,4137,,,,
,,,,0.2493734359741211,,0.9868420958518982,,0.28654971718788147,,0.969298243522644,,,4138,,,,
,,,,0.07421875,,0.96875,,0.05703125149011612,,0.9453125,,,4139,,,,
,,,,0.0815972238779068,,1.0,,0.07187499850988388,,0.953125,,,4140,,,,
,,,,0.21382783353328705,,0.9791666269302368,,0.18950319290161133,,0.9791666269302368,,,4141,,,,
,,,,0.1497395783662796,,1.0,,0.1272321492433548,,0.9921875,,,4142,,,,
,,,,0.1197916641831398,,0.9921875,,0.1276041716337204,,0.9921875,,,4143,,,,
,,,,0.21575360000133514,,0.9625566005706787,,0.18247127532958984,,0.9848484992980957,,,4144,,,,
,,,,0.0986328125,,0.96875,,0.099609375,,0.9609375,,,4145,,,,
,,,,0.0815972238779068,,0.9609375,,0.078125,,0.953125,,,4146,,,,
,,,,0.14375001192092896,,0.9765625,,0.15625,,0.96875,,,4147,,,,
,,,,0.0911458358168602,,0.984375,,0.0911458358168602,,0.9765625,,,4148,,,,
,,,,0.1103515625,,1.0,,0.1227678582072258,,0.96875,,,4149,,,,
,,,,0.25305384397506714,,0.9873417615890503,,0.21983984112739563,,0.9936708807945251,,,4150,,,,
,,,,0.1238839253783226,,0.9921875,,0.1497395783662796,,0.9921875,,,4151,,,,
,,,,0.1283482164144516,,0.984375,,0.111328125,,0.9765625,,,4152,,,,
,,,,0.1352941244840622,,0.9882352948188782,,0.13921569287776947,,0.9882352948188782,,,4153,,,,
133,0.7726500034332275,0.7664150595664978,0.7878971099853516,,0.9780287146568298,,0.7834290266036987,,0.9747471809387207,,,,9781,,,,
133,,,,,,,,,,,0.10229674726724625,1.575395941734314,9781,0.6511033177375793,,0.7022190093994141,
134,,,,,,,,,,,,,9799,,0.6443274021148682,,0.6229066848754883
134,,,,,,,,,,,,,9849,,0.5796551704406738,,0.6009764671325684
,,,,0.0972222238779068,,0.984375,,0.1216517835855484,,0.9609375,,,4154,,,,
,,,,0.1171875,,0.953125,,0.1071428582072258,,0.9453125,,,4155,,,,
,,,,0.1064453125,,0.9765625,,0.1171875,,0.9921875,,,4156,,,,
,,,,0.21000000834465027,,0.9639999866485596,,0.21299999952316284,,0.9880000352859497,,,4157,,,,
,,,,0.0772569477558136,,0.953125,,0.0789930522441864,,0.96875,,,4158,,,,
,,,,0.07109375298023224,,0.953125,,0.0824652761220932,,0.9765625,,,4159,,,,
,,,,0.16026178002357483,,0.9555137753486633,,0.15719854831695557,,0.9912281036376953,,,4160,,,,
,,,,0.1261160671710968,,0.9765625,,0.1305803507566452,,0.9765625,,,4161,,,,
,,,,0.18545150756835938,,0.9956521987915039,,0.20903009176254272,,0.991304337978363,,,4162,,,,
,,,,0.05703125149011612,,0.984375,,0.05937499925494194,,0.9765625,,,4163,,,,
,,,,0.05859375,,0.96875,,0.06796874850988388,,0.96875,,,4164,,,,
,,,,0.15501165390014648,,0.9829059839248657,,0.15757575631141663,,0.995726466178894,,,4165,,,,
,,,,0.15625,,1.0,,0.15625,,0.9921875,,,4166,,,,
,,,,0.18125000596046448,,0.9921875,,0.1294642835855484,,0.984375,,,4167,,,,
,,,,0.18593749403953552,,0.984375,,0.1272321492433548,,0.9765625,,,4168,,,,
,,,,0.2136591374874115,,0.9912281036376953,,0.22478070855140686,,0.9912281036376953,,,4169,,,,
,,,,0.0746527761220932,,0.9453125,,0.0888671875,,0.9765625,,,4170,,,,
,,,,0.0789930522441864,,0.9609375,,0.07500000298023224,,0.984375,,,4171,,,,
,,,,0.24084249138832092,,1.0,,0.24542123079299927,,1.0,,,4172,,,,
,,,,0.1549479216337204,,1.0,,0.1305803507566452,,0.9921875,,,4173,,,,
,,,,0.1205357164144516,,0.9921875,,0.1183035746216774,,0.9921875,,,4174,,,,
,,,,0.2483455240726471,,0.9676071405410767,,0.18982931971549988,,0.9696969985961914,,,4175,,,,
,,,,0.091796875,,0.9921875,,0.1026785746216774,,0.9765625,,,4176,,,,
,,,,0.0868055522441864,,0.9921875,,0.0849609375,,0.9609375,,,4177,,,,
,,,,0.15000000596046448,,0.984375,,0.1579861044883728,,0.953125,,,4178,,,,
,,,,0.0859375,,0.9765625,,0.0966796875,,0.9453125,,,4179,,,,
,,,,0.1458333283662796,,0.9765625,,0.103515625,,0.9609375,,,4180,,,,
,,,,0.2559692859649658,,0.9708086252212524,,0.16799277067184448,,0.9504004716873169,,,4181,,,,
,,,,0.1458333283662796,,0.9921875,,0.140625,,0.984375,,,4182,,,,
,,,,0.10546875,,0.9765625,,0.0911458358168602,,0.96875,,,4183,,,,
,,,,0.08888889104127884,,0.9882352948188782,,0.09852941334247589,,0.9882352948188782,,,4184,,,,
134,0.7786336541175842,0.7781664133071899,0.7899096608161926,,0.9770389795303345,,0.7871190309524536,,0.9751734733581543,,,,9854,,,,
134,,,,,,,,,,,0.1020445004105568,1.5788874626159668,9854,0.671819269657135,,0.7146627306938171,
135,,,,,,,,,,,,,9899,,0.7428658604621887,,0.8262532353401184
,,,,0.0963541641831398,,0.96875,,0.07968749850988388,,0.9453125,,,4185,,,,
,,,,0.109375,,0.984375,,0.091796875,,0.921875,,,4186,,,,
,,,,0.107421875,,0.9921875,,0.0947265625,,0.9453125,,,4187,,,,
,,,,0.22100000083446503,,0.9839999675750732,,0.17233332991600037,,0.9880000352859497,,,4188,,,,
,,,,0.1005859375,,0.9375,,0.1116071417927742,,0.9453125,,,4189,,,,
,,,,0.0902777761220932,,0.984375,,0.0859375,,0.9765625,,,4190,,,,
,,,,0.15733778476715088,,0.9555137753486633,,0.19031953811645508,,0.915413498878479,,,4191,,,,
,,,,0.1261160671710968,,0.984375,,0.1261160671710968,,0.984375,,,4192,,,,
,,,,0.1762913465499878,,0.991304337978363,,0.15726496279239655,,0.991304337978363,,,4193,,,,
,,,,0.0572916679084301,,0.9765625,,0.05859375,,0.984375,,,4194,,,,
,,,,0.05390625074505806,,0.9765625,,0.05859375,,0.953125,,,4195,,,,
,,,,0.14164724946022034,,0.9829059839248657,,0.15019425749778748,,0.995726466178894,,,4196,,,,
,,,,0.1294642835855484,,0.9921875,,0.11328125,,0.9921875,,,4197,,,,
,,,,0.1261160671710968,,0.9921875,,0.1238839253783226,,0.9765625,,,4198,,,,
,,,,0.111328125,,0.984375,,0.1272321492433548,,0.984375,,,4199,,,,
,,,,0.2936507761478424,,0.9956140518188477,,0.2466881424188614,,0.9956140518188477,,,4200,,,,
,,,,0.0703125,,0.953125,,0.087890625,,0.984375,,,4201,,,,
,,,,0.0842013880610466,,0.984375,,0.07343749701976776,,0.9765625,,,4202,,,,
,,,,0.2541208863258362,,0.9791666269302368,,0.29807692766189575,,0.9791666269302368,,,4203,,,,
,,,,0.18906250596046448,,1.0,,0.19218750298023224,,0.9921875,,,4204,,,,
,,,,0.1419270783662796,,0.9765625,,0.1393229216337204,,0.984375,,,4205,,,,
,,,,0.1986677050590515,,0.977708101272583,,0.2615232765674591,,0.994949460029602,,,4206,,,,
,,,,0.09765625,,1.0,,0.109375,,0.984375,,,4207,,,,
,,,,0.0868055522441864,,0.9921875,,0.0868055522441864,,0.984375,,,4208,,,,
,,,,0.14687499403953552,,0.953125,,0.1597222238779068,,0.953125,,,4209,,,,
,,,,0.07734374701976776,,0.953125,,0.07656250149011612,,0.953125,,,4210,,,,
,,,,0.0920138880610466,,0.9609375,,0.10546875,,0.9609375,,,4211,,,,
,,,,0.1687677502632141,,0.9669336080551147,,0.21315550804138184,,0.9771376848220825,,,4212,,,,
,,,,0.09375,,0.9921875,,0.103515625,,0.9921875,,,4213,,,,
,,,,0.0963541641831398,,0.9765625,,0.107421875,,0.96875,,,4214,,,,
,,,,0.08117647469043732,,0.9647058844566345,,0.0788235291838646,,0.9529411792755127,,,4215,,,,
135,0.7742999792098999,0.7694774866104126,0.7982081770896912,,0.9780430793762207,,0.786611795425415,,0.9731983542442322,,,,9927,,,,
135,,,,,,,,,,,0.10079148411750793,1.571489691734314,9927,0.6561472415924072,,0.7006152868270874,
136,,,,,,,,,,,,,9949,,0.7051076889038086,,0.725975751876831
136,,,,,,,,,,,,,9999,,0.6104773283004761,,0.6304928064346313
,,,,0.1064453125,,0.9765625,,0.1194196417927742,,0.96875,,,4216,,,,
,,,,0.1005859375,,0.96875,,0.1071428582072258,,0.9765625,,,4217,,,,
,,,,0.1227678582072258,,0.9921875,,0.103515625,,0.96875,,,4218,,,,
,,,,0.2525714337825775,,0.9839999675750732,,0.17599999904632568,,0.9800000190734863,,,4219,,,,
,,,,0.099609375,,0.9609375,,0.09765625,,0.953125,,,4220,,,,
,,,,0.0920138880610466,,0.9921875,,0.103515625,,0.9921875,,,4221,,,,
,,,,0.15225562453269958,,0.9555137753486633,,0.16917292773723602,,0.9511277675628662,,,4222,,,,
,,,,0.109375,,0.984375,,0.0954861119389534,,0.9609375,,,4223,,,,
,,,,0.1753251552581787,,0.991304337978363,,0.180973619222641,,0.9826086759567261,,,4224,,,,
,,,,0.05781250074505806,,1.0,,0.0737847238779068,,0.9921875,,,4225,,,,
,,,,0.06171875074505806,,0.984375,,0.07343749701976776,,0.9765625,,,4226,,,,
,,,,0.16324786841869354,,0.9829059839248657,,0.17008547484874725,,1.0,,,4227,,,,
,,,,0.1305803507566452,,1.0,,0.1549479216337204,,0.9921875,,,4228,,,,
,,,,0.15234375,,0.9921875,,0.1328125,,1.0,,,4229,,,,
,,,,0.19062499701976776,,0.984375,,0.240234375,,0.9921875,,,4230,,,,
,,,,0.21804511547088623,,0.9824561476707458,,0.21600878238677979,,0.9868420958518982,,,4231,,,,
,,,,0.0755208358168602,,0.9375,,0.06328125298023224,,0.9609375,,,4232,,,,
,,,,0.07343749701976776,,0.984375,,0.07343749701976776,,0.9765625,,,4233,,,,
,,,,0.2271062284708023,,0.9791666269302368,,0.19871795177459717,,0.9743589758872986,,,4234,,,,
,,,,0.08203125,,1.0,,0.1272321492433548,,0.984375,,,4235,,,,
,,,,0.1145833358168602,,0.984375,,0.1197916641831398,,0.96875,,,4236,,,,
,,,,0.18573668599128723,,0.9726575613021851,,0.16602809727191925,,0.9575060606002808,,,4237,,,,
,,,,0.0920138880610466,,0.9921875,,0.099609375,,0.984375,,,4238,,,,
,,,,0.1015625,,0.984375,,0.0824652761220932,,0.96875,,,4239,,,,
,,,,0.16093750298023224,,0.984375,,0.15000000596046448,,0.96875,,,4240,,,,
,,,,0.0954861119389534,,0.9765625,,0.0980902761220932,,0.9765625,,,4241,,,,
,,,,0.1536458283662796,,1.0,,0.17812499403953552,,0.9921875,,,4242,,,,
,,,,0.2143825888633728,,0.9834668040275574,,0.2188710868358612,,0.9708086252212524,,,4243,,,,
,,,,0.1183035746216774,,0.984375,,0.1419270783662796,,0.9921875,,,4244,,,,
,,,,0.09375,,0.9765625,,0.1044921875,,0.9765625,,,4245,,,,
,,,,0.08888889104127884,,0.9882352948188782,,0.11596638709306717,,0.9882352948188782,,,4246,,,,
136,0.781723141670227,0.7782399654388428,0.7999920845031738,,0.9821211099624634,,0.7993717193603516,,0.9769809246063232,,,,10000,,,,
136,,,,,,,,,,,0.10171240568161011,1.5695500373840332,10000,0.6476569175720215,,0.6944476962089539,
137,,,,,,,,,,,,,10049,,0.70670485496521,,0.7435556650161743
,,,,0.1044921875,,0.953125,,0.10546875,,0.9609375,,,4247,,,,
,,,,0.1104910746216774,,0.9609375,,0.1160714253783226,,0.953125,,,4248,,,,
,,,,0.1315104216337204,,0.9765625,,0.17031249403953552,,0.96875,,,4249,,,,
,,,,0.23100000619888306,,1.0,,0.2628571391105652,,0.9959999918937683,,,4250,,,,
,,,,0.125,,0.984375,,0.109375,,0.96875,,,4251,,,,
,,,,0.1044921875,,0.984375,,0.1083984375,,0.984375,,,4252,,,,
,,,,0.2325456440448761,,0.9912281036376953,,0.16624894738197327,,0.9912281036376953,,,4253,,,,
,,,,0.1103515625,,0.9921875,,0.0954861119389534,,0.96875,,,4254,,,,
,,,,0.2048494964838028,,0.991304337978363,,0.2079431414604187,,0.9826086759567261,,,4255,,,,
,,,,0.06093750149011612,,0.9921875,,0.0607638880610466,,0.9765625,,,4256,,,,
,,,,0.0772569477558136,,0.9921875,,0.06406249850988388,,0.96875,,,4257,,,,
,,,,0.1618492603302002,,0.995726466178894,,0.14677545428276062,,0.9914529919624329,,,4258,,,,
,,,,0.11328125,,1.0,,0.111328125,,1.0,,,4259,,,,
,,,,0.1294642835855484,,0.984375,,0.1316964328289032,,0.9921875,,,4260,,,,
,,,,0.1497395783662796,,0.984375,,0.1283482164144516,,1.0,,,4261,,,,
,,,,0.21585212647914886,,0.9824561476707458,,0.22149121761322021,,0.969298243522644,,,4262,,,,
,,,,0.06406249850988388,,0.9453125,,0.0746527761220932,,0.953125,,,4263,,,,
,,,,0.07500000298023224,,0.9765625,,0.0868055522441864,,0.9609375,,,4264,,,,
,,,,0.2532051205635071,,0.9791666269302368,,0.2938034236431122,,0.9791666269302368,,,4265,,,,
,,,,0.1549479216337204,,1.0,,0.15234375,,0.9921875,,,4266,,,,
,,,,0.16093750298023224,,0.9921875,,0.09375,,0.9765625,,,4267,,,,
,,,,0.18299373984336853,,0.9625566005706787,,0.21863959729671478,,0.994949460029602,,,4268,,,,
,,,,0.091796875,,0.9765625,,0.1025390625,,0.9921875,,,4269,,,,
,,,,0.0772569477558136,,0.953125,,0.1160714253783226,,0.984375,,,4270,,,,
,,,,0.14531250298023224,,0.9609375,,0.171875,,0.96875,,,4271,,,,
,,,,0.0859375,,0.96875,,0.078125,,0.9609375,,,4272,,,,
,,,,0.1216517835855484,,0.9765625,,0.1216517835855484,,0.984375,,,4273,,,,
,,,,0.21254196763038635,,0.9771376848220825,,0.18806509673595428,,0.9606045484542847,,,4274,,,,
,,,,0.1216517835855484,,0.9921875,,0.0928819477558136,,0.9921875,,,4275,,,,
,,,,0.1238839253783226,,0.9921875,,0.107421875,,0.96875,,,4276,,,,
,,,,0.09019608050584793,,0.9882352948188782,,0.10147058963775635,,0.9882352948188782,,,4277,,,,
137,0.79198157787323,0.7908040285110474,0.8045617938041687,,0.9802677035331726,,0.8047165274620056,,0.9766212701797485,,,,10073,,,,
137,,,,,,,,,,,0.10002465546131134,1.56283438205719,10073,0.6521015763282776,,0.6943325996398926,
138,,,,,,,,,,,,,10099,,0.6504971981048584,,0.7191834449768066
,,,,0.1216517835855484,,0.96875,,0.1393229216337204,,0.9609375,,,4278,,,,
,,,,0.1315104216337204,,0.9765625,,0.109375,,0.9765625,,,4279,,,,
,,,,0.1127232164144516,,0.984375,,0.1149553582072258,,0.9609375,,,4280,,,,
,,,,0.2330000102519989,,0.9919999837875366,,0.22299998998641968,,0.9839999675750732,,,4281,,,,
,,,,0.1216517835855484,,0.9921875,,0.1044921875,,0.9765625,,,4282,,,,
,,,,0.0972222238779068,,0.9921875,,0.09375,,0.9921875,,,4283,,,,
,,,,0.17502087354660034,,0.9912281036376953,,0.1826440989971161,,0.9824561476707458,,,4284,,,,
,,,,0.0998263880610466,,0.984375,,0.0954861119389534,,0.953125,,,4285,,,,
,,,,0.2365981936454773,,0.9956521987915039,,0.180973619222641,,0.9869564771652222,,,4286,,,,
,,,,0.0625,,1.0,,0.0755208358168602,,0.9921875,,,4287,,,,
,,,,0.0798611119389534,,0.9921875,,0.07656250149011612,,0.9765625,,,4288,,,,
,,,,0.19563153386116028,,0.995726466178894,,0.16837607324123383,,0.995726466178894,,,4289,,,,
,,,,0.0980902761220932,,0.9921875,,0.109375,,0.9921875,,,4290,,,,
,,,,0.1261160671710968,,0.9921875,,0.1283482164144516,,0.9921875,,,4291,,,,
,,,,0.1316964328289032,,0.96875,,0.1103515625,,0.9921875,,,4292,,,,
,,,,0.23773720860481262,,0.9912281036376953,,0.21475563943386078,,0.9868420958518982,,,4293,,,,
,,,,0.06718750298023224,,0.9375,,0.06875000149011612,,0.96875,,,4294,,,,
,,,,0.09765625,,0.9765625,,0.0876736119389534,,0.9765625,,,4295,,,,
,,,,0.21554487943649292,,0.9743589758872986,,0.28044870495796204,,0.9791666269302368,,,4296,,,,
,,,,0.1272321492433548,,1.0,,0.17812499403953552,,0.9921875,,,4297,,,,
,,,,0.1145833358168602,,0.984375,,0.1158854141831398,,0.9921875,,,4298,,,,
,,,,0.16985951364040375,,0.9453152418136597,,0.19614246487617493,,0.9797979593276978,,,4299,,,,
,,,,0.0966796875,,0.96875,,0.0815972238779068,,0.96875,,,4300,,,,
,,,,0.0868055522441864,,0.953125,,0.078125,,0.9453125,,,4301,,,,
,,,,0.14374999701976776,,0.9609375,,0.1666666716337204,,0.9453125,,,4302,,,,
,,,,0.0894097238779068,,0.9765625,,0.0894097238779068,,0.9765625,,,4303,,,,
,,,,0.1238839253783226,,0.984375,,0.1205357164144516,,0.96875,,,4304,,,,
,,,,0.21412426233291626,,0.9771376848220825,,0.18751972913742065,,0.9771376848220825,,,4305,,,,
,,,,0.1103515625,,0.984375,,0.1458333283662796,,0.9921875,,,4306,,,,
,,,,0.0972222238779068,,0.9765625,,0.10546875,,0.984375,,,4307,,,,
,,,,0.08758170157670975,,0.9647058844566345,,0.10294117778539658,,0.9764705896377563,,,4308,,,,
138,0.7866404056549072,0.7839087247848511,0.8110623359680176,,0.9798167943954468,,0.797637939453125,,0.9765466451644897,,,,10146,,,,
138,,,,,,,,,,,0.10252600163221359,1.5629949569702148,10146,0.6578086614608765,,0.6995307803153992,
139,,,,,,,,,,,,,10149,,0.5742899179458618,,0.6122282147407532
139,,,,,,,,,,,,,10199,,0.6166056990623474,,0.6620172262191772
,,,,0.1183035746216774,,0.9375,,0.1458333283662796,,0.9453125,,,4309,,,,
,,,,0.1071428582072258,,0.9609375,,0.109375,,0.9453125,,,4310,,,,
,,,,0.1082589253783226,,0.96875,,0.1138392835855484,,0.96875,,,4311,,,,
,,,,0.19022223353385925,,0.9880000352859497,,0.19111111760139465,,0.9839999675750732,,,4312,,,,
,,,,0.1236979141831398,,0.9296875,,0.099609375,,0.9375,,,4313,,,,
,,,,0.0807291641831398,,0.984375,,0.08203125,,0.984375,,,4314,,,,
,,,,0.16917292773723602,,0.9868420958518982,,0.16624894738197327,,0.9912281036376953,,,4315,,,,
,,,,0.1083984375,,0.984375,,0.1064453125,,0.9765625,,,4316,,,,
,,,,0.195066899061203,,0.991304337978363,,0.18545150756835938,,0.9869564771652222,,,4317,,,,
,,,,0.07187499850988388,,0.9921875,,0.05937499925494194,,0.984375,,,4318,,,,
,,,,0.0729166641831398,,1.0,,0.06093750149011612,,0.9765625,,,4319,,,,
,,,,0.19658119976520538,,0.995726466178894,,0.16581197082996368,,1.0,,,4320,,,,
,,,,0.1142578125,,1.0,,0.0998263880610466,,0.9921875,,,4321,,,,
,,,,0.111328125,,1.0,,0.1294642835855484,,1.0,,,4322,,,,
,,,,0.115234375,,0.9921875,,0.11328125,,1.0,,,4323,,,,
,,,,0.2631579041481018,,1.0,,0.22368422150611877,,0.9824561476707458,,,4324,,,,
,,,,0.091796875,,0.984375,,0.0789930522441864,,0.9609375,,,4325,,,,
,,,,0.1015625,,1.0,,0.078125,,0.9921875,,,4326,,,,
,,,,0.24633699655532837,,0.9791666269302368,,0.23992674052715302,,0.9743589758872986,,,4327,,,,
,,,,0.1471354216337204,,0.9921875,,0.15234375,,0.984375,,,4328,,,,
,,,,0.1236979141831398,,0.984375,,0.1060267835855484,,0.9765625,,,4329,,,,
,,,,0.21406179666519165,,0.9575060606002808,,0.17920586466789246,,0.9524555802345276,,,4330,,,,
,,,,0.1049107164144516,,0.9921875,,0.0807291641831398,,0.9765625,,,4331,,,,
,,,,0.087890625,,0.96875,,0.0869140625,,0.9609375,,,4332,,,,
,,,,0.1614583283662796,,0.96875,,0.1666666567325592,,0.9609375,,,4333,,,,
,,,,0.1044921875,,0.9765625,,0.1044921875,,0.96875,,,4334,,,,
,,,,0.1205357164144516,,0.9765625,,0.125,,1.0,,,4335,,,,
,,,,0.2106044888496399,,0.9873417615890503,,0.25416097044944763,,0.9873417615890503,,,4336,,,,
,,,,0.1227678582072258,,1.0,,0.1272321492433548,,0.9921875,,,4337,,,,
,,,,0.1205357164144516,,0.984375,,0.1238839253783226,,0.984375,,,4338,,,,
,,,,0.09019608050584793,,0.9882352948188782,,0.1044117659330368,,0.9764705896377563,,,4339,,,,
139,0.7632526159286499,0.7692289352416992,0.7922457456588745,,0.981398344039917,,0.7915416955947876,,0.9760761260986328,,,,10219,,,,
139,,,,,,,,,,,0.10038473457098007,1.554955005645752,10219,0.6367864012718201,,0.686007022857666,
140,,,,,,,,,,,,,10249,,0.800777792930603,,0.8600294589996338
,,,,0.0911458358168602,,0.96875,,0.109375,,0.9296875,,,4340,,,,
,,,,0.1104910746216774,,0.9765625,,0.1026785746216774,,0.9140625,,,4341,,,,
,,,,0.0986328125,,0.9921875,,0.1263020783662796,,0.9609375,,,4342,,,,
,,,,0.20533332228660583,,0.9959999918937683,,0.20177778601646423,,0.9880000352859497,,,4343,,,,
,,,,0.1064453125,,0.984375,,0.14453125,,0.984375,,,4344,,,,
,,,,0.1294642835855484,,0.984375,,0.1261160671710968,,0.9609375,,,4345,,,,
,,,,0.17092731595039368,,0.9912281036376953,,0.17935463786125183,,0.9780701398849487,,,4346,,,,
,,,,0.1103515625,,0.9921875,,0.08437500149011612,,0.984375,,,4347,,,,
,,,,0.1994147151708603,,0.991304337978363,,0.17146041989326477,,0.9869564771652222,,,4348,,,,
,,,,0.04531250149011612,,0.953125,,0.0546875,,0.9765625,,,4349,,,,
,,,,0.05156249925494194,,0.9765625,,0.0625,,0.9921875,,,4350,,,,
,,,,0.16239316761493683,,0.9871795177459717,,0.16581197082996368,,1.0,,,4351,,,,
,,,,0.09062500298023224,,0.9921875,,0.1283482164144516,,0.9921875,,,4352,,,,
,,,,0.1294642835855484,,1.0,,0.1272321492433548,,0.9921875,,,4353,,,,
,,,,0.1316964328289032,,0.9765625,,0.1272321492433548,,0.9921875,,,4354,,,,
,,,,0.22807016968727112,,0.9912281036376953,,0.21804511547088623,,0.9868420958518982,,,4355,,,,
,,,,0.07343749701976776,,0.953125,,0.0824652761220932,,0.96875,,,4356,,,,
,,,,0.078125,,0.9765625,,0.08046875149011612,,0.9921875,,,4357,,,,
,,,,0.19017094373703003,,0.995192289352417,,0.18126779794692993,,0.995192289352417,,,4358,,,,
,,,,0.1316964328289032,,1.0,,0.1283482164144516,,0.9921875,,,4359,,,,
,,,,0.1149553582072258,,0.9921875,,0.1302083283662796,,1.0,,,4360,,,,
,,,,0.2204309105873108,,0.9575060606002808,,0.22764591872692108,,0.9625566005706787,,,4361,,,,
,,,,0.0798611119389534,,0.9609375,,0.0927734375,,0.96875,,,4362,,,,
,,,,0.0815972238779068,,0.9375,,0.0842013880610466,,0.9296875,,,4363,,,,
,,,,0.15156249701976776,,0.9609375,,0.1753472089767456,,0.96875,,,4364,,,,
,,,,0.1216517835855484,,0.9921875,,0.1064453125,,0.953125,,,4365,,,,
,,,,0.1083984375,,1.0,,0.1272321492433548,,0.9921875,,,4366,,,,
,,,,0.22142210602760315,,0.9873417615890503,,0.18212348222732544,,0.9708086252212524,,,4367,,,,
,,,,0.18125000596046448,,1.0,,0.14453125,,0.9921875,,,4368,,,,
,,,,0.1103515625,,0.9921875,,0.1025390625,,0.984375,,,4369,,,,
,,,,0.10000000149011612,,1.0,,0.10147058963775635,,1.0,,,4370,,,,
140,0.7829819917678833,0.782038688659668,0.8027753233909607,,0.9810950756072998,,0.792036771774292,,0.9750561714172363,,,,10292,,,,
140,,,,,,,,,,,0.10041537880897522,1.5562258958816528,10292,0.6535077691078186,,0.7031719088554382,
141,,,,,,,,,,,,,10299,,0.6558413505554199,,0.6414718627929688
141,,,,,,,,,,,,,10349,,0.6777620911598206,,0.7485564947128296
,,,,0.0920138880610466,,0.9375,,0.103515625,,0.953125,,,4371,,,,
,,,,0.109375,,0.9375,,0.1171875,,0.9609375,,,4372,,,,
,,,,0.1302083283662796,,0.9453125,,0.1315104216337204,,0.984375,,,4373,,,,
,,,,0.22200000286102295,,0.9959999918937683,,0.21400000154972076,,0.9919999837875366,,,4374,,,,
,,,,0.0868055522441864,,0.96875,,0.0815972238779068,,0.9453125,,,4375,,,,
,,,,0.07890625298023224,,0.9921875,,0.07343749701976776,,0.984375,,,4376,,,,
,,,,0.18374060094356537,,0.9868420958518982,,0.181547611951828,,0.9956140518188477,,,4377,,,,
,,,,0.109375,,0.984375,,0.09375,,0.96875,,,4378,,,,
,,,,0.19615384936332703,,0.991304337978363,,0.24491161108016968,,0.991304337978363,,,4379,,,,
,,,,0.06718750298023224,,0.9921875,,0.0737847238779068,,0.984375,,,4380,,,,
,,,,0.06953124701976776,,0.984375,,0.07421875,,0.9921875,,,4381,,,,
,,,,0.16355866193771362,,0.995726466178894,,0.16013985872268677,,1.0,,,4382,,,,
,,,,0.1261160671710968,,0.984375,,0.1261160671710968,,0.984375,,,4383,,,,
,,,,0.1283482164144516,,0.9921875,,0.1510416716337204,,1.0,,,4384,,,,
,,,,0.1294642835855484,,0.9609375,,0.1283482164144516,,0.96875,,,4385,,,,
,,,,0.29072681069374084,,0.9956140518188477,,0.19924812018871307,,0.9736841917037964,,,4386,,,,
,,,,0.0772569477558136,,0.984375,,0.0791015625,,0.96875,,,4387,,,,
,,,,0.07968749850988388,,0.9921875,,0.0824652761220932,,0.9765625,,,4388,,,,
,,,,0.2191506326198578,,0.9791666269302368,,0.2431318759918213,,0.9791666269302368,,,4389,,,,
,,,,0.15234375,,1.0,,0.1536458283662796,,1.0,,,4390,,,,
,,,,0.1315104216337204,,0.984375,,0.1380208283662796,,1.0,,,4391,,,,
,,,,0.27092766761779785,,0.982758641242981,,0.20371821522712708,,0.9848484992980957,,,4392,,,,
,,,,0.103515625,,0.984375,,0.1015625,,0.96875,,,4393,,,,
,,,,0.1015625,,0.984375,,0.0868055522441864,,0.96875,,,4394,,,,
,,,,0.1753472238779068,,0.96875,,0.1770833283662796,,0.953125,,,4395,,,,
,,,,0.107421875,,0.9765625,,0.107421875,,0.9765625,,,4396,,,,
,,,,0.1227678582072258,,0.984375,,0.1216517835855484,,0.9765625,,,4397,,,,
,,,,0.22239086031913757,,0.9834668040275574,,0.19595855474472046,,0.9771376848220825,,,4398,,,,
,,,,0.0963541641831398,,1.0,,0.1103515625,,0.9921875,,,4399,,,,
,,,,0.109375,,0.984375,,0.1238839253783226,,0.984375,,,4400,,,,
,,,,0.08235294371843338,,0.9882352948188782,,0.08117647469043732,,0.9882352948188782,,,4401,,,,
141,0.7805138826370239,0.7826195955276489,0.8110275268554688,,0.9810699820518494,,0.7954879999160767,,0.9787175059318542,,,,10365,,,,
141,,,,,,,,,,,0.10109865665435791,1.5537511110305786,10365,0.6507937908172607,,0.6914612054824829,
142,,,,,,,,,,,,,10399,,0.7280158996582031,,0.7846205234527588
,,,,0.0954861119389534,,0.96875,,0.1227678582072258,,0.9609375,,,4402,,,,
,,,,0.1127232164144516,,0.9375,,0.1071428582072258,,0.984375,,,4403,,,,
,,,,0.1354166716337204,,0.96875,,0.1328125,,0.984375,,,4404,,,,
,,,,0.2330000102519989,,0.9959999918937683,,0.22299998998641968,,0.9800000190734863,,,4405,,,,
,,,,0.1238839253783226,,0.9921875,,0.0902777761220932,,0.96875,,,4406,,,,
,,,,0.1294642835855484,,0.9921875,,0.125,,0.9921875,,,4407,,,,
,,,,0.16466166079044342,,0.9868420958518982,,0.14699247479438782,,0.9912281036376953,,,4408,,,,
,,,,0.0980902761220932,,0.9921875,,0.08437500149011612,,0.96875,,,4409,,,,
,,,,0.2048494964838028,,0.991304337978363,,0.17725752294063568,,0.9869564771652222,,,4410,,,,
,,,,0.05156249925494194,,0.9765625,,0.05312500149011612,,0.96875,,,4411,,,,
,,,,0.05703125149011612,,0.9921875,,0.06328125298023224,,0.96875,,,4412,,,,
,,,,0.16581197082996368,,0.9871795177459717,,0.16495727002620697,,0.9914529919624329,,,4413,,,,
,,,,0.09062500298023224,,0.9921875,,0.11328125,,0.9921875,,,4414,,,,
,,,,0.111328125,,0.9921875,,0.15234375,,0.9921875,,,4415,,,,
,,,,0.18437500298023224,,0.984375,,0.1510416716337204,,1.0,,,4416,,,,
,,,,0.19688108563423157,,0.9868420958518982,,0.2007797360420227,,0.9868420958518982,,,4417,,,,
,,,,0.06953124701976776,,0.9609375,,0.06718750298023224,,0.96875,,,4418,,,,
,,,,0.07421875,,0.9609375,,0.07890625298023224,,0.9765625,,,4419,,,,
,,,,0.2083333432674408,,0.9791666269302368,,0.21274039149284363,,0.9743589758872986,,,4420,,,,
,,,,0.240234375,,1.0,,0.1339285671710968,,0.9765625,,,4421,,,,
,,,,0.1171875,,1.0,,0.1315104216337204,,0.9921875,,,4422,,,,
,,,,0.18551898002624512,,0.9575060606002808,,0.18982931971549988,,0.9898989796638489,,,4423,,,,
,,,,0.0927734375,,0.96875,,0.1104910746216774,,0.9921875,,,4424,,,,
,,,,0.06640625,,0.9296875,,0.07109375298023224,,0.9765625,,,4425,,,,
,,,,0.14218750596046448,,0.984375,,0.1631944477558136,,0.984375,,,4426,,,,
,,,,0.1064453125,,0.984375,,0.1183035746216774,,0.9765625,,,4427,,,,
,,,,0.1272321492433548,,0.9921875,,0.1497395783662796,,0.984375,,,4428,,,,
,,,,0.21315550804138184,,0.9936708807945251,,0.24652177095413208,,0.9708086252212524,,,4429,,,,
,,,,0.1484375,,1.0,,0.1272321492433548,,0.9921875,,,4430,,,,
,,,,0.1272321492433548,,0.9921875,,0.10546875,,0.9765625,,,4431,,,,
,,,,0.09281045943498611,,1.0,,0.0954248383641243,,0.9882352948188782,,,4432,,,,
142,0.7838942408561707,0.7800111770629883,0.8075792789459229,,0.9807794690132141,,0.7979150414466858,,0.9800001382827759,,,,10438,,,,
142,,,,,,,,,,,0.10234734416007996,1.5475572347640991,10438,0.6581729650497437,,0.7004345655441284,
143,,,,,,,,,,,,,10449,,0.6056110858917236,,0.6187284588813782
143,,,,,,,,,,,,,10499,,0.7246202230453491,,0.8585098385810852
,,,,0.1082589253783226,,0.9453125,,0.095703125,,0.921875,,,4433,,,,
,,,,0.11328125,,0.9453125,,0.1004464253783226,,0.9609375,,,4434,,,,
,,,,0.0970982164144516,,0.96875,,0.1223958358168602,,0.9609375,,,4435,,,,
,,,,0.2571428716182709,,0.9959999918937683,,0.22200000286102295,,0.9880000352859497,,,4436,,,,
,,,,0.1149553582072258,,0.96875,,0.1127232164144516,,0.96875,,,4437,,,,
,,,,0.103515625,,0.984375,,0.1015625,,0.984375,,,4438,,,,
,,,,0.17716164886951447,,0.9780701398849487,,0.17825815081596375,,0.9780701398849487,,,4439,,,,
,,,,0.1015625,,0.9765625,,0.1160714253783226,,0.96875,,,4440,,,,
,,,,0.23019587993621826,,0.9869564771652222,,0.17710888385772705,,0.991304337978363,,,4441,,,,
,,,,0.0966796875,,1.0,,0.083984375,,0.984375,,,4442,,,,
,,,,0.0986328125,,1.0,,0.0772569477558136,,0.984375,,,4443,,,,
,,,,0.19658119976520538,,1.0,,0.16837607324123383,,1.0,,,4444,,,,
,,,,0.1875,,1.0,,0.1510416716337204,,1.0,,,4445,,,,
,,,,0.1796875,,1.0,,0.2265625,,1.0,,,4446,,,,
,,,,0.1875,,0.9921875,,0.15625,,0.9921875,,,4447,,,,
,,,,0.23916935920715332,,1.0,,0.2493734359741211,,0.9824561476707458,,,4448,,,,
,,,,0.0677083358168602,,0.953125,,0.06015624850988388,,0.9453125,,,4449,,,,
,,,,0.0833333358168602,,0.96875,,0.07265625149011612,,0.9765625,,,4450,,,,
,,,,0.2686965763568878,,0.9791666269302368,,0.279914528131485,,0.9791666269302368,,,4451,,,,
,,,,0.17812499403953552,,1.0,,0.18125000596046448,,0.9921875,,,4452,,,,
,,,,0.1197916641831398,,0.9921875,,0.1005859375,,0.9921875,,,4453,,,,
,,,,0.2675606608390808,,0.982758641242981,,0.26251015067100525,,0.9898989796638489,,,4454,,,,
,,,,0.1171875,,0.9921875,,0.1160714253783226,,0.9765625,,,4455,,,,
,,,,0.0902777761220932,,0.9765625,,0.09765625,,0.9453125,,,4456,,,,
,,,,0.1684027761220932,,0.953125,,0.171875,,0.9765625,,,4457,,,,
,,,,0.0868055522441864,,0.9609375,,0.0876736119389534,,0.9609375,,,4458,,,,
,,,,0.1015625,,0.96875,,0.1005859375,,0.9765625,,,4459,,,,
,,,,0.23998966813087463,,0.9708086252212524,,0.24873602390289307,,0.9771376848220825,,,4460,,,,
,,,,0.1432291716337204,,0.9921875,,0.1227678582072258,,0.9921875,,,4461,,,,
,,,,0.0963541641831398,,0.984375,,0.1227678582072258,,0.9765625,,,4462,,,,
,,,,0.13921569287776947,,0.9764705896377563,,0.11764705926179886,,0.9764705896377563,,,4463,,,,
143,0.77060866355896,0.7673689126968384,0.7921863794326782,,0.9799525737762451,,0.7864304780960083,,0.9759652614593506,,,,10511,,,,
143,,,,,,,,,,,0.09886565804481506,1.5494836568832397,10511,0.631548285484314,,0.6765344142913818,
144,,,,,,,,,,,,,10549,,0.6170944571495056,,0.6667606234550476
,,,,0.1419270783662796,,0.9765625,,0.17343750596046448,,0.96875,,,4464,,,,
,,,,0.1302083283662796,,0.96875,,0.1149553582072258,,0.984375,,,4465,,,,
,,,,0.1328125,,0.984375,,0.16562500596046448,,0.984375,,,4466,,,,
,,,,0.2199999988079071,,0.9959999918937683,,0.21899999678134918,,0.9839999675750732,,,4467,,,,
,,,,0.095703125,,0.9921875,,0.07500000298023224,,0.9453125,,,4468,,,,
,,,,0.1183035746216774,,0.9921875,,0.1183035746216774,,0.9609375,,,4469,,,,
,,,,0.181547611951828,,0.9824561476707458,,0.1791979968547821,,0.9912281036376953,,,4470,,,,
,,,,0.10546875,,0.984375,,0.1261160671710968,,0.9609375,,,4471,,,,
,,,,0.2971014380455017,,0.991304337978363,,0.2511228024959564,,0.991304337978363,,,4472,,,,
,,,,0.07734374701976776,,1.0,,0.0763888880610466,,0.9921875,,,4473,,,,
,,,,0.0894097238779068,,1.0,,0.0842013880610466,,0.96875,,,4474,,,,
,,,,0.20417854189872742,,0.995726466178894,,0.16923077404499054,,1.0,,,4475,,,,
,,,,0.0954861119389534,,0.9765625,,0.1103515625,,0.9921875,,,4476,,,,
,,,,0.14453125,,0.984375,,0.1261160671710968,,0.984375,,,4477,,,,
,,,,0.11328125,,0.9921875,,0.1305803507566452,,0.9921875,,,4478,,,,
,,,,0.2059836983680725,,0.9912281036376953,,0.16654133796691895,,0.9868420958518982,,,4479,,,,
,,,,0.0590277761220932,,0.9609375,,0.0625,,0.9296875,,,4480,,,,
,,,,0.06796874850988388,,0.96875,,0.0815972238779068,,0.984375,,,4481,,,,
,,,,0.26816239953041077,,0.9791666269302368,,0.18019942939281464,,0.9743589758872986,,,4482,,,,
,,,,0.1419270783662796,,0.9765625,,0.17499999701976776,,0.9765625,,,4483,,,,
,,,,0.1197916641831398,,0.9921875,,0.1104910746216774,,1.0,,,4484,,,,
,,,,0.21431058645248413,,0.9676071405410767,,0.19056949019432068,,0.9625566005706787,,,4485,,,,
,,,,0.1302083283662796,,1.0,,0.1104910746216774,,0.9921875,,,4486,,,,
,,,,0.1127232164144516,,0.9765625,,0.095703125,,0.96875,,,4487,,,,
,,,,0.1684027761220932,,0.984375,,0.1753472238779068,,0.9765625,,,4488,,,,
,,,,0.10546875,,0.96875,,0.1194196417927742,,0.9765625,,,4489,,,,
,,,,0.1272321492433548,,0.9921875,,0.1238839253783226,,1.0,,,4490,,,,
,,,,0.24139204621315002,,0.9606045484542847,,0.243606299161911,,0.9669336080551147,,,4491,,,,
,,,,0.1183035746216774,,0.984375,,0.1044921875,,0.984375,,,4492,,,,
,,,,0.0920138880610466,,0.984375,,0.1238839253783226,,0.9765625,,,4493,,,,
,,,,0.09852941334247589,,0.9529411792755127,,0.09852941334247589,,0.9647058844566345,,,4494,,,,
144,0.7766830921173096,0.7776024341583252,0.7933192849159241,,0.9821265339851379,,0.7997309565544128,,0.9773023128509521,,,,10584,,,,
144,,,,,,,,,,,0.1003231555223465,1.5466341972351074,10584,0.647212564945221,,0.6872279644012451,
145,,,,,,,,,,,,,10599,,0.6118661165237427,,0.6733186841011047
145,,,,,,,,,,,,,10649,,0.6900923252105713,,0.7246878147125244
,,,,0.1261160671710968,,0.9765625,,0.1238839253783226,,0.9609375,,,4495,,,,
,,,,0.13671875,,0.984375,,0.1171875,,0.9765625,,,4496,,,,
,,,,0.140625,,0.9765625,,0.1393229216337204,,0.96875,,,4497,,,,
,,,,0.30400002002716064,,1.0,,0.22600001096725464,,0.9880000352859497,,,4498,,,,
,,,,0.1432291716337204,,0.984375,,0.1216517835855484,,0.96875,,,4499,,,,
,,,,0.1283482164144516,,0.984375,,0.1294642835855484,,0.984375,,,4500,,,,
,,,,0.14436089992523193,,0.9780701398849487,,0.15552771091461182,,0.9868420958518982,,,4501,,,,
,,,,0.0928819477558136,,0.9921875,,0.1025390625,,0.96875,,,4502,,,,
,,,,0.24242714047431946,,0.991304337978363,,0.24118490517139435,,0.991304337978363,,,4503,,,,
,,,,0.0763888880610466,,0.984375,,0.0651041641831398,,0.9921875,,,4504,,,,
,,,,0.07500000298023224,,1.0,,0.0798611119389534,,0.9609375,,,4505,,,,
,,,,0.17777778208255768,,1.0,,0.1567210555076599,,1.0,,,4506,,,,
,,,,0.1142578125,,0.9921875,,0.0989583358168602,,0.9921875,,,4507,,,,
,,,,0.1272321492433548,,1.0,,0.1497395783662796,,1.0,,,4508,,,,
,,,,0.115234375,,1.0,,0.0998263880610466,,0.9921875,,,4509,,,,
,,,,0.20817668735980988,,0.9780701398849487,,0.24042248725891113,,0.9780701398849487,,,4510,,,,
,,,,0.05546874925494194,,0.9375,,0.0685763880610466,,0.96875,,,4511,,,,
,,,,0.0703125,,0.96875,,0.078125,,0.96875,,,4512,,,,
,,,,0.2312270998954773,,0.9791666269302368,,0.19991987943649292,,0.9743589758872986,,,4513,,,,
,,,,0.1261160671710968,,0.9921875,,0.1283482164144516,,0.984375,,,4514,,,,
,,,,0.1116071417927742,,1.0,,0.1127232164144516,,1.0,,,4515,,,,
,,,,0.19940787553787231,,0.9575060606002808,,0.17612910270690918,,0.9676071405410767,,,4516,,,,
,,,,0.0986328125,,0.9765625,,0.09765625,,0.984375,,,4517,,,,
,,,,0.07968749850988388,,0.9453125,,0.0876736119389534,,0.9765625,,,4518,,,,
,,,,0.15000000596046448,,0.96875,,0.1649305522441864,,0.96875,,,4519,,,,
,,,,0.0911458358168602,,0.9765625,,0.08046875149011612,,0.9765625,,,4520,,,,
,,,,0.0989583358168602,,0.984375,,0.0954861119389534,,0.96875,,,4521,,,,
,,,,0.21473780274391174,,0.9873417615890503,,0.18806509673595428,,0.9771376848220825,,,4522,,,,
,,,,0.140625,,1.0,,0.1216517835855484,,0.9921875,,,4523,,,,
,,,,0.0920138880610466,,0.9765625,,0.1064453125,,0.9765625,,,4524,,,,
,,,,0.11260504275560379,,0.9647058844566345,,0.11260504275560379,,0.9764705896377563,,,4525,,,,
145,0.7874844074249268,0.784071147441864,0.8071582913398743,,0.9809706211090088,,0.7949988842010498,,0.9785363674163818,,,,10657,,,,
145,,,,,,,,,,,0.09947678446769714,1.5351160764694214,10657,0.6443946361541748,,0.6878019571304321,
146,,,,,,,,,,,,,10699,,0.5836242437362671,,0.6448111534118652
,,,,0.125,,0.984375,,0.1205357164144516,,0.9453125,,,4526,,,,
,,,,0.1171875,,0.9921875,,0.09375,,0.984375,,,4527,,,,
,,,,0.1216517835855484,,0.984375,,0.16718749701976776,,0.9765625,,,4528,,,,
,,,,0.22299998998641968,,0.9919999837875366,,0.25600001215934753,,0.9919999837875366,,,4529,,,,
,,,,0.1205357164144516,,0.9765625,,0.10546875,,0.953125,,,4530,,,,
,,,,0.1205357164144516,,0.984375,,0.1025390625,,0.984375,,,4531,,,,
,,,,0.1496240496635437,,0.9912281036376953,,0.15845167636871338,,0.9912281036376953,,,4532,,,,
,,,,0.0928819477558136,,0.9765625,,0.0920138880610466,,0.9765625,,,4533,,,,
,,,,0.24013377726078033,,0.991304337978363,,0.2025083601474762,,0.991304337978363,,,4534,,,,
,,,,0.0607638880610466,,0.96875,,0.0694444477558136,,0.9921875,,,4535,,,,
,,,,0.04843749850988388,,0.984375,,0.0711805522441864,,0.96875,,,4536,,,,
,,,,0.15073814988136292,,0.9829059839248657,,0.14933955669403076,,1.0,,,4537,,,,
,,,,0.1305803507566452,,1.0,,0.11328125,,0.984375,,,4538,,,,
,,,,0.1536458283662796,,0.9921875,,0.1497395783662796,,0.9921875,,,4539,,,,
,,,,0.1305803507566452,,0.9765625,,0.1283482164144516,,0.9921875,,,4540,,,,
,,,,0.21929824352264404,,0.9824561476707458,,0.22039473056793213,,0.9736841917037964,,,4541,,,,
,,,,0.06328125298023224,,0.921875,,0.06015624850988388,,0.96875,,,4542,,,,
,,,,0.07109375298023224,,0.953125,,0.06953124701976776,,0.984375,,,4543,,,,
,,,,0.21314102411270142,,0.9791666269302368,,0.23351648449897766,,0.9743589758872986,,,4544,,,,
,,,,0.1549479216337204,,1.0,,0.1875,,0.9921875,,,4545,,,,
,,,,0.0902777761220932,,1.0,,0.1380208283662796,,0.984375,,,4546,,,,
,,,,0.22764591872692108,,0.9524555802345276,,0.20550331473350525,,0.9676071405410767,,,4547,,,,
,,,,0.0824652761220932,,0.96875,,0.0927734375,,0.9765625,,,4548,,,,
,,,,0.09375,,0.953125,,0.0868055522441864,,0.96875,,,4549,,,,
,,,,0.14531248807907104,,0.9765625,,0.1701388955116272,,0.96875,,,4550,,,,
,,,,0.1005859375,,0.984375,,0.0894097238779068,,0.9609375,,,4551,,,,
,,,,0.1044921875,,1.0,,0.0911458358168602,,0.96875,,,4552,,,,
,,,,0.2534598112106323,,0.9936708807945251,,0.21922630071640015,,0.9708086252212524,,,4553,,,,
,,,,0.18593749403953552,,1.0,,0.1294642835855484,,0.9921875,,,4554,,,,
,,,,0.1103515625,,0.984375,,0.1272321492433548,,0.9921875,,,4555,,,,
,,,,0.10735294222831726,,1.0,,0.1260504275560379,,0.9764705896377563,,,4556,,,,
146,0.7857087850570679,0.7880002856254578,0.7966759204864502,,0.9799961447715759,,0.797288715839386,,0.9778818488121033,,,,10730,,,,
146,,,,,,,,,,,0.10175995528697968,1.540105938911438,10730,0.6441054344177246,,0.6878712177276611,
147,,,,,,,,,,,,,10749,,0.5972722768783569,,0.6552045345306396
147,,,,,,,,,,,,,10799,,0.589131236076355,,0.6887940764427185
,,,,0.1227678582072258,,0.96875,,0.17031249403953552,,0.9609375,,,4557,,,,
,,,,0.12890625,,0.96875,,0.0966796875,,0.9609375,,,4558,,,,
,,,,0.13671875,,0.984375,,0.16249999403953552,,0.9765625,,,4559,,,,
,,,,0.2290000021457672,,0.9959999918937683,,0.22699999809265137,,0.9919999837875366,,,4560,,,,
,,,,0.17031249403953552,,0.9921875,,0.1238839253783226,,0.953125,,,4561,,,,
,,,,0.0946180522441864,,0.9921875,,0.0963541641831398,,0.9921875,,,4562,,,,
,,,,0.15325814485549927,,0.9912281036376953,,0.17606516182422638,,0.9824561476707458,,,4563,,,,
,,,,0.0920138880610466,,0.984375,,0.0876736119389534,,0.96875,,,4564,,,,
,,,,0.2079431414604187,,0.991304337978363,,0.17614269256591797,,0.9869564771652222,,,4565,,,,
,,,,0.06875000149011612,,0.9921875,,0.0625,,0.9921875,,,4566,,,,
,,,,0.0833333358168602,,0.9765625,,0.0807291641831398,,0.96875,,,4567,,,,
,,,,0.17692308127880096,,1.0,,0.16355866193771362,,1.0,,,4568,,,,
,,,,0.1305803507566452,,1.0,,0.11328125,,0.9921875,,,4569,,,,
,,,,0.1294642835855484,,1.0,,0.1510416716337204,,1.0,,,4570,,,,
,,,,0.11328125,,0.984375,,0.1123046875,,0.9765625,,,4571,,,,
,,,,0.24812030792236328,,0.9780701398849487,,0.25438597798347473,,0.9824561476707458,,,4572,,,,
,,,,0.05703125149011612,,0.8984375,,0.05859375,,0.953125,,,4573,,,,
,,,,0.06953124701976776,,0.953125,,0.0789930522441864,,0.984375,,,4574,,,,
,,,,0.2697649598121643,,0.9583333730697632,,0.26816239953041077,,1.0,,,4575,,,,
,,,,0.1796875,,1.0,,0.18125000596046448,,1.0,,,4576,,,,
,,,,0.1263020783662796,,1.0,,0.15000000596046448,,1.0,,,4577,,,,
,,,,0.23053193092346191,,0.9625566005706787,,0.1986677050590515,,0.9726575613021851,,,4578,,,,
,,,,0.1127232164144516,,0.984375,,0.0986328125,,0.9765625,,,4579,,,,
,,,,0.07734374701976776,,0.953125,,0.07656250149011612,,0.96875,,,4580,,,,
,,,,0.1484375,,0.953125,,0.15625,,0.953125,,,4581,,,,
,,,,0.07890625298023224,,0.984375,,0.07734374701976776,,0.96875,,,4582,,,,
,,,,0.1044921875,,0.984375,,0.0920138880610466,,0.96875,,,4583,,,,
,,,,0.21473780274391174,,0.9708086252212524,,0.1775883287191391,,0.9606045484542847,,,4584,,,,
,,,,0.1283482164144516,,1.0,,0.1183035746216774,,0.9921875,,,4585,,,,
,,,,0.1471354216337204,,0.96875,,0.1194196417927742,,0.96875,,,4586,,,,
,,,,0.09281045943498611,,1.0,,0.08758170157670975,,0.9647058844566345,,,4587,,,,
147,0.7847232818603516,0.7866219282150269,0.8044201135635376,,0.9792143106460571,,0.7892737984657288,,0.97675621509552,,,,10803,,,,
147,,,,,,,,,,,0.09780499339103699,1.5313570499420166,10803,0.6243428587913513,,0.6726124882698059,
148,,,,,,,,,,,,,10849,,0.4837641716003418,,0.545385479927063
,,,,0.1419270783662796,,0.9375,,0.1261160671710968,,0.953125,,,4588,,,,
,,,,0.1082589253783226,,0.9765625,,0.1116071417927742,,0.96875,,,4589,,,,
,,,,0.099609375,,0.9609375,,0.1160714253783226,,0.9609375,,,4590,,,,
,,,,0.1863333284854889,,0.9959999918937683,,0.16562962532043457,,0.9880000352859497,,,4591,,,,
,,,,0.0954861119389534,,0.984375,,0.09375,,0.96875,,,4592,,,,
,,,,0.1497395783662796,,0.9921875,,0.1238839253783226,,0.9765625,,,4593,,,,
,,,,0.16819827258586884,,0.9868420958518982,,0.16527429223060608,,0.9780701398849487,,,4594,,,,
,,,,0.111328125,,0.9921875,,0.1083984375,,0.96875,,,4595,,,,
,,,,0.19832774996757507,,0.991304337978363,,0.19397993385791779,,0.9869564771652222,,,4596,,,,
,,,,0.05156249925494194,,0.96875,,0.05078125,,0.9921875,,,4597,,,,
,,,,0.0625,,0.9765625,,0.0746527761220932,,0.9765625,,,4598,,,,
,,,,0.15330225229263306,,0.9871795177459717,,0.1666666716337204,,1.0,,,4599,,,,
,,,,0.1536458283662796,,0.9921875,,0.15234375,,0.9921875,,,4600,,,,
,,,,0.1283482164144516,,1.0,,0.1305803507566452,,1.0,,,4601,,,,
,,,,0.1305803507566452,,0.984375,,0.15625,,0.984375,,,4602,,,,
,,,,0.24024346470832825,,0.9824561476707458,,0.2466881424188614,,0.9736841917037964,,,4603,,,,
,,,,0.06328125298023224,,0.9453125,,0.06406249850988388,,0.9765625,,,4604,,,,
,,,,0.078125,,0.9921875,,0.0842013880610466,,0.984375,,,4605,,,,
,,,,0.203125,,0.9791666269302368,,0.22390109300613403,,0.9791666269302368,,,4606,,,,
,,,,0.228515625,,1.0,,0.1294642835855484,,1.0,,,4607,,,,
,,,,0.13671875,,1.0,,0.1640625,,0.9921875,,,4608,,,,
,,,,0.2682572901248932,,0.982758641242981,,0.26489028334617615,,0.977708101272583,,,4609,,,,
,,,,0.1015625,,0.9921875,,0.0986328125,,0.9765625,,,4610,,,,
,,,,0.0986328125,,0.984375,,0.0947265625,,0.96875,,,4611,,,,
,,,,0.1753472089767456,,0.9765625,,0.1684027910232544,,0.96875,,,4612,,,,
,,,,0.0928819477558136,,0.9765625,,0.0885416641831398,,0.9765625,,,4613,,,,
,,,,0.0980902761220932,,0.9765625,,0.14453125,,0.9765625,,,4614,,,,
,,,,0.22203564643859863,,0.9669336080551147,,0.1908780336380005,,0.9606045484542847,,,4615,,,,
,,,,0.1083984375,,0.9921875,,0.1205357164144516,,0.9921875,,,4616,,,,
,,,,0.0946180522441864,,0.9765625,,0.1025390625,,0.984375,,,4617,,,,
,,,,0.07999999821186066,,0.9529411792755127,,0.07999999821186066,,0.9764705896377563,,,4618,,,,
148,0.7864575386047363,0.7851245403289795,0.808068037033081,,0.9802665710449219,,0.7993786334991455,,0.9779630899429321,,,,10876,,,,
148,,,,,,,,,,,0.09801729023456573,1.5205479860305786,10876,0.6360087394714355,,0.6826862096786499,
149,,,,,,,,,,,,,10899,,0.866866946220398,,0.9434306621551514
149,,,,,,,,,,,,,10949,,0.5549783706665039,,0.5727749466896057
,,,,0.1432291716337204,,0.96875,,0.1183035746216774,,0.9609375,,,4619,,,,
,,,,0.1116071417927742,,0.9765625,,0.1184895858168602,,0.953125,,,4620,,,,
,,,,0.1354166716337204,,0.9765625,,0.1276041716337204,,0.984375,,,4621,,,,
,,,,0.21899999678134918,,0.9760000109672546,,0.21799999475479126,,0.9839999675750732,,,4622,,,,
,,,,0.0986328125,,0.9609375,,0.09765625,,0.9765625,,,4623,,,,
,,,,0.1354166716337204,,0.9765625,,0.099609375,,0.9921875,,,4624,,,,
,,,,0.16917292773723602,,0.9868420958518982,,0.17481203377246857,,0.9868420958518982,,,4625,,,,
,,,,0.1083984375,,0.9921875,,0.09375,,0.9765625,,,4626,,,,
,,,,0.21011705696582794,,0.991304337978363,,0.18193981051445007,,0.9826086759567261,,,4627,,,,
,,,,0.06484375149011612,,0.9921875,,0.0772569477558136,,0.984375,,,4628,,,,
,,,,0.06640625,,0.9921875,,0.07500000298023224,,0.9765625,,,4629,,,,
,,,,0.15446776151657104,,0.9829059839248657,,0.15617716312408447,,0.9829059839248657,,,4630,,,,
,,,,0.1328125,,0.9921875,,0.15234375,,0.9921875,,,4631,,,,
,,,,0.1294642835855484,,0.9921875,,0.125,,0.9921875,,,4632,,,,
,,,,0.125,,0.984375,,0.125,,0.9765625,,,4633,,,,
,,,,0.25026851892471313,,0.9956140518188477,,0.21459899842739105,,0.9868420958518982,,,4634,,,,
,,,,0.0902777761220932,,0.984375,,0.07343749701976776,,0.984375,,,4635,,,,
,,,,0.1261160671710968,,1.0,,0.08203125,,0.9921875,,,4636,,,,
,,,,0.2215544879436493,,1.0,,0.2518315017223358,,0.9791666269302368,,,4637,,,,
,,,,0.18281249701976776,,1.0,,0.1510416716337204,,1.0,,,4638,,,,
,,,,0.1341145783662796,,1.0,,0.1341145783662796,,0.9921875,,,4639,,,,
,,,,0.2290889173746109,,0.9676071405410767,,0.22127680480480194,,0.9898989796638489,,,4640,,,,
,,,,0.1005859375,,0.984375,,0.0876736119389534,,0.9921875,,,4641,,,,
,,,,0.0815972238779068,,0.96875,,0.0798611119389534,,0.9609375,,,4642,,,,
,,,,0.16093750298023224,,0.9765625,,0.1701388955116272,,0.96875,,,4643,,,,
,,,,0.0920138880610466,,0.9765625,,0.08046875149011612,,0.9765625,,,4644,,,,
,,,,0.1294642835855484,,0.984375,,0.109375,,0.984375,,,4645,,,,
,,,,0.2566704750061035,,0.9669336080551147,,0.2559692859649658,,0.9606045484542847,,,4646,,,,
,,,,0.107421875,,1.0,,0.1083984375,,0.9921875,,,4647,,,,
,,,,0.0928819477558136,,0.984375,,0.1216517835855484,,0.9765625,,,4648,,,,
,,,,0.07999999821186066,,0.9882352948188782,,0.10147058963775635,,0.9529411792755127,,,4649,,,,
149,0.7915905714035034,0.7894935011863708,0.8196855783462524,,0.9827158451080322,,0.8030781745910645,,0.9787576198577881,,,,10949,,,,
149,,,,,,,,,,,0.097812719643116,1.534085988998413,10949,0.6303796172142029,,0.6764757633209229,
150,,,,,,,,,,,,,10999,,0.6375505924224854,,0.6524459719657898
,,,,0.1194196417927742,,0.96875,,0.17499999701976776,,0.953125,,,4650,,,,
,,,,0.1354166716337204,,0.96875,,0.1116071417927742,,0.96875,,,4651,,,,
,,,,0.1315104216337204,,0.9609375,,0.16562500596046448,,0.96875,,,4652,,,,
,,,,0.2290000021457672,,0.9959999918937683,,0.22600001096725464,,0.9919999837875366,,,4653,,,,
,,,,0.14453125,,0.984375,,0.1432291716337204,,0.984375,,,4654,,,,
,,,,0.125,,0.9921875,,0.107421875,,0.984375,,,4655,,,,
,,,,0.17502087354660034,,0.9912281036376953,,0.19360902905464172,,0.9912281036376953,,,4656,,,,
,,,,0.1103515625,,0.984375,,0.109375,,0.96875,,,4657,,,,
,,,,0.24510271847248077,,0.991304337978363,,0.24137601256370544,,0.991304337978363,,,4658,,,,
,,,,0.06484375149011612,,0.9921875,,0.06484375149011612,,0.9921875,,,4659,,,,
,,,,0.078125,,0.9921875,,0.0815972238779068,,0.9765625,,,4660,,,,
,,,,0.17008547484874725,,0.9914529919624329,,0.15415695309638977,,1.0,,,4661,,,,
,,,,0.0998263880610466,,1.0,,0.08906249701976776,,1.0,,,4662,,,,
,,,,0.1305803507566452,,0.9921875,,0.1142578125,,0.96875,,,4663,,,,
,,,,0.1549479216337204,,0.9921875,,0.1103515625,,0.9765625,,,4664,,,,
,,,,0.2491944134235382,,0.9868420958518982,,0.24418187141418457,,0.9868420958518982,,,4665,,,,
,,,,0.0720486119389534,,0.953125,,0.06015624850988388,,0.953125,,,4666,,,,
,,,,0.0824652761220932,,0.9921875,,0.07421875,,0.9921875,,,4667,,,,
,,,,0.23855310678482056,,0.9791666269302368,,0.20633012056350708,,0.9791666269302368,,,4668,,,,
,,,,0.1471354216337204,,0.9921875,,0.15625,,0.984375,,,4669,,,,
,,,,0.1127232164144516,,1.0,,0.1393229216337204,,1.0,,,4670,,,,
,,,,0.21057869493961334,,0.9575060606002808,,0.21261879801750183,,0.9524555802345276,,,4671,,,,
,,,,0.099609375,,0.9921875,,0.0966796875,,0.984375,,,4672,,,,
,,,,0.0859375,,0.96875,,0.0798611119389534,,0.9375,,,4673,,,,
,,,,0.15312498807907104,,0.9609375,,0.1701388955116272,,0.9609375,,,4674,,,,
,,,,0.10546875,,0.96875,,0.09375,,0.96875,,,4675,,,,
,,,,0.1083984375,,0.9609375,,0.1103515625,,0.9609375,,,4676,,,,
,,,,0.2239731252193451,,0.9834668040275574,,0.19001692533493042,,0.9795918464660645,,,4677,,,,
,,,,0.1194196417927742,,1.0,,0.1216517835855484,,0.984375,,,4678,,,,
,,,,0.109375,,0.9921875,,0.0885416641831398,,0.9609375,,,4679,,,,
,,,,0.08117647469043732,,0.9647058844566345,,0.11932773143053055,,0.9647058844566345,,,4680,,,,
150,0.7930299639701843,0.7911306619644165,0.8146653175354004,,0.9817120432853699,,0.805363655090332,,0.9759432673454285,,,,11022,,,,
150,,,,,,,,,,,0.0991915911436081,1.5216047763824463,11022,0.6363469958305359,,0.682441771030426,
151,,,,,,,,,,,,,11049,,0.7075334787368774,,0.7083349227905273
,,,,0.1025390625,,0.9765625,,0.1005859375,,0.953125,,,4681,,,,
,,,,0.1302083283662796,,0.9765625,,0.1060267835855484,,0.9375,,,4682,,,,
,,,,0.0842013880610466,,0.96875,,0.1116071417927742,,0.96875,,,4683,,,,
,,,,0.22600001096725464,,0.9880000352859497,,0.18533334136009216,,0.9959999918937683,,,4684,,,,
,,,,0.1227678582072258,,0.984375,,0.1103515625,,0.9921875,,,4685,,,,
,,,,0.0972222238779068,,0.984375,,0.0972222238779068,,0.9921875,,,4686,,,,
,,,,0.2113095223903656,,0.9956140518188477,,0.23147153854370117,,0.9912281036376953,,,4687,,,,
,,,,0.1142578125,,0.9921875,,0.14453125,,0.96875,,,4688,,,,
,,,,0.2874024510383606,,0.991304337978363,,0.2473960816860199,,0.991304337978363,,,4689,,,,
,,,,0.06640625,,1.0,,0.06406249850988388,,0.9921875,,,4690,,,,
,,,,0.0755208358168602,,0.9921875,,0.06484375149011612,,0.96875,,,4691,,,,
,,,,0.16099455952644348,,0.9914529919624329,,0.15928515791893005,,0.995726466178894,,,4692,,,,
,,,,0.1316964328289032,,0.984375,,0.1123046875,,0.9921875,,,4693,,,,
,,,,0.1261160671710968,,0.9921875,,0.1261160671710968,,0.984375,,,4694,,,,
,,,,0.11328125,,0.984375,,0.1142578125,,0.984375,,,4695,,,,
,,,,0.1970551311969757,,0.9824561476707458,,0.22377371788024902,,0.9912281036376953,,,4696,,,,
,,,,0.05937499925494194,,0.9453125,,0.0668402761220932,,0.96875,,,4697,,,,
,,,,0.0807291641831398,,0.96875,,0.0824652761220932,,0.9921875,,,4698,,,,
,,,,0.20713141560554504,,0.9791666269302368,,0.20713141560554504,,0.9791666269302368,,,4699,,,,
,,,,0.1549479216337204,,0.9921875,,0.1536458283662796,,0.9921875,,,4700,,,,
,,,,0.13671875,,0.9921875,,0.1328125,,0.984375,,,4701,,,,
,,,,0.2256058156490326,,0.9575060606002808,,0.26419365406036377,,0.9575060606002808,,,4702,,,,
,,,,0.1082589253783226,,0.984375,,0.109375,,0.9921875,,,4703,,,,
,,,,0.08984375,,0.9609375,,0.07343749701976776,,0.9765625,,,4704,,,,
,,,,0.1579861044883728,,0.9609375,,0.1579861044883728,,0.9609375,,,4705,,,,
,,,,0.0986328125,,0.953125,,0.0885416641831398,,0.9609375,,,4706,,,,
,,,,0.1194196417927742,,0.9921875,,0.1005859375,,0.9609375,,,4707,,,,
,,,,0.1948678195476532,,0.9606045484542847,,0.17003357410430908,,0.9606045484542847,,,4708,,,,
,,,,0.0998263880610466,,1.0,,0.1272321492433548,,0.984375,,,4709,,,,
,,,,0.125,,0.9921875,,0.103515625,,0.96875,,,4710,,,,
,,,,0.10294117778539658,,0.9764705896377563,,0.09150326997041702,,0.9647058844566345,,,4711,,,,
151,0.788726806640625,0.7847099304199219,0.80656498670578,,0.9797981977462769,,0.7969303131103516,,0.9770450592041016,,,,11095,,,,
151,,,,,,,,,,,0.09644181281328201,1.5273839235305786,11095,0.6171466112136841,,0.6623993515968323,
152,,,,,,,,,,,,,11099,,0.44293275475502014,,0.5039721727371216
152,,,,,,,,,,,,,11149,,0.5256545543670654,,0.5185189247131348
,,,,0.109375,,0.9609375,,0.1205357164144516,,0.96875,,,4712,,,,
,,,,0.12109375,,0.953125,,0.1302083283662796,,0.9609375,,,4713,,,,
,,,,0.1276041716337204,,0.9609375,,0.1341145783662796,,0.984375,,,4714,,,,
,,,,0.22499999403953552,,0.9959999918937683,,0.19822221994400024,,0.9959999918937683,,,4715,,,,
,,,,0.1216517835855484,,0.984375,,0.107421875,,0.9609375,,,4716,,,,
,,,,0.1272321492433548,,0.9921875,,0.1238839253783226,,0.984375,,,4717,,,,
,,,,0.1512531340122223,,0.9912281036376953,,0.15928710997104645,,0.9868420958518982,,,4718,,,,
,,,,0.08906249701976776,,0.9921875,,0.1083984375,,0.96875,,,4719,,,,
,,,,0.21663880348205566,,0.991304337978363,,0.18015608191490173,,0.9869564771652222,,,4720,,,,
,,,,0.078125,,1.0,,0.0685763880610466,,0.9921875,,,4721,,,,
,,,,0.099609375,,1.0,,0.0833333358168602,,0.9765625,,,4722,,,,
,,,,0.19027885794639587,,0.995726466178894,,0.17793318629264832,,1.0,,,4723,,,,
,,,,0.0998263880610466,,0.984375,,0.1103515625,,0.984375,,,4724,,,,
,,,,0.1103515625,,0.9921875,,0.1510416716337204,,0.9921875,,,4725,,,,
,,,,0.125,,0.9765625,,0.11328125,,0.984375,,,4726,,,,
,,,,0.25313282012939453,,0.9912281036376953,,0.2225877195596695,,0.9824561476707458,,,4727,,,,
,,,,0.06328125298023224,,0.9453125,,0.06328125298023224,,0.953125,,,4728,,,,
,,,,0.0815972238779068,,0.984375,,0.0850694477558136,,0.984375,,,4729,,,,
,,,,0.20633012056350708,,0.995192289352417,,0.1844729334115982,,0.9791666269302368,,,4730,,,,
,,,,0.1484375,,1.0,,0.1294642835855484,,0.9921875,,,4731,,,,
,,,,0.1026785746216774,,0.9765625,,0.1127232164144516,,0.9921875,,,4732,,,,
,,,,0.2076926827430725,,0.9575060606002808,,0.25647276639938354,,0.9676071405410767,,,4733,,,,
,,,,0.1004464253783226,,0.9609375,,0.1116071417927742,,0.9765625,,,4734,,,,
,,,,0.0703125,,0.9375,,0.087890625,,0.9609375,,,4735,,,,
,,,,0.13750000298023224,,0.96875,,0.1484375,,0.9765625,,,4736,,,,
,,,,0.1160714253783226,,0.9921875,,0.0885416641831398,,0.9765625,,,4737,,,,
,,,,0.111328125,,1.0,,0.1171875,,0.9765625,,,4738,,,,
,,,,0.25235265493392944,,0.9897959232330322,,0.24109680950641632,,0.9834668040275574,,,4739,,,,
,,,,0.1305803507566452,,0.9921875,,0.1536458283662796,,0.9921875,,,4740,,,,
,,,,0.1294642835855484,,0.984375,,0.1083984375,,0.9765625,,,4741,,,,
,,,,0.14313726127147675,,0.9764705896377563,,0.12436974793672562,,0.9764705896377563,,,4742,,,,
152,0.789776086807251,0.7890350222587585,0.8031328916549683,,0.9805854558944702,,0.8037452697753906,,0.979087233543396,,,,11168,,,,
152,,,,,,,,,,,0.09823990613222122,1.5224609375,11168,0.6318128108978271,,0.6749048829078674,
153,,,,,,,,,,,,,11199,,0.7382862567901611,,0.7317138314247131
,,,,0.0859375,,0.953125,,0.1183035746216774,,0.9609375,,,4743,,,,
,,,,0.1236979141831398,,0.96875,,0.125,,0.9453125,,,4744,,,,
,,,,0.1004464253783226,,0.9453125,,0.12890625,,0.96875,,,4745,,,,
,,,,0.19333332777023315,,1.0,,0.21980953216552734,,0.9919999837875366,,,4746,,,,
,,,,0.1484375,,1.0,,0.0980902761220932,,0.9765625,,,4747,,,,
,,,,0.1588541716337204,,0.9921875,,0.1294642835855484,,0.9921875,,,4748,,,,
,,,,0.1790587604045868,,0.9868420958518982,,0.19376567006111145,,0.9912281036376953,,,4749,,,,
,,,,0.1261160671710968,,0.9921875,,0.0911458358168602,,0.984375,,,4750,,,,
,,,,0.21567128598690033,,0.991304337978363,,0.23764930665493011,,0.991304337978363,,,4751,,,,
,,,,0.05624999850988388,,1.0,,0.0659722238779068,,0.9609375,,,4752,,,,
,,,,0.0694444477558136,,0.96875,,0.0746527761220932,,0.984375,,,4753,,,,
,,,,0.22435897588729858,,0.995726466178894,,0.1666666716337204,,1.0,,,4754,,,,
,,,,0.18593749403953552,,1.0,,0.1510416716337204,,0.9921875,,,4755,,,,
,,,,0.0980902761220932,,0.9921875,,0.0963541641831398,,0.9921875,,,4756,,,,
,,,,0.1316964328289032,,0.9921875,,0.0980902761220932,,0.984375,,,4757,,,,
,,,,0.2466881424188614,,0.9824561476707458,,0.25689223408699036,,0.9868420958518982,,,4758,,,,
,,,,0.06093750149011612,,0.96875,,0.06328125298023224,,0.9609375,,,4759,,,,
,,,,0.07656250149011612,,0.984375,,0.07500000298023224,,0.9921875,,,4760,,,,
,,,,0.23855310678482056,,0.9695512652397156,,0.2729700803756714,,0.9791666269302368,,,4761,,,,
,,,,0.1497395783662796,,1.0,,0.18125000596046448,,1.0,,,4762,,,,
,,,,0.1341145783662796,,0.9921875,,0.1194196417927742,,1.0,,,4763,,,,
,,,,0.23197492957115173,,0.9726575613021851,,0.23486092686653137,,0.9726575613021851,,,4764,,,,
,,,,0.1127232164144516,,0.984375,,0.1015625,,0.9765625,,,4765,,,,
,,,,0.0876736119389534,,0.9765625,,0.0966796875,,0.9609375,,,4766,,,,
,,,,0.1666666716337204,,0.9765625,,0.1701388955116272,,0.9609375,,,4767,,,,
,,,,0.0876736119389534,,0.96875,,0.07656250149011612,,0.96875,,,4768,,,,
,,,,0.107421875,,0.9921875,,0.1171875,,0.9921875,,,4769,,,,
,,,,0.2842073440551758,,0.9732627272605896,,0.1878354698419571,,0.9834668040275574,,,4770,,,,
,,,,0.109375,,0.9921875,,0.1272321492433548,,0.9921875,,,4771,,,,
,,,,0.1064453125,,0.9765625,,0.1227678582072258,,0.9921875,,,4772,,,,
,,,,0.11596638709306717,,1.0,,0.11932773143053055,,1.0,,,4773,,,,
153,0.786589503288269,0.7943527698516846,0.805479884147644,,0.9826161861419678,,0.8019223213195801,,0.98119056224823,,,,11241,,,,
153,,,,,,,,,,,0.09623614698648453,1.514554738998413,11241,0.619899570941925,,0.6642929315567017,
154,,,,,,,,,,,,,11249,,0.6844930648803711,,0.6760814189910889
154,,,,,,,,,,,,,11299,,0.5665726661682129,,0.6080721616744995
,,,,0.1238839253783226,,0.9765625,,0.10546875,,0.9375,,,4774,,,,
,,,,0.1149553582072258,,0.984375,,0.1263020783662796,,0.953125,,,4775,,,,
,,,,0.16093750298023224,,0.9765625,,0.1328125,,0.9765625,,,4776,,,,
,,,,0.19822221994400024,,0.9919999837875366,,0.2525714337825775,,0.9919999837875366,,,4777,,,,
,,,,0.107421875,,0.9765625,,0.10546875,,0.9765625,,,4778,,,,
,,,,0.0946180522441864,,0.9765625,,0.125,,0.9921875,,,4779,,,,
,,,,0.18086883425712585,,0.9912281036376953,,0.18689581751823425,,0.9956140518188477,,,4780,,,,
,,,,0.1162109375,,0.9921875,,0.1261160671710968,,0.9765625,,,4781,,,,
,,,,0.21663880348205566,,0.9956521987915039,,0.21011705696582794,,0.991304337978363,,,4782,,,,
,,,,0.0746527761220932,,1.0,,0.06328125298023224,,0.984375,,,4783,,,,
,,,,0.06875000149011612,,0.9921875,,0.07421875,,0.96875,,,4784,,,,
,,,,0.18553052842617035,,0.995726466178894,,0.16526806354522705,,1.0,,,4785,,,,
,,,,0.1549479216337204,,1.0,,0.1536458283662796,,1.0,,,4786,,,,
,,,,0.1142578125,,1.0,,0.11328125,,0.9765625,,,4787,,,,
,,,,0.1305803507566452,,0.9921875,,0.111328125,,0.9921875,,,4788,,,,
,,,,0.19883041083812714,,0.9824561476707458,,0.19785574078559875,,0.9824561476707458,,,4789,,,,
,,,,0.06484375149011612,,0.9765625,,0.06093750149011612,,0.9609375,,,4790,,,,
,,,,0.07343749701976776,,0.984375,,0.07578124850988388,,0.9921875,,,4791,,,,
,,,,0.18981480598449707,,0.9791666269302368,,0.24725274741649628,,0.9791666269302368,,,4792,,,,
,,,,0.18593749403953552,,1.0,,0.18593749403953552,,0.9921875,,,4793,,,,
,,,,0.1393229216337204,,0.9921875,,0.1171875,,0.9921875,,,4794,,,,
,,,,0.251422256231308,,0.9625566005706787,,0.19109195470809937,,0.9898989796638489,,,4795,,,,
,,,,0.087890625,,0.96875,,0.1071428582072258,,0.984375,,,4796,,,,
,,,,0.0830078125,,0.9296875,,0.0807291641831398,,0.96875,,,4797,,,,
,,,,0.14531250298023224,,0.9453125,,0.1484375,,0.9609375,,,4798,,,,
,,,,0.0966796875,,0.9609375,,0.1276041716337204,,0.9765625,,,4799,,,,
,,,,0.1238839253783226,,0.9765625,,0.140625,,0.9609375,,,4800,,,,
,,,,0.2217773199081421,,0.9810127019882202,,0.1934613436460495,,0.9873417615890503,,,4801,,,,
,,,,0.1305803507566452,,1.0,,0.1283482164144516,,0.984375,,,4802,,,,
,,,,0.125,,0.984375,,0.1227678582072258,,0.96875,,,4803,,,,
,,,,0.09150326997041702,,0.9764705896377563,,0.1044117659330368,,0.9647058844566345,,,4804,,,,
154,0.7991464138031006,0.7970653772354126,0.8158986568450928,,0.9814019203186035,,0.8048620223999023,,0.9786047339439392,,,,11314,,,,
154,,,,,,,,,,,0.09623370319604874,1.5220595598220825,11314,0.6130350828170776,,0.6632668972015381,
155,,,,,,,,,,,,,11349,,0.6542854905128479,,0.7060153484344482
,,,,0.1183035746216774,,0.96875,,0.13671875,,0.9765625,,,4805,,,,
,,,,0.1160714253783226,,0.9609375,,0.1354166716337204,,0.9765625,,,4806,,,,
,,,,0.1138392835855484,,0.953125,,0.15937499701976776,,0.96875,,,4807,,,,
,,,,0.2280000001192093,,0.9959999918937683,,0.25942856073379517,,0.9959999918937683,,,4808,,,,
,,,,0.1261160671710968,,0.96875,,0.1238839253783226,,0.984375,,,4809,,,,
,,,,0.1103515625,,0.984375,,0.125,,0.9921875,,,4810,,,,
,,,,0.186995267868042,,0.9912281036376953,,0.2087361216545105,,0.9912281036376953,,,4811,,,,
,,,,0.1272321492433548,,0.9921875,,0.1044921875,,0.9609375,,,4812,,,,
,,,,0.17918989062309265,,0.991304337978363,,0.17725752294063568,,0.9869564771652222,,,4813,,,,
,,,,0.06562499701976776,,0.9921875,,0.06484375149011612,,0.9921875,,,4814,,,,
,,,,0.078125,,0.9921875,,0.0798611119389534,,0.9765625,,,4815,,,,
,,,,0.17179487645626068,,1.0,,0.16612276434898376,,1.0,,,4816,,,,
,,,,0.0998263880610466,,1.0,,0.125,,1.0,,,4817,,,,
,,,,0.1419270783662796,,0.9921875,,0.1261160671710968,,0.9765625,,,4818,,,,
,,,,0.111328125,,0.984375,,0.111328125,,0.9765625,,,4819,,,,
,,,,0.21036967635154724,,0.9780701398849487,,0.20927318930625916,,0.9824561476707458,,,4820,,,,
,,,,0.05781250074505806,,0.921875,,0.05703125149011612,,0.953125,,,4821,,,,
,,,,0.0807291641831398,,0.9609375,,0.07187499850988388,,0.96875,,,4822,,,,
,,,,0.18625354766845703,,0.9791666269302368,,0.17628204822540283,,0.995192289352417,,,4823,,,,
,,,,0.18906250596046448,,1.0,,0.18593749403953552,,1.0,,,4824,,,,
,,,,0.17343750596046448,,1.0,,0.1328125,,1.0,,,4825,,,,
,,,,0.2270488142967224,,0.9898989796638489,,0.22993481159210205,,0.9575060606002808,,,4826,,,,
,,,,0.1149553582072258,,0.9765625,,0.1005859375,,0.96875,,,4827,,,,
,,,,0.0908203125,,0.96875,,0.095703125,,0.96875,,,4828,,,,
,,,,0.15156249701976776,,0.96875,,0.1736111044883728,,0.9609375,,,4829,,,,
,,,,0.0876736119389534,,0.984375,,0.0885416641831398,,0.984375,,,4830,,,,
,,,,0.1261160671710968,,0.984375,,0.14453125,,1.0,,,4831,,,,
,,,,0.25416097044944763,,0.9873417615890503,,0.19260025024414062,,0.9834668040275574,,,4832,,,,
,,,,0.1510416716337204,,1.0,,0.15234375,,1.0,,,4833,,,,
,,,,0.1497395783662796,,0.984375,,0.1796875,,0.9921875,,,4834,,,,
,,,,0.0954248383641243,,0.9882352948188782,,0.10735294222831726,,0.9882352948188782,,,4835,,,,
155,0.7933444380760193,0.795470118522644,0.8157364726066589,,0.9809582233428955,,0.8067308664321899,,0.9811786413192749,,,,11387,,,,
155,,,,,,,,,,,0.0977330207824707,1.5159326791763306,11387,0.612973153591156,,0.6640527844429016,
156,,,,,,,,,,,,,11399,,0.44035086035728455,,0.48480236530303955
156,,,,,,,,,,,,,11449,,0.6710531115531921,,0.7033058404922485
,,,,0.1044921875,,0.96875,,0.1138392835855484,,0.953125,,,4836,,,,
,,,,0.1104910746216774,,0.984375,,0.1037946417927742,,0.96875,,,4837,,,,
,,,,0.0986328125,,0.96875,,0.15312500298023224,,0.9765625,,,4838,,,,
,,,,0.23199999332427979,,0.9959999918937683,,0.22600001096725464,,0.9959999918937683,,,4839,,,,
,,,,0.109375,,0.9921875,,0.0911458358168602,,0.9765625,,,4840,,,,
,,,,0.0980902761220932,,0.9921875,,0.1216517835855484,,0.984375,,,4841,,,,
,,,,0.17710945010185242,,0.9868420958518982,,0.18483708798885345,,0.9912281036376953,,,4842,,,,
,,,,0.0980902761220932,,0.9921875,,0.0928819477558136,,0.96875,,,4843,,,,
,,,,0.2164715826511383,,0.991304337978363,,0.20468227565288544,,0.97826087474823,,,4844,,,,
,,,,0.06406249850988388,,0.9921875,,0.0729166641831398,,0.984375,,,4845,,,,
,,,,0.06484375149011612,,0.984375,,0.06718750298023224,,0.9765625,,,4846,,,,
,,,,0.16013985872268677,,0.9914529919624329,,0.16441336274147034,,1.0,,,4847,,,,
,,,,0.1316964328289032,,1.0,,0.1294642835855484,,0.984375,,,4848,,,,
,,,,0.1272321492433548,,1.0,,0.1283482164144516,,0.9921875,,,4849,,,,
,,,,0.1305803507566452,,0.9921875,,0.1272321492433548,,0.9921875,,,4850,,,,
,,,,0.25295382738113403,,0.9868420958518982,,0.26691728830337524,,0.9824561476707458,,,4851,,,,
,,,,0.0703125,,0.96875,,0.0815972238779068,,0.984375,,,4852,,,,
,,,,0.078125,,0.9765625,,0.08281250298023224,,0.9921875,,,4853,,,,
,,,,0.3480769395828247,,0.9791666269302368,,0.33974358439445496,,0.9791666269302368,,,4854,,,,
,,,,0.1875,,1.0,,0.1875,,1.0,,,4855,,,,
,,,,0.1194196417927742,,0.9765625,,0.140625,,1.0,,,4856,,,,
,,,,0.23918992280960083,,0.9797979593276978,,0.1979275494813919,,0.9747474789619446,,,4857,,,,
,,,,0.0966796875,,0.9765625,,0.091796875,,0.9765625,,,4858,,,,
,,,,0.0833333358168602,,0.96875,,0.07265625149011612,,0.9453125,,,4859,,,,
,,,,0.1684027761220932,,0.96875,,0.1666666567325592,,0.953125,,,4860,,,,
,,,,0.1044921875,,0.984375,,0.0902777761220932,,0.9765625,,,4861,,,,
,,,,0.1272321492433548,,1.0,,0.1458333283662796,,0.984375,,,4862,,,,
,,,,0.19369098544120789,,0.9834668040275574,,0.23958373069763184,,0.9834668040275574,,,4863,,,,
,,,,0.125,,0.9921875,,0.103515625,,0.984375,,,4864,,,,
,,,,0.0963541641831398,,0.9921875,,0.1025390625,,0.96875,,,4865,,,,
,,,,0.10000000149011612,,0.9764705896377563,,0.0788235291838646,,0.9764705896377563,,,4866,,,,
156,0.7870054841041565,0.7921665906906128,0.8193049430847168,,0.9842231273651123,,0.8024932146072388,,0.9788655638694763,,,,11460,,,,
156,,,,,,,,,,,0.09636525809764862,1.5222201347351074,11460,0.6125380992889404,,0.6646353602409363,
157,,,,,,,,,,,,,11499,,0.6691100597381592,,0.7491834163665771
,,,,0.1393229216337204,,0.96875,,0.16875000298023224,,0.953125,,,4867,,,,
,,,,0.16249999403953552,,0.9921875,,0.1060267835855484,,0.9921875,,,4868,,,,
,,,,0.1127232164144516,,0.984375,,0.1302083283662796,,0.9921875,,,4869,,,,
,,,,0.19033333659172058,,0.9919999837875366,,0.21066667139530182,,0.9959999918937683,,,4870,,,,
,,,,0.1216517835855484,,0.9765625,,0.14453125,,0.9765625,,,4871,,,,
,,,,0.1064453125,,0.9921875,,0.107421875,,0.9921875,,,4872,,,,
,,,,0.19251252710819244,,0.9912281036376953,,0.20748299360275269,,0.9868420958518982,,,4873,,,,
,,,,0.0972222238779068,,0.9921875,,0.103515625,,0.9609375,,,4874,,,,
,,,,0.1877368986606598,,0.991304337978363,,0.16287624835968018,,0.9826086759567261,,,4875,,,,
,,,,0.06171875074505806,,1.0,,0.0737847238779068,,0.984375,,,4876,,,,
,,,,0.06406249850988388,,0.9921875,,0.0798611119389534,,0.9765625,,,4877,,,,
,,,,0.17521367967128754,,0.995726466178894,,0.16441336274147034,,1.0,,,4878,,,,
,,,,0.1142578125,,1.0,,0.0980902761220932,,0.9765625,,,4879,,,,
,,,,0.1510416716337204,,1.0,,0.1294642835855484,,0.9921875,,,4880,,,,
,,,,0.1162109375,,0.9921875,,0.1283482164144516,,0.9609375,,,4881,,,,
,,,,0.19980506598949432,,0.9868420958518982,,0.22697368264198303,,0.9868420958518982,,,4882,,,,
,,,,0.06093750149011612,,0.921875,,0.0772569477558136,,0.9609375,,,4883,,,,
,,,,0.07578124850988388,,0.96875,,0.078125,,0.96875,,,4884,,,,
,,,,0.20873397588729858,,0.9791666269302368,,0.22035256028175354,,0.9743589758872986,,,4885,,,,
,,,,0.1536458283662796,,0.9921875,,0.15234375,,0.9921875,,,4886,,,,
,,,,0.1149553582072258,,1.0,,0.099609375,,0.9921875,,,4887,,,,
,,,,0.2270488142967224,,0.9848484992980957,,0.19614246487617493,,0.9676071405410767,,,4888,,,,
,,,,0.1116071417927742,,0.984375,,0.09375,,0.96875,,,4889,,,,
,,,,0.07578124850988388,,0.9609375,,0.07421875,,0.9140625,,,4890,,,,
,,,,0.15000000596046448,,0.9453125,,0.15625,,0.953125,,,4891,,,,
,,,,0.0885416641831398,,0.96875,,0.08203125,,0.9765625,,,4892,,,,
,,,,0.1064453125,,0.984375,,0.10546875,,0.9921875,,,4893,,,,
,,,,0.17509686946868896,,0.9834668040275574,,0.21983984112739563,,0.9771376848220825,,,4894,,,,
,,,,0.1064453125,,1.0,,0.1238839253783226,,1.0,,,4895,,,,
,,,,0.109375,,0.9921875,,0.0972222238779068,,0.984375,,,4896,,,,
,,,,0.10147058963775635,,0.9764705896377563,,0.1044117659330368,,0.9764705896377563,,,4897,,,,
157,0.7951504588127136,0.790403425693512,0.8098301887512207,,0.9827862977981567,,0.8066424131393433,,0.9769324064254761,,,,11533,,,,
157,,,,,,,,,,,0.0978730320930481,1.5102204084396362,11533,0.6102248430252075,,0.660820484161377,
158,,,,,,,,,,,,,11549,,0.5552794337272644,,0.58335280418396
158,,,,,,,,,,,,,11599,,0.616670548915863,,0.6041942834854126
,,,,0.1238839253783226,,0.96875,,0.109375,,0.9765625,,,4898,,,,
,,,,0.14453125,,0.9765625,,0.16718749701976776,,0.984375,,,4899,,,,
,,,,0.1044921875,,0.984375,,0.1183035746216774,,0.984375,,,4900,,,,
,,,,0.19822221994400024,,0.9919999837875366,,0.21700000762939453,,0.9800000190734863,,,4901,,,,
,,,,0.09765625,,0.96875,,0.0911458358168602,,0.9609375,,,4902,,,,
,,,,0.1138392835855484,,0.984375,,0.1005859375,,0.9765625,,,4903,,,,
,,,,0.15037593245506287,,0.9736841917037964,,0.14243942499160767,,0.9868420958518982,,,4904,,,,
,,,,0.109375,,0.984375,,0.09375,,0.9765625,,,4905,,,,
,,,,0.19832774996757507,,0.991304337978363,,0.195066899061203,,0.991304337978363,,,4906,,,,
,,,,0.06015624850988388,,0.984375,,0.0651041641831398,,0.984375,,,4907,,,,
,,,,0.06406249850988388,,0.984375,,0.06640625,,0.9765625,,,4908,,,,
,,,,0.16581197082996368,,0.9871795177459717,,0.16495727002620697,,0.995726466178894,,,4909,,,,
,,,,0.1162109375,,0.9921875,,0.1549479216337204,,0.9921875,,,4910,,,,
,,,,0.11328125,,0.9921875,,0.1294642835855484,,0.984375,,,4911,,,,
,,,,0.1316964328289032,,0.984375,,0.1549479216337204,,0.984375,,,4912,,,,
,,,,0.2007797360420227,,0.9956140518188477,,0.20272904634475708,,0.9912281036376953,,,4913,,,,
,,,,0.078125,,0.984375,,0.06718750298023224,,0.96875,,,4914,,,,
,,,,0.099609375,,0.9921875,,0.0859375,,0.9921875,,,4915,,,,
,,,,0.24450549483299255,,0.995192289352417,,0.1745014190673828,,1.0,,,4916,,,,
,,,,0.1510416716337204,,1.0,,0.18281249701976776,,1.0,,,4917,,,,
,,,,0.09765625,,0.984375,,0.099609375,,0.9921875,,,4918,,,,
,,,,0.22271981835365295,,0.9726575613021851,,0.23486092686653137,,0.9726575613021851,,,4919,,,,
,,,,0.1082589253783226,,0.96875,,0.1160714253783226,,0.984375,,,4920,,,,
,,,,0.0850694477558136,,0.9453125,,0.0894097238779068,,0.9453125,,,4921,,,,
,,,,0.171875,,0.96875,,0.15625,,0.9609375,,,4922,,,,
,,,,0.1083984375,,0.9921875,,0.099609375,,0.96875,,,4923,,,,
,,,,0.1316964328289032,,1.0,,0.1083984375,,0.9921875,,,4924,,,,
,,,,0.30706965923309326,,0.9834668040275574,,0.22239086031913757,,0.9669336080551147,,,4925,,,,
,,,,0.1283482164144516,,1.0,,0.1305803507566452,,0.984375,,,4926,,,,
,,,,0.1123046875,,0.9765625,,0.1261160671710968,,0.984375,,,4927,,,,
,,,,0.13921569287776947,,0.9882352948188782,,0.14313726127147675,,0.9764705896377563,,,4928,,,,
158,0.79195237159729,0.7960362434387207,0.8139771819114685,,0.9821484684944153,,0.8082170486450195,,0.9799313545227051,,,,11606,,,,
158,,,,,,,,,,,0.09529862552881241,1.5092037916183472,11606,0.5906816720962524,,0.6422586441040039,
159,,,,,,,,,,,,,11649,,0.5616916418075562,,0.6073897480964661
,,,,0.1025390625,,0.9609375,,0.1205357164144516,,0.9609375,,,4929,,,,
,,,,0.1160714253783226,,0.9765625,,0.1127232164144516,,0.9609375,,,4930,,,,
,,,,0.1160714253783226,,0.953125,,0.1354166716337204,,0.96875,,,4931,,,,
,,,,0.17680001258850098,,0.9919999837875366,,0.22299998998641968,,0.9839999675750732,,,4932,,,,
,,,,0.0986328125,,0.9765625,,0.103515625,,0.953125,,,4933,,,,
,,,,0.1044921875,,0.9921875,,0.0928819477558136,,0.9765625,,,4934,,,,
,,,,0.1769701987504959,,0.9912281036376953,,0.2073039710521698,,0.9824561476707458,,,4935,,,,
,,,,0.11328125,,0.9921875,,0.1064453125,,0.96875,,,4936,,,,
,,,,0.2188127040863037,,0.991304337978363,,0.23369565606117249,,0.9869564771652222,,,4937,,,,
,,,,0.06484375149011612,,0.9921875,,0.0711805522441864,,0.9921875,,,4938,,,,
,,,,0.06875000149011612,,0.984375,,0.07109375298023224,,0.9765625,,,4939,,,,
,,,,0.17179487645626068,,0.9914529919624329,,0.17094017565250397,,1.0,,,4940,,,,
,,,,0.1162109375,,1.0,,0.1305803507566452,,0.9921875,,,4941,,,,
,,,,0.1536458283662796,,1.0,,0.1305803507566452,,0.9921875,,,4942,,,,
,,,,0.18593749403953552,,0.9921875,,0.1305803507566452,,0.984375,,,4943,,,,
,,,,0.2606516480445862,,0.9912281036376953,,0.22697368264198303,,0.9824561476707458,,,4944,,,,
,,,,0.06796874850988388,,0.9453125,,0.06328125298023224,,0.9765625,,,4945,,,,
,,,,0.0885416641831398,,0.9765625,,0.0876736119389534,,0.984375,,,4946,,,,
,,,,0.279914528131485,,0.9791666269302368,,0.2767093777656555,,0.9791666269302368,,,4947,,,,
,,,,0.3151041567325592,,1.0,,0.232421875,,1.0,,,4948,,,,
,,,,0.13671875,,0.9921875,,0.1393229216337204,,0.984375,,,4949,,,,
,,,,0.2463717758655548,,0.9575060606002808,,0.21694780886173248,,0.9797979593276978,,,4950,,,,
,,,,0.0888671875,,0.984375,,0.09765625,,0.9921875,,,4951,,,,
,,,,0.0711805522441864,,0.9375,,0.0868055522441864,,0.953125,,,4952,,,,
,,,,0.14687499403953552,,0.9765625,,0.1701388955116272,,0.9765625,,,4953,,,,
,,,,0.0920138880610466,,0.9765625,,0.0911458358168602,,0.96875,,,4954,,,,
,,,,0.1283482164144516,,0.984375,,0.1283482164144516,,0.9921875,,,4955,,,,
,,,,0.24833008646965027,,0.9732627272605896,,0.2188710868358612,,0.9834668040275574,,,4956,,,,
,,,,0.107421875,,0.9921875,,0.1261160671710968,,0.984375,,,4957,,,,
,,,,0.125,,0.9765625,,0.1227678582072258,,0.984375,,,4958,,,,
,,,,0.10000000149011612,,0.9764705896377563,,0.11596638709306717,,0.9764705896377563,,,4959,,,,
159,0.7958930730819702,0.8038411736488342,0.8116549253463745,,0.9802345037460327,,0.8137039542198181,,0.978279709815979,,,,11679,,,,
159,,,,,,,,,,,0.09601124376058578,1.5063409805297852,11679,0.6071231961250305,,0.6529345512390137,
160,,,,,,,,,,,,,11699,,0.6255537271499634,,0.690679132938385
160,,,,,,,,,,,,,11749,,0.5068509578704834,,0.5250629186630249
,,,,0.103515625,,0.96875,,0.1341145783662796,,0.953125,,,4960,,,,
,,,,0.1354166716337204,,0.9921875,,0.1071428582072258,,0.9921875,,,4961,,,,
,,,,0.1171875,,0.984375,,0.1341145783662796,,0.984375,,,4962,,,,
,,,,0.23399999737739563,,0.9880000352859497,,0.2662857174873352,,0.9959999918937683,,,4963,,,,
,,,,0.1484375,,0.9609375,,0.1272321492433548,,0.9765625,,,4964,,,,
,,,,0.1549479216337204,,0.9921875,,0.1510416716337204,,0.9921875,,,4965,,,,
,,,,0.17502087354660034,,0.9511277675628662,,0.2200143188238144,,0.9912281036376953,,,4966,,,,
,,,,0.1123046875,,0.9921875,,0.0928819477558136,,0.9765625,,,4967,,,,
,,,,0.17725752294063568,,0.991304337978363,,0.15866219997406006,,0.9826086759567261,,,4968,,,,
,,,,0.0625,,0.9921875,,0.0711805522441864,,0.9765625,,,4969,,,,
,,,,0.05703125149011612,,0.9921875,,0.0737847238779068,,0.9765625,,,4970,,,,
,,,,0.1618492603302002,,0.995726466178894,,0.15446776151657104,,1.0,,,4971,,,,
,,,,0.1283482164144516,,1.0,,0.1123046875,,0.984375,,,4972,,,,
,,,,0.1261160671710968,,0.9921875,,0.111328125,,0.984375,,,4973,,,,
,,,,0.125,,0.9765625,,0.0989583358168602,,0.9765625,,,4974,,,,
,,,,0.25170066952705383,,0.9912281036376953,,0.21475563943386078,,0.9824561476707458,,,4975,,,,
,,,,0.07656250149011612,,0.9765625,,0.0755208358168602,,0.9765625,,,4976,,,,
,,,,0.0911458358168602,,1.0,,0.09765625,,0.9921875,,,4977,,,,
,,,,0.21514423191547394,,0.9791666269302368,,0.2111378163099289,,0.9791666269302368,,,4978,,,,
,,,,0.236328125,,1.0,,0.3151041567325592,,0.9921875,,,4979,,,,
,,,,0.1194196417927742,,1.0,,0.1194196417927742,,0.9921875,,,4980,,,,
,,,,0.20297805964946747,,0.9676071405410767,,0.20424067974090576,,0.9726575613021851,,,4981,,,,
,,,,0.09765625,,0.984375,,0.1104910746216774,,0.984375,,,4982,,,,
,,,,0.095703125,,0.953125,,0.07500000298023224,,0.9453125,,,4983,,,,
,,,,0.15937499701976776,,0.984375,,0.1736111044883728,,0.96875,,,4984,,,,
,,,,0.103515625,,0.984375,,0.0920138880610466,,0.9765625,,,4985,,,,
,,,,0.1103515625,,0.984375,,0.14453125,,0.984375,,,4986,,,,
,,,,0.225555419921875,,0.9936708807945251,,0.21825754642486572,,0.9834668040275574,,,4987,,,,
,,,,0.1103515625,,1.0,,0.1238839253783226,,0.9921875,,,4988,,,,
,,,,0.125,,0.9765625,,0.1227678582072258,,0.984375,,,4989,,,,
,,,,0.10147058963775635,,0.9882352948188782,,0.10294117778539658,,0.9882352948188782,,,4990,,,,
160,0.7997034788131714,0.8018772006034851,0.8256841897964478,,0.9850504398345947,,0.813744843006134,,0.981176495552063,,,,11752,,,,
160,,,,,,,,,,,0.09508682042360306,1.5075181722640991,11752,0.5943446159362793,,0.6471455693244934,
161,,,,,,,,,,,,,11799,,0.5762033462524414,,0.579133152961731
,,,,0.1160714253783226,,0.9453125,,0.1393229216337204,,0.96875,,,4991,,,,
,,,,0.1060267835855484,,0.9375,,0.1276041716337204,,0.9609375,,,4992,,,,
,,,,0.1071428582072258,,0.9375,,0.1160714253783226,,0.9765625,,,4993,,,,
,,,,0.20533332228660583,,0.9919999837875366,,0.23100000619888306,,0.9880000352859497,,,4994,,,,
,,,,0.125,,0.9921875,,0.1458333283662796,,0.984375,,,4995,,,,
,,,,0.1510416716337204,,0.984375,,0.1510416716337204,,0.9921875,,,4996,,,,
,,,,0.1849067211151123,,0.9956140518188477,,0.17209690809249878,,0.9956140518188477,,,4997,,,,
,,,,0.1006944477558136,,0.9921875,,0.1083984375,,0.9765625,,,4998,,,,
,,,,0.19160163402557373,,0.9956521987915039,,0.25484949350357056,,0.991304337978363,,,4999,,,,
,,,,0.0625,,0.9921875,,0.06406249850988388,,0.9921875,,,5000,,,,
,,,,0.06484375149011612,,0.9921875,,0.06640625,,0.9921875,,,5001,,,,
,,,,0.15275835990905762,,1.0,,0.15361306071281433,,1.0,,,5002,,,,
,,,,0.0980902761220932,,0.9921875,,0.0972222238779068,,0.984375,,,5003,,,,
,,,,0.0911458358168602,,0.9921875,,0.1194196417927742,,0.9765625,,,5004,,,,
,,,,0.1083984375,,0.984375,,0.09375,,0.9765625,,,5005,,,,
,,,,0.21914160251617432,,0.9868420958518982,,0.2479412853717804,,0.9868420958518982,,,5006,,,,
,,,,0.06640625,,0.9609375,,0.0703125,,0.96875,,,5007,,,,
,,,,0.0859375,,0.9765625,,0.0894097238779068,,0.9921875,,,5008,,,,
,,,,0.24816849827766418,,0.9791666269302368,,0.2107371836900711,,0.9743589758872986,,,5009,,,,
,,,,0.240234375,,1.0,,0.18593749403953552,,0.9921875,,,5010,,,,
,,,,0.1432291716337204,,1.0,,0.1194196417927742,,1.0,,,5011,,,,
,,,,0.2325720340013504,,0.9575060606002808,,0.1966649293899536,,0.9797979593276978,,,5012,,,,
,,,,0.1049107164144516,,0.9765625,,0.0908203125,,0.984375,,,5013,,,,
,,,,0.0763888880610466,,0.9609375,,0.0703125,,0.96875,,,5014,,,,
,,,,0.1579861044883728,,0.9609375,,0.15625,,0.96875,,,5015,,,,
,,,,0.0911458358168602,,0.9921875,,0.0902777761220932,,0.9765625,,,5016,,,,
,,,,0.1272321492433548,,0.9921875,,0.11328125,,0.9921875,,,5017,,,,
,,,,0.2566704750061035,,0.9873417615890503,,0.21632006764411926,,0.9834668040275574,,,5018,,,,
,,,,0.1123046875,,1.0,,0.111328125,,0.9921875,,,5019,,,,
,,,,0.1510416716337204,,0.984375,,0.109375,,0.9765625,,,5020,,,,
,,,,0.12100840359926224,,1.0,,0.12268907576799393,,0.9882352948188782,,,5021,,,,
161,0.7991173267364502,0.8008897304534912,0.8140657544136047,,0.981292724609375,,0.8120530843734741,,0.9822702407836914,,,,11825,,,,
161,,,,,,,,,,,0.09522567689418793,1.4984214305877686,11825,0.599600613117218,,0.6521415710449219,
162,,,,,,,,,,,,,11849,,0.6516232490539551,,0.6517914533615112
,,,,0.1341145783662796,,0.96875,,0.1380208283662796,,0.96875,,,5022,,,,
,,,,0.1236979141831398,,0.953125,,0.125,,0.9375,,,5023,,,,
,,,,0.125,,0.9609375,,0.1315104216337204,,0.984375,,,5024,,,,
,,,,0.18833333253860474,,0.9959999918937683,,0.18533334136009216,,0.9760000109672546,,,5025,,,,
,,,,0.1205357164144516,,0.9921875,,0.17499999701976776,,0.9765625,,,5026,,,,
,,,,0.1536458283662796,,0.984375,,0.1194196417927742,,0.9921875,,,5027,,,,
,,,,0.19031953811645508,,0.9912281036376953,,0.1881265640258789,,0.9912281036376953,,,5028,,,,
,,,,0.0972222238779068,,0.9765625,,0.0946180522441864,,0.9765625,,,5029,,,,
,,,,0.20576924085617065,,0.991304337978363,,0.20468227565288544,,0.9869564771652222,,,5030,,,,
,,,,0.07500000298023224,,1.0,,0.0789930522441864,,0.9921875,,,5031,,,,
,,,,0.0842013880610466,,1.0,,0.0798611119389534,,0.984375,,,5032,,,,
,,,,0.18119658529758453,,0.995726466178894,,0.16526806354522705,,1.0,,,5033,,,,
,,,,0.15234375,,1.0,,0.11328125,,0.9921875,,,5034,,,,
,,,,0.1283482164144516,,1.0,,0.1261160671710968,,0.9921875,,,5035,,,,
,,,,0.1142578125,,0.9921875,,0.1272321492433548,,0.984375,,,5036,,,,
,,,,0.20269423723220825,,0.969298243522644,,0.2149122804403305,,0.9868420958518982,,,5037,,,,
,,,,0.0633680522441864,,0.90625,,0.06093750149011612,,0.96875,,,5038,,,,
,,,,0.07109375298023224,,0.9609375,,0.0807291641831398,,0.984375,,,5039,,,,
,,,,0.26816239953041077,,0.9791666269302368,,0.2660256624221802,,0.9791666269302368,,,5040,,,,
,,,,0.17812499403953552,,1.0,,0.18593749403953552,,0.984375,,,5041,,,,
,,,,0.1315104216337204,,0.9921875,,0.1116071417927742,,1.0,,,5042,,,,
,,,,0.20171543955802917,,0.9625566005706787,,0.1986677050590515,,0.9524555802345276,,,5043,,,,
,,,,0.1005859375,,0.984375,,0.0894097238779068,,0.9921875,,,5044,,,,
,,,,0.0966796875,,0.96875,,0.0876736119389534,,0.9609375,,,5045,,,,
,,,,0.1788194477558136,,0.9765625,,0.1736111044883728,,0.9765625,,,5046,,,,
,,,,0.0920138880610466,,0.9921875,,0.103515625,,0.9765625,,,5047,,,,
,,,,0.1123046875,,0.984375,,0.11328125,,1.0,,,5048,,,,
,,,,0.2566704750061035,,0.9834668040275574,,0.2548621594905853,,0.9732627272605896,,,5049,,,,
,,,,0.1510416716337204,,0.9921875,,0.1510416716337204,,0.9921875,,,5050,,,,
,,,,0.109375,,0.9921875,,0.14453125,,0.9765625,,,5051,,,,
,,,,0.14313726127147675,,0.9882352948188782,,0.10735294222831726,,0.9764705896377563,,,5052,,,,
162,0.7985250949859619,0.7996240854263306,0.8147295713424683,,0.980644941329956,,0.8102589845657349,,0.9798877239227295,,,,11898,,,,
162,,,,,,,,,,,0.09397786110639572,1.4980201721191406,11898,0.610884964466095,,0.6565542221069336,
163,,,,,,,,,,,,,11899,,0.5061560869216919,,0.5214650630950928
163,,,,,,,,,,,,,11949,,0.6536039710044861,,0.6413091421127319
,,,,0.1484375,,0.9765625,,0.1261160671710968,,0.984375,,,5053,,,,
,,,,0.1380208283662796,,0.9765625,,0.1149553582072258,,0.96875,,,5054,,,,
,,,,0.1227678582072258,,0.9921875,,0.1064453125,,0.9921875,,,5055,,,,
,,,,0.2280000001192093,,0.9839999675750732,,0.22600001096725464,,0.9800000190734863,,,5056,,,,
,,,,0.0902777761220932,,0.9765625,,0.0902777761220932,,0.96875,,,5057,,,,
,,,,0.08515624701976776,,0.9921875,,0.0972222238779068,,0.9765625,,,5058,,,,
,,,,0.19909147918224335,,0.9912281036376953,,0.17209690809249878,,0.9956140518188477,,,5059,,,,
,,,,0.0989583358168602,,0.984375,,0.109375,,0.96875,,,5060,,,,
,,,,0.1611296832561493,,0.9956521987915039,,0.20685619115829468,,0.991304337978363,,,5061,,,,
,,,,0.05234374850988388,,0.9375,,0.0677083358168602,,0.9609375,,,5062,,,,
,,,,0.05624999850988388,,0.9609375,,0.0625,,0.96875,,,5063,,,,
,,,,0.15555556118488312,,0.995726466178894,,0.15330225229263306,,0.995726466178894,,,5064,,,,
,,,,0.1536458283662796,,1.0,,0.11328125,,1.0,,,5065,,,,
,,,,0.1305803507566452,,0.9921875,,0.1305803507566452,,0.9921875,,,5066,,,,
,,,,0.1328125,,0.9921875,,0.1536458283662796,,0.9921875,,,5067,,,,
,,,,0.23026315867900848,,0.9868420958518982,,0.17894737422466278,,0.9824561476707458,,,5068,,,,
,,,,0.0720486119389534,,0.96875,,0.06328125298023224,,0.96875,,,5069,,,,
,,,,0.0868055522441864,,0.9765625,,0.07656250149011612,,0.9921875,,,5070,,,,
,,,,0.24587911367416382,,0.9791666269302368,,0.27510684728622437,,0.9743589758872986,,,5071,,,,
,,,,0.1796875,,0.9921875,,0.18125000596046448,,0.9921875,,,5072,,,,
,,,,0.1328125,,1.0,,0.1328125,,1.0,,,5073,,,,
,,,,0.2682572901248932,,0.994949460029602,,0.23570683598518372,,0.9726575613021851,,,5074,,,,
,,,,0.1005859375,,0.984375,,0.1025390625,,0.984375,,,5075,,,,
,,,,0.0902777761220932,,0.96875,,0.103515625,,0.9765625,,,5076,,,,
,,,,0.16249999403953552,,0.9765625,,0.1770833432674408,,0.9765625,,,5077,,,,
,,,,0.1238839253783226,,0.9921875,,0.0928819477558136,,0.96875,,,5078,,,,
,,,,0.1536458283662796,,0.9921875,,0.1283482164144516,,0.984375,,,5079,,,,
,,,,0.2261689454317093,,0.9732627272605896,,0.2210669070482254,,0.956729531288147,,,5080,,,,
,,,,0.1796875,,0.9921875,,0.1227678582072258,,0.9921875,,,5081,,,,
,,,,0.109375,,0.9765625,,0.1064453125,,0.984375,,,5082,,,,
,,,,0.0954248383641243,,0.9764705896377563,,0.09019608050584793,,1.0,,,5083,,,,
163,0.8035857677459717,0.7988232374191284,0.8181626796722412,,0.9823867678642273,,0.8138866424560547,,0.9808494448661804,,,,11971,,,,
163,,,,,,,,,,,0.09413298964500427,1.4840137958526611,11971,0.5853472948074341,,0.6349167227745056,
164,,,,,,,,,,,,,11999,,0.4840472936630249,,0.5540653467178345
,,,,0.1194196417927742,,0.96875,,0.1238839253783226,,0.96875,,,5084,,,,
,,,,0.1160714253783226,,0.953125,,0.1315104216337204,,0.96875,,,5085,,,,
,,,,0.1183035746216774,,0.96875,,0.1315104216337204,,0.984375,,,5086,,,,
,,,,0.19233334064483643,,0.9919999837875366,,0.19333332777023315,,0.9839999675750732,,,5087,,,,
,,,,0.1471354216337204,,0.984375,,0.1471354216337204,,0.984375,,,5088,,,,
,,,,0.1294642835855484,,0.9921875,,0.1283482164144516,,0.984375,,,5089,,,,
,,,,0.18100807070732117,,0.9912281036376953,,0.16235031187534332,,0.9956140518188477,,,5090,,,,
,,,,0.09375,,0.984375,,0.08359374850988388,,0.9609375,,,5091,,,,
,,,,0.24013377726078033,,0.991304337978363,,0.18193981051445007,,0.9869564771652222,,,5092,,,,
,,,,0.0633680522441864,,0.984375,,0.0694444477558136,,0.9765625,,,5093,,,,
,,,,0.0616319440305233,,0.984375,,0.06875000149011612,,0.984375,,,5094,,,,
,,,,0.16324786841869354,,0.9914529919624329,,0.1741345226764679,,1.0,,,5095,,,,
,,,,0.1536458283662796,,0.9921875,,0.1283482164144516,,0.9921875,,,5096,,,,
,,,,0.1305803507566452,,1.0,,0.1103515625,,0.984375,,,5097,,,,
,,,,0.1875,,1.0,,0.1536458283662796,,0.9921875,,,5098,,,,
,,,,0.26566416025161743,,0.9912281036376953,,0.250447541475296,,0.9868420958518982,,,5099,,,,
,,,,0.07187499850988388,,0.984375,,0.06484375149011612,,0.9921875,,,5100,,,,
,,,,0.0920138880610466,,0.9921875,,0.0885416641831398,,0.9765625,,,5101,,,,
,,,,0.2532051205635071,,0.9791666269302368,,0.23855310678482056,,0.9743589758872986,,,5102,,,,
,,,,0.23828125,,1.0,,0.18593749403953552,,1.0,,,5103,,,,
,,,,0.1341145783662796,,0.9921875,,0.1328125,,1.0,,,5104,,,,
,,,,0.2773714065551758,,0.9676071405410767,,0.2363039255142212,,0.9625566005706787,,,5105,,,,
,,,,0.1149553582072258,,0.984375,,0.1005859375,,0.9921875,,,5106,,,,
,,,,0.099609375,,0.9453125,,0.099609375,,0.953125,,,5107,,,,
,,,,0.15468749403953552,,0.9609375,,0.1753472238779068,,0.9453125,,,5108,,,,
,,,,0.08124999701976776,,0.96875,,0.08203125,,0.953125,,,5109,,,,
,,,,0.1261160671710968,,0.9921875,,0.1103515625,,0.984375,,,5110,,,,
,,,,0.22142210602760315,,0.9834668040275574,,0.17052441835403442,,0.9669336080551147,,,5111,,,,
,,,,0.1103515625,,0.9921875,,0.109375,,0.9921875,,,5112,,,,
,,,,0.1216517835855484,,0.9765625,,0.10546875,,0.9765625,,,5113,,,,
,,,,0.08888889104127884,,0.9764705896377563,,0.1044117659330368,,0.9647058844566345,,,5114,,,,
164,0.8110026717185974,0.8051000833511353,0.8217899799346924,,0.982208251953125,,0.8134015202522278,,0.9788939952850342,,,,12044,,,,
164,,,,,,,,,,,0.09645161777734756,1.492254376411438,12044,0.5964109301567078,,0.6500574350357056,
165,,,,,,,,,,,,,12049,,0.6615127325057983,,0.6358115673065186
165,,,,,,,,,,,,,12099,,0.6287946701049805,,0.6793866753578186
,,,,0.0963541641831398,,0.96875,,0.14453125,,0.9765625,,,5115,,,,
,,,,0.1216517835855484,,0.9765625,,0.1171875,,0.9765625,,,5116,,,,
,,,,0.1083984375,,0.984375,,0.1419270783662796,,0.984375,,,5117,,,,
,,,,0.21980953216552734,,0.9959999918937683,,0.2697142958641052,,0.9919999837875366,,,5118,,,,
,,,,0.125,,1.0,,0.1484375,,0.984375,,,5119,,,,
,,,,0.1024305522441864,,0.9765625,,0.11328125,,0.984375,,,5120,,,,
,,,,0.19909147918224335,,0.9912281036376953,,0.15300752222537994,,0.9912281036376953,,,5121,,,,
,,,,0.1103515625,,0.9921875,,0.111328125,,0.96875,,,5122,,,,
,,,,0.2048494964838028,,0.991304337978363,,0.1820884346961975,,0.991304337978363,,,5123,,,,
,,,,0.05390625074505806,,0.9921875,,0.05390625074505806,,0.96875,,,5124,,,,
,,,,0.05703125149011612,,0.9921875,,0.06171875074505806,,0.9765625,,,5125,,,,
,,,,0.16324786841869354,,0.995726466178894,,0.16581197082996368,,1.0,,,5126,,,,
,,,,0.1549479216337204,,1.0,,0.1536458283662796,,1.0,,,5127,,,,
,,,,0.1294642835855484,,1.0,,0.1294642835855484,,1.0,,,5128,,,,
,,,,0.1123046875,,0.9921875,,0.115234375,,0.9921875,,,5129,,,,
,,,,0.2007797360420227,,0.9824561476707458,,0.22697368264198303,,0.9824561476707458,,,5130,,,,
,,,,0.06875000149011612,,0.9609375,,0.0755208358168602,,0.96875,,,5131,,,,
,,,,0.07890625298023224,,0.984375,,0.07968749850988388,,0.984375,,,5132,,,,
,,,,0.24130037426948547,,0.9791666269302368,,0.2371794879436493,,0.9487179517745972,,,5133,,,,
,,,,0.1328125,,1.0,,0.1536458283662796,,1.0,,,5134,,,,
,,,,0.1380208283662796,,0.9921875,,0.0986328125,,0.984375,,,5135,,,,
,,,,0.22271981835365295,,0.9625566005706787,,0.18856669962406158,,0.9474050998687744,,,5136,,,,
,,,,0.1005859375,,0.984375,,0.0986328125,,0.9765625,,,5137,,,,
,,,,0.0842013880610466,,0.9453125,,0.0789930522441864,,0.921875,,,5138,,,,
,,,,0.1736111044883728,,0.9765625,,0.1649305522441864,,0.96875,,,5139,,,,
,,,,0.0911458358168602,,0.9921875,,0.1044921875,,0.984375,,,5140,,,,
,,,,0.1283482164144516,,0.984375,,0.1294642835855484,,1.0,,,5141,,,,
,,,,0.1950974464416504,,0.9834668040275574,,0.1908780336380005,,0.9732627272605896,,,5142,,,,
,,,,0.103515625,,0.9921875,,0.1458333283662796,,1.0,,,5143,,,,
,,,,0.07968749850988388,,0.9765625,,0.1064453125,,0.984375,,,5144,,,,
,,,,0.09019608050584793,,0.9529411792755127,,0.11932773143053055,,0.9764705896377563,,,5145,,,,
165,0.8030613660812378,0.8005952835083008,0.8172831535339355,,0.9835269451141357,,0.8171035051345825,,0.9797417521476746,,,,12117,,,,
165,,,,,,,,,,,0.09422212839126587,1.4935252666473389,12117,0.5836982727050781,,0.6334336400032043,
166,,,,,,,,,,,,,12149,,0.5380344390869141,,0.5769646167755127
,,,,0.099609375,,0.9765625,,0.1138392835855484,,0.96875,,,5146,,,,
,,,,0.1302083283662796,,0.984375,,0.12890625,,0.9609375,,,5147,,,,
,,,,0.0876736119389534,,0.96875,,0.16249999403953552,,0.9765625,,,5148,,,,
,,,,0.20622222125530243,,0.9959999918937683,,0.20444443821907043,,0.9919999837875366,,,5149,,,,
,,,,0.1432291716337204,,0.9765625,,0.1083984375,,0.984375,,,5150,,,,
,,,,0.1294642835855484,,0.9765625,,0.1294642835855484,,0.9765625,,,5151,,,,
,,,,0.1849067211151123,,0.9956140518188477,,0.17307156324386597,,0.9868420958518982,,,5152,,,,
,,,,0.1123046875,,0.9921875,,0.09375,,0.9765625,,,5153,,,,
,,,,0.19306020438671112,,0.9956521987915039,,0.1753251552581787,,0.991304337978363,,,5154,,,,
,,,,0.05859375,,1.0,,0.0659722238779068,,0.9765625,,,5155,,,,
,,,,0.05781250074505806,,0.9921875,,0.06875000149011612,,0.984375,,,5156,,,,
,,,,0.1735042780637741,,1.0,,0.17008547484874725,,0.995726466178894,,,5157,,,,
,,,,0.1328125,,1.0,,0.18281249701976776,,1.0,,,5158,,,,
,,,,0.1536458283662796,,1.0,,0.1294642835855484,,1.0,,,5159,,,,
,,,,0.19218750298023224,,0.9921875,,0.19218750298023224,,0.984375,,,5160,,,,
,,,,0.16403508186340332,,0.969298243522644,,0.19103313982486725,,0.969298243522644,,,5161,,,,
,,,,0.05312500149011612,,0.8671875,,0.05546874925494194,,0.9296875,,,5162,,,,
,,,,0.06796874850988388,,0.9609375,,0.07187499850988388,,0.984375,,,5163,,,,
,,,,0.19070512056350708,,0.9791666269302368,,0.18349358439445496,,0.9695512652397156,,,5164,,,,
,,,,0.18437500298023224,,1.0,,0.1294642835855484,,0.9921875,,,5165,,,,
,,,,0.15781250596046448,,0.9921875,,0.12890625,,0.9921875,,,5166,,,,
,,,,0.2598397731781006,,0.9726575613021851,,0.2699407935142517,,0.9503657817840576,,,5167,,,,
,,,,0.1138392835855484,,0.9921875,,0.1194196417927742,,0.984375,,,5168,,,,
,,,,0.0966796875,,0.96875,,0.1138392835855484,,0.96875,,,5169,,,,
,,,,0.15312498807907104,,0.984375,,0.1736111044883728,,0.9765625,,,5170,,,,
,,,,0.08203125,,0.96875,,0.1044921875,,0.96875,,,5171,,,,
,,,,0.1064453125,,1.0,,0.1261160671710968,,0.984375,,,5172,,,,
,,,,0.21983984112739563,,0.9732627272605896,,0.1908780336380005,,0.9732627272605896,,,5173,,,,
,,,,0.1261160671710968,,0.9921875,,0.1044921875,,0.9921875,,,5174,,,,
,,,,0.1272321492433548,,0.9921875,,0.107421875,,0.9921875,,,5175,,,,
,,,,0.08117647469043732,,0.9882352948188782,,0.09150326997041702,,0.9647058844566345,,,5176,,,,
166,0.7913739085197449,0.7868938446044922,0.8022432327270508,,0.9817348718643188,,0.8041725158691406,,0.9780409336090088,,,,12190,,,,
166,,,,,,,,,,,0.09429140388965607,1.487532138824463,12190,0.5835675001144409,,0.6347988843917847,
167,,,,,,,,,,,,,12199,,0.5899511575698853,,0.6589550971984863
167,,,,,,,,,,,,,12249,,0.5567841529846191,,0.5979911088943481
,,,,0.1205357164144516,,0.9765625,,0.103515625,,0.953125,,,5177,,,,
,,,,0.13671875,,0.9921875,,0.1302083283662796,,0.9609375,,,5178,,,,
,,,,0.1015625,,0.9921875,,0.1354166716337204,,0.9765625,,,5179,,,,
,,,,0.19033333659172058,,0.9959999918937683,,0.18933333456516266,,0.9919999837875366,,,5180,,,,
,,,,0.171875,,1.0,,0.1796875,,0.984375,,,5181,,,,
,,,,0.1484375,,0.9921875,,0.1261160671710968,,0.9765625,,,5182,,,,
,,,,0.16722360253334045,,0.9912281036376953,,0.18374060094356537,,0.9912281036376953,,,5183,,,,
,,,,0.10546875,,0.984375,,0.1064453125,,0.984375,,,5184,,,,
,,,,0.20685619115829468,,0.9956521987915039,,0.18290598690509796,,0.9956521987915039,,,5185,,,,
,,,,0.076171875,,0.9921875,,0.0668402761220932,,0.9765625,,,5186,,,,
,,,,0.07187499850988388,,1.0,,0.06328125298023224,,0.984375,,,5187,,,,
,,,,0.19468185305595398,,0.9914529919624329,,0.18613484501838684,,1.0,,,5188,,,,
,,,,0.1283482164144516,,0.9921875,,0.1294642835855484,,0.984375,,,5189,,,,
,,,,0.111328125,,0.9921875,,0.1123046875,,0.984375,,,5190,,,,
,,,,0.115234375,,0.9921875,,0.111328125,,0.9921875,,,5191,,,,
,,,,0.24274973571300507,,0.9912281036376953,,0.22352756559848785,,0.9824561476707458,,,5192,,,,
,,,,0.06484375149011612,,0.953125,,0.06796874850988388,,0.9609375,,,5193,,,,
,,,,0.078125,,0.9765625,,0.0911458358168602,,1.0,,,5194,,,,
,,,,0.1755698025226593,,0.9647436141967773,,0.20993590354919434,,0.9599359035491943,,,5195,,,,
,,,,0.125,,1.0,,0.18281249701976776,,1.0,,,5196,,,,
,,,,0.1223958358168602,,0.9921875,,0.1116071417927742,,0.984375,,,5197,,,,
,,,,0.2004528045654297,,0.9625566005706787,,0.20297805964946747,,0.9726575613021851,,,5198,,,,
,,,,0.0986328125,,1.0,,0.0927734375,,0.9765625,,,5199,,,,
,,,,0.0807291641831398,,0.9609375,,0.07421875,,0.9609375,,,5200,,,,
,,,,0.15312500298023224,,0.9609375,,0.171875,,0.96875,,,5201,,,,
,,,,0.1005859375,,0.9765625,,0.0911458358168602,,0.9765625,,,5202,,,,
,,,,0.1238839253783226,,0.984375,,0.1510416716337204,,1.0,,,5203,,,,
,,,,0.2994488775730133,,0.9810127019882202,,0.2897184193134308,,0.9873417615890503,,,5204,,,,
,,,,0.11328125,,1.0,,0.1294642835855484,,0.9921875,,,5205,,,,
,,,,0.11328125,,0.9921875,,0.1103515625,,0.9921875,,,5206,,,,
,,,,0.11932773143053055,,0.9882352948188782,,0.10294117778539658,,0.9764705896377563,,,5207,,,,
167,0.7970279455184937,0.795645534992218,0.8121762275695801,,0.9850524067878723,,0.8112550973892212,,0.9807103872299194,,,,12263,,,,
167,,,,,,,,,,,0.09517305344343185,1.4873313903808594,12263,0.5997146964073181,,0.649165689945221,
168,,,,,,,,,,,,,12299,,0.5513218641281128,,0.582831621170044
,,,,0.1083984375,,0.9765625,,0.1183035746216774,,0.9453125,,,5208,,,,
,,,,0.1205357164144516,,0.9921875,,0.109375,,0.9765625,,,5209,,,,
,,,,0.1380208283662796,,0.9921875,,0.1127232164144516,,0.9609375,,,5210,,,,
,,,,0.22100000083446503,,0.9919999837875366,,0.22100000083446503,,0.9839999675750732,,,5211,,,,
,,,,0.1005859375,,0.9609375,,0.0920138880610466,,0.953125,,,5212,,,,
,,,,0.1183035746216774,,0.9921875,,0.1183035746216774,,0.984375,,,5213,,,,
,,,,0.15751880407333374,,0.9912281036376953,,0.1769701987504959,,0.9598997235298157,,,5214,,,,
,,,,0.1123046875,,0.9921875,,0.1103515625,,0.9921875,,,5215,,,,
,,,,0.21011705696582794,,0.9869564771652222,,0.18015608191490173,,0.9956521987915039,,,5216,,,,
,,,,0.06484375149011612,,1.0,,0.0711805522441864,,0.984375,,,5217,,,,
,,,,0.06875000149011612,,1.0,,0.0737847238779068,,0.984375,,,5218,,,,
,,,,0.17179487645626068,,1.0,,0.17008547484874725,,0.995726466178894,,,5219,,,,
,,,,0.1316964328289032,,1.0,,0.1536458283662796,,1.0,,,5220,,,,
,,,,0.1283482164144516,,0.984375,,0.1549479216337204,,0.9921875,,,5221,,,,
,,,,0.1316964328289032,,0.9921875,,0.1328125,,0.9921875,,,5222,,,,
,,,,0.259398490190506,,0.9824561476707458,,0.23026315867900848,,0.9824561476707458,,,5223,,,,
,,,,0.0798611119389534,,0.96875,,0.0763888880610466,,0.9921875,,,5224,,,,
,,,,0.0859375,,0.96875,,0.0859375,,0.9765625,,,5225,,,,
,,,,0.24267399311065674,,0.9743589758872986,,0.19991987943649292,,0.9743589758872986,,,5226,,,,
,,,,0.19062499701976776,,0.9921875,,0.15625,,0.9921875,,,5227,,,,
,,,,0.1458333283662796,,1.0,,0.13671875,,0.984375,,,5228,,,,
,,,,0.22764591872692108,,0.9797979593276978,,0.214907705783844,,0.9575060606002808,,,5229,,,,
,,,,0.0986328125,,0.984375,,0.0986328125,,0.9765625,,,5230,,,,
,,,,0.099609375,,0.96875,,0.0868055522441864,,0.984375,,,5231,,,,
,,,,0.1701388955116272,,0.9609375,,0.189453125,,0.953125,,,5232,,,,
,,,,0.103515625,,0.96875,,0.07968749850988388,,0.9765625,,,5233,,,,
,,,,0.125,,0.9765625,,0.1261160671710968,,0.9765625,,,5234,,,,
,,,,0.17713768780231476,,0.9771376848220825,,0.1766468584537506,,0.9834668040275574,,,5235,,,,
,,,,0.1103515625,,0.9921875,,0.1227678582072258,,0.9921875,,,5236,,,,
,,,,0.115234375,,0.9765625,,0.111328125,,0.9765625,,,5237,,,,
,,,,0.09852941334247589,,0.9764705896377563,,0.09019608050584793,,0.9647058844566345,,,5238,,,,
168,0.8002040982246399,0.7992381453514099,0.825605034828186,,0.9827765226364136,,0.8128159046173096,,0.978966474533081,,,,12336,,,,
168,,,,,,,,,,,0.09385479986667633,1.4760006666183472,12336,0.5812003016471863,,0.6297260522842407,
169,,,,,,,,,,,,,12349,,0.5621803402900696,,0.6446185111999512
169,,,,,,,,,,,,,12399,,0.5960836410522461,,0.6457576751708984
,,,,0.1283482164144516,,0.9609375,,0.0963541641831398,,0.9453125,,,5239,,,,
,,,,0.13671875,,0.984375,,0.1171875,,0.984375,,,5240,,,,
,,,,0.1393229216337204,,0.984375,,0.1194196417927742,,0.984375,,,5241,,,,
,,,,0.2280000001192093,,0.9880000352859497,,0.22699999809265137,,0.9839999675750732,,,5242,,,,
,,,,0.1194196417927742,,0.96875,,0.1261160671710968,,0.953125,,,5243,,,,
,,,,0.1083984375,,0.984375,,0.0946180522441864,,0.9765625,,,5244,,,,
,,,,0.15225562453269958,,0.9956140518188477,,0.16917292773723602,,0.9598997235298157,,,5245,,,,
,,,,0.1305803507566452,,0.9921875,,0.0998263880610466,,0.984375,,,5246,,,,
,,,,0.20903009176254272,,0.991304337978363,,0.19523411989212036,,0.9869564771652222,,,5247,,,,
,,,,0.06093750149011612,,0.9921875,,0.06093750149011612,,0.9765625,,,5248,,,,
,,,,0.06484375149011612,,0.9921875,,0.0755208358168602,,0.96875,,,5249,,,,
,,,,0.16923077404499054,,0.995726466178894,,0.15928515791893005,,1.0,,,5250,,,,
,,,,0.1142578125,,1.0,,0.1536458283662796,,0.9921875,,,5251,,,,
,,,,0.18593749403953552,,1.0,,0.1536458283662796,,1.0,,,5252,,,,
,,,,0.1305803507566452,,0.9921875,,0.11328125,,0.9921875,,,5253,,,,
,,,,0.2225877195596695,,0.9868420958518982,,0.22149121761322021,,0.9824561476707458,,,5254,,,,
,,,,0.0625,,0.9375,,0.0694444477558136,,0.9609375,,,5255,,,,
,,,,0.07890625298023224,,0.9609375,,0.07421875,,0.984375,,,5256,,,,
,,,,0.23672160506248474,,0.9791666269302368,,0.19471153616905212,,0.9743589758872986,,,5257,,,,
,,,,0.18906250596046448,,1.0,,0.1497395783662796,,0.9921875,,,5258,,,,
,,,,0.1194196417927742,,1.0,,0.109375,,0.984375,,,5259,,,,
,,,,0.2682572901248932,,0.9797979593276978,,0.32190874218940735,,0.9726575613021851,,,5260,,,,
,,,,0.1138392835855484,,0.984375,,0.109375,,0.984375,,,5261,,,,
,,,,0.0833333358168602,,0.96875,,0.095703125,,0.9765625,,,5262,,,,
,,,,0.15312500298023224,,0.96875,,0.1788194477558136,,0.9609375,,,5263,,,,
,,,,0.0963541641831398,,0.984375,,0.08203125,,0.9765625,,,5264,,,,
,,,,0.1294642835855484,,0.9921875,,0.109375,,0.9765625,,,5265,,,,
,,,,0.1950974464416504,,0.9771376848220825,,0.17334021627902985,,0.9669336080551147,,,5266,,,,
,,,,0.1044921875,,0.9921875,,0.140625,,0.984375,,,5267,,,,
,,,,0.1083984375,,0.9765625,,0.107421875,,0.9921875,,,5268,,,,
,,,,0.08758170157670975,,0.9764705896377563,,0.08888889104127884,,0.9764705896377563,,,5269,,,,
169,0.7984802722930908,0.7917709350585938,0.819209098815918,,0.9825139045715332,,0.8098183870315552,,0.9785873889923096,,,,12409,,,,
169,,,,,,,,,,,0.09451068192720413,1.4822345972061157,12409,0.5876426696777344,,0.6384424567222595,
170,,,,,,,,,,,,,12449,,0.6050174236297607,,0.7099742889404297
,,,,0.107421875,,0.9453125,,0.109375,,0.9453125,,,5270,,,,
,,,,0.1116071417927742,,0.984375,,0.13671875,,0.9765625,,,5271,,,,
,,,,0.1183035746216774,,0.9765625,,0.103515625,,0.9765625,,,5272,,,,
,,,,0.22600001096725464,,0.9959999918937683,,0.26171427965164185,,0.9880000352859497,,,5273,,,,
,,,,0.1005859375,,0.9765625,,0.0894097238779068,,0.9765625,,,5274,,,,
,,,,0.09375,,0.984375,,0.08359374850988388,,0.9765625,,,5275,,,,
,,,,0.20582707226276398,,0.9956140518188477,,0.19689849019050598,,0.9956140518188477,,,5276,,,,
,,,,0.1283482164144516,,0.9765625,,0.111328125,,0.984375,,,5277,,,,
,,,,0.24386048316955566,,0.991304337978363,,0.24386048316955566,,0.9869564771652222,,,5278,,,,
,,,,0.06328125298023224,,1.0,,0.0685763880610466,,0.9921875,,,5279,,,,
,,,,0.07421875,,0.9921875,,0.0798611119389534,,0.9765625,,,5280,,,,
,,,,0.16495727002620697,,0.995726466178894,,0.16153846681118011,,1.0,,,5281,,,,
,,,,0.115234375,,0.9921875,,0.15234375,,0.9921875,,,5282,,,,
,,,,0.1549479216337204,,1.0,,0.1316964328289032,,0.9921875,,,5283,,,,
,,,,0.1536458283662796,,0.984375,,0.1339285671710968,,0.984375,,,5284,,,,
,,,,0.2291666567325592,,0.9868420958518982,,0.22368422150611877,,0.9824561476707458,,,5285,,,,
,,,,0.06406249850988388,,0.9296875,,0.06718750298023224,,0.96875,,,5286,,,,
,,,,0.0842013880610466,,0.9765625,,0.0850694477558136,,0.984375,,,5287,,,,
,,,,0.2390109896659851,,0.9743589758872986,,0.2027243673801422,,0.9743589758872986,,,5288,,,,
,,,,0.1875,,1.0,,0.18593749403953552,,1.0,,,5289,,,,
,,,,0.1302083283662796,,1.0,,0.1302083283662796,,0.9921875,,,5290,,,,
,,,,0.2256058156490326,,0.9726575613021851,,0.22416281700134277,,0.9726575613021851,,,5291,,,,
,,,,0.0986328125,,0.984375,,0.0966796875,,0.9921875,,,5292,,,,
,,,,0.0868055522441864,,0.96875,,0.0966796875,,0.96875,,,5293,,,,
,,,,0.171875,,0.96875,,0.1649305522441864,,0.9609375,,,5294,,,,
,,,,0.10546875,,0.9765625,,0.07968749850988388,,0.9609375,,,5295,,,,
,,,,0.1316964328289032,,0.9921875,,0.107421875,,0.9921875,,,5296,,,,
,,,,0.21570652723312378,,0.9669336080551147,,0.21192844212055206,,0.9606045484542847,,,5297,,,,
,,,,0.0946180522441864,,0.9921875,,0.1497395783662796,,0.984375,,,5298,,,,
,,,,0.0963541641831398,,0.9765625,,0.0963541641831398,,0.96875,,,5299,,,,
,,,,0.09852941334247589,,0.9529411792755127,,0.09150326997041702,,0.9647058844566345,,,5300,,,,
170,0.802293062210083,0.7980040311813354,0.8170716166496277,,0.9809051752090454,,0.8118495345115662,,0.9791163206100464,,,,12482,,,,
170,,,,,,,,,,,0.09550858289003372,1.4733920097351074,12482,0.5855934023857117,,0.6318943500518799,
171,,,,,,,,,,,,,12499,,0.6347635984420776,,0.680415153503418
171,,,,,,,,,,,,,12549,,0.3008626103401184,,0.3808215856552124
,,,,0.1227678582072258,,0.9765625,,0.1183035746216774,,0.96875,,,5301,,,,
,,,,0.1183035746216774,,0.9765625,,0.1328125,,0.9609375,,,5302,,,,
,,,,0.1171875,,0.984375,,0.1104910746216774,,0.9765625,,,5303,,,,
,,,,0.25942856073379517,,1.0,,0.23199999332427979,,0.9919999837875366,,,5304,,,,
,,,,0.0902777761220932,,0.96875,,0.1458333283662796,,0.984375,,,5305,,,,
,,,,0.0963541641831398,,0.984375,,0.1261160671710968,,0.984375,,,5306,,,,
,,,,0.147312730550766,,0.9912281036376953,,0.17810150980949402,,0.9912281036376953,,,5307,,,,
,,,,0.107421875,,0.9765625,,0.1216517835855484,,0.96875,,,5308,,,,
,,,,0.1753251552581787,,0.991304337978363,,0.17339280247688293,,0.991304337978363,,,5309,,,,
,,,,0.0625,,0.9921875,,0.0642361119389534,,0.9921875,,,5310,,,,
,,,,0.06171875074505806,,0.984375,,0.0763888880610466,,0.9921875,,,5311,,,,
,,,,0.1567210555076599,,0.9871795177459717,,0.15757575631141663,,1.0,,,5312,,,,
,,,,0.1328125,,1.0,,0.1305803507566452,,1.0,,,5313,,,,
,,,,0.15234375,,1.0,,0.1536458283662796,,0.9921875,,,5314,,,,
,,,,0.1305803507566452,,0.984375,,0.1015625,,0.984375,,,5315,,,,
,,,,0.261904776096344,,0.9780701398849487,,0.26566416025161743,,0.9824561476707458,,,5316,,,,
,,,,0.07187499850988388,,0.921875,,0.07265625149011612,,0.9921875,,,5317,,,,
,,,,0.0894097238779068,,0.984375,,0.0920138880610466,,0.9765625,,,5318,,,,
,,,,0.30021366477012634,,0.9743589758872986,,0.2938034236431122,,0.995192289352417,,,5319,,,,
,,,,0.3125,,1.0,,0.228515625,,1.0,,,5320,,,,
,,,,0.1205357164144516,,1.0,,0.1354166716337204,,0.9921875,,,5321,,,,
,,,,0.22849181294441223,,0.9676071405410767,,0.21694780886173248,,0.9524555802345276,,,5322,,,,
,,,,0.103515625,,0.9921875,,0.1005859375,,0.9765625,,,5323,,,,
,,,,0.07421875,,0.9921875,,0.08984375,,0.953125,,,5324,,,,
,,,,0.15937499701976776,,0.9765625,,0.15000000596046448,,0.9609375,,,5325,,,,
,,,,0.111328125,,0.9921875,,0.0902777761220932,,0.9609375,,,5326,,,,
,,,,0.1316964328289032,,1.0,,0.0980902761220932,,1.0,,,5327,,,,
,,,,0.19877147674560547,,0.9834668040275574,,0.21157324314117432,,0.9771376848220825,,,5328,,,,
,,,,0.1103515625,,0.9765625,,0.125,,0.9921875,,,5329,,,,
,,,,0.09375,,0.984375,,0.107421875,,0.9765625,,,5330,,,,
,,,,0.07999999821186066,,0.9882352948188782,,0.08235294371843338,,0.9764705896377563,,,5331,,,,
171,0.7970390319824219,0.7947502136230469,0.8203408718109131,,0.9831095933914185,,0.8110518455505371,,0.9807276129722595,,,,12555,,,,
171,,,,,,,,,,,0.09271248430013657,1.4774988889694214,12555,0.5858759880065918,,0.6371240615844727,
172,,,,,,,,,,,,,12599,,0.5112316608428955,,0.5386340618133545
,,,,0.1103515625,,0.984375,,0.1083984375,,0.96875,,,5332,,,,
,,,,0.1238839253783226,,0.9921875,,0.1160714253783226,,0.984375,,,5333,,,,
,,,,0.17499999701976776,,0.9921875,,0.17343750596046448,,0.984375,,,5334,,,,
,,,,0.22600001096725464,,1.0,,0.22200000286102295,,0.9839999675750732,,,5335,,,,
,,,,0.1149553582072258,,0.9765625,,0.1149553582072258,,0.96875,,,5336,,,,
,,,,0.1272321492433548,,0.9921875,,0.10546875,,0.9765625,,,5337,,,,
,,,,0.17989417910575867,,0.9956140518188477,,0.19360902905464172,,0.9956140518188477,,,5338,,,,
,,,,0.0998263880610466,,0.9921875,,0.109375,,0.96875,,,5339,,,,
,,,,0.205936461687088,,0.9956521987915039,,0.21229097247123718,,0.991304337978363,,,5340,,,,
,,,,0.06171875074505806,,0.9921875,,0.06875000149011612,,0.9921875,,,5341,,,,
,,,,0.06328125298023224,,0.9921875,,0.0850694477558136,,0.9921875,,,5342,,,,
,,,,0.16923077404499054,,0.9871795177459717,,0.1618492603302002,,1.0,,,5343,,,,
,,,,0.1536458283662796,,1.0,,0.1305803507566452,,0.9921875,,,5344,,,,
,,,,0.11328125,,0.984375,,0.1272321492433548,,0.984375,,,5345,,,,
,,,,0.115234375,,0.9921875,,0.11328125,,0.984375,,,5346,,,,
,,,,0.26691728830337524,,0.9912281036376953,,0.22807016968727112,,0.9868420958518982,,,5347,,,,
,,,,0.07734374701976776,,0.984375,,0.0789930522441864,,0.984375,,,5348,,,,
,,,,0.0920138880610466,,0.9921875,,0.0902777761220932,,0.9921875,,,5349,,,,
,,,,0.18696580827236176,,0.9791666269302368,,0.2330586016178131,,0.995192289352417,,,5350,,,,
,,,,0.1484375,,1.0,,0.1484375,,1.0,,,5351,,,,
,,,,0.1302083283662796,,1.0,,0.1341145783662796,,0.9921875,,,5352,,,,
,,,,0.21694780886173248,,0.9696969985961914,,0.19109195470809937,,0.9676071405410767,,,5353,,,,
,,,,0.0947265625,,0.984375,,0.1025390625,,0.984375,,,5354,,,,
,,,,0.0815972238779068,,0.953125,,0.0986328125,,0.96875,,,5355,,,,
,,,,0.140625,,0.96875,,0.1684027910232544,,0.9609375,,,5356,,,,
,,,,0.0894097238779068,,0.96875,,0.1015625,,0.9609375,,,5357,,,,
,,,,0.1194196417927742,,0.9921875,,0.1025390625,,0.984375,,,5358,,,,
,,,,0.16517695784568787,,0.956729531288147,,0.18579751253128052,,0.9630586504936218,,,5359,,,,
,,,,0.1272321492433548,,0.984375,,0.1216517835855484,,0.984375,,,5360,,,,
,,,,0.0954861119389534,,0.984375,,0.1171875,,0.96875,,,5361,,,,
,,,,0.08235294371843338,,0.9529411792755127,,0.0788235291838646,,0.9411764740943909,,,5362,,,,
172,0.7974917888641357,0.7964862585067749,0.8168964385986328,,0.9846550226211548,,0.8143270015716553,,0.9801687002182007,,,,12628,,,,
172,,,,,,,,,,,0.09295273572206497,1.482154369354248,12628,0.5765317678451538,,0.6277317404747009,
173,,,,,,,,,,,,,12649,,0.575156033039093,,0.6706515550613403
173,,,,,,,,,,,,,12699,,0.5678097009658813,,0.6051138639450073
,,,,0.1171875,,0.953125,,0.1138392835855484,,0.953125,,,5363,,,,
,,,,0.109375,,0.9765625,,0.1026785746216774,,0.9609375,,,5364,,,,
,,,,0.1037946417927742,,0.96875,,0.1037946417927742,,0.9765625,,,5365,,,,
,,,,0.20711112022399902,,1.0,,0.18933333456516266,,0.9919999837875366,,,5366,,,,
,,,,0.18125000596046448,,0.9921875,,0.17499999701976776,,0.9609375,,,5367,,,,
,,,,0.1272321492433548,,0.9921875,,0.1227678582072258,,0.9921875,,,5368,,,,
,,,,0.17710945010185242,,0.9824561476707458,,0.1881265640258789,,0.9868420958518982,,,5369,,,,
,,,,0.107421875,,0.984375,,0.1044921875,,0.953125,,,5370,,,,
,,,,0.20685619115829468,,0.991304337978363,,0.20468227565288544,,0.991304337978363,,,5371,,,,
,,,,0.06328125298023224,,1.0,,0.0737847238779068,,0.9921875,,,5372,,,,
,,,,0.0703125,,1.0,,0.0947265625,,0.984375,,,5373,,,,
,,,,0.19658119976520538,,1.0,,0.18648019433021545,,1.0,,,5374,,,,
,,,,0.11328125,,1.0,,0.1294642835855484,,1.0,,,5375,,,,
,,,,0.1536458283662796,,1.0,,0.1549479216337204,,0.9921875,,,5376,,,,
,,,,0.1549479216337204,,0.984375,,0.1328125,,0.9921875,,,5377,,,,
,,,,0.26566416025161743,,0.9868420958518982,,0.26817041635513306,,0.9868420958518982,,,5378,,,,
,,,,0.07343749701976776,,0.9609375,,0.0763888880610466,,0.984375,,,5379,,,,
,,,,0.07968749850988388,,0.984375,,0.078125,,0.984375,,,5380,,,,
,,,,0.24587911367416382,,0.9791666269302368,,0.21153846383094788,,0.9791666269302368,,,5381,,,,
,,,,0.1875,,1.0,,0.18437500298023224,,1.0,,,5382,,,,
,,,,0.1341145783662796,,1.0,,0.1315104216337204,,1.0,,,5383,,,,
,,,,0.2632067799568176,,0.994949460029602,,0.22416281700134277,,0.9898989796638489,,,5384,,,,
,,,,0.109375,,0.9921875,,0.091796875,,0.9765625,,,5385,,,,
,,,,0.0850694477558136,,0.96875,,0.0833333358168602,,0.9609375,,,5386,,,,
,,,,0.1649305522441864,,0.96875,,0.1597222238779068,,0.9765625,,,5387,,,,
,,,,0.0911458358168602,,0.9765625,,0.0885416641831398,,0.9609375,,,5388,,,,
,,,,0.08515624701976776,,0.9765625,,0.09375,,0.9921875,,,5389,,,,
,,,,0.20902222394943237,,0.9873417615890503,,0.23637303709983826,,0.9873417615890503,,,5390,,,,
,,,,0.1305803507566452,,0.9921875,,0.109375,,1.0,,,5391,,,,
,,,,0.1458333283662796,,0.984375,,0.1238839253783226,,0.9765625,,,5392,,,,
,,,,0.09852941334247589,,0.9882352948188782,,0.11764705926179886,,0.9764705896377563,,,5393,,,,
173,0.7965826988220215,0.7927045822143555,0.8190402388572693,,0.9851595163345337,,0.8065842390060425,,0.9815775156021118,,,,12701,,,,
173,,,,,,,,,,,0.09251628816127777,1.4664891958236694,12701,0.5684092044830322,,0.6235544681549072,
174,,,,,,,,,,,,,12749,,0.49328404664993286,,0.5204600095748901
,,,,0.1380208283662796,,0.9609375,,0.1183035746216774,,0.9375,,,5394,,,,
,,,,0.12890625,,0.9765625,,0.1082589253783226,,0.9609375,,,5395,,,,
,,,,0.1315104216337204,,0.9765625,,0.1104910746216774,,0.9765625,,,5396,,,,
,,,,0.2605714201927185,,1.0,,0.2582857310771942,,1.0,,,5397,,,,
,,,,0.14453125,,0.9921875,,0.17499999701976776,,0.984375,,,5398,,,,
,,,,0.1261160671710968,,0.9921875,,0.1796875,,0.9921875,,,5399,,,,
,,,,0.19360902905464172,,0.9956140518188477,,0.21124237775802612,,0.9912281036376953,,,5400,,,,
,,,,0.111328125,,0.984375,,0.08359374850988388,,0.9765625,,,5401,,,,
,,,,0.24634495377540588,,0.991304337978363,,0.24491161108016968,,0.9869564771652222,,,5402,,,,
,,,,0.07421875,,1.0,,0.07109375298023224,,0.9921875,,,5403,,,,
,,,,0.0842013880610466,,1.0,,0.0859375,,0.9921875,,,5404,,,,
,,,,0.1959768682718277,,1.0,,0.17296037077903748,,1.0,,,5405,,,,
,,,,0.1283482164144516,,0.9921875,,0.1103515625,,0.9765625,,,5406,,,,
,,,,0.1261160671710968,,0.9921875,,0.1261160671710968,,0.96875,,,5407,,,,
,,,,0.109375,,0.9765625,,0.09375,,0.9921875,,,5408,,,,
,,,,0.25814536213874817,,0.9912281036376953,,0.19360902905464172,,0.9780701398849487,,,5409,,,,
,,,,0.06328125298023224,,0.96875,,0.06171875074505806,,0.984375,,,5410,,,,
,,,,0.0824652761220932,,0.96875,,0.0824652761220932,,0.9765625,,,5411,,,,
,,,,0.2312270998954773,,0.9791666269302368,,0.27617520093917847,,1.0,,,5412,,,,
,,,,0.232421875,,1.0,,0.236328125,,1.0,,,5413,,,,
,,,,0.1315104216337204,,1.0,,0.13671875,,1.0,,,5414,,,,
,,,,0.2766748070716858,,1.0,,0.23859283328056335,,0.994949460029602,,,5415,,,,
,,,,0.1015625,,0.9921875,,0.1044921875,,0.9765625,,,5416,,,,
,,,,0.095703125,,0.984375,,0.0876736119389534,,0.984375,,,5417,,,,
,,,,0.1770833283662796,,0.9609375,,0.1840277761220932,,0.9609375,,,5418,,,,
,,,,0.1044921875,,0.9765625,,0.0928819477558136,,0.9765625,,,5419,,,,
,,,,0.1238839253783226,,0.9765625,,0.107421875,,1.0,,,5420,,,,
,,,,0.22713768482208252,,0.9644794464111328,,0.21412426233291626,,0.9708086252212524,,,5421,,,,
,,,,0.1294642835855484,,0.984375,,0.1471354216337204,,0.9921875,,,5422,,,,
,,,,0.1510416716337204,,0.984375,,0.125,,0.984375,,,5423,,,,
,,,,0.14313726127147675,,0.9882352948188782,,0.14313726127147675,,0.9882352948188782,,,5424,,,,
174,0.8045772910118103,0.8043678998947144,0.8276383280754089,,0.9852344989776611,,0.8179936408996582,,0.9824060201644897,,,,12774,,,,
174,,,,,,,,,,,0.09127102792263031,1.4702081680297852,12774,0.5657181739807129,,0.6191349625587463,
175,,,,,,,,,,,,,12799,,0.6248492002487183,,0.7100797891616821
,,,,0.107421875,,0.9765625,,0.109375,,0.9609375,,,5425,,,,
,,,,0.1393229216337204,,0.984375,,0.16562500596046448,,0.9921875,,,5426,,,,
,,,,0.1227678582072258,,0.984375,,0.140625,,0.984375,,,5427,,,,
,,,,0.2280000001192093,,0.9919999837875366,,0.2240000069141388,,0.9919999837875366,,,5428,,,,
,,,,0.1354166716337204,,0.9765625,,0.1205357164144516,,0.953125,,,5429,,,,
,,,,0.09375,,0.984375,,0.1044921875,,0.984375,,,5430,,,,
,,,,0.14423559606075287,,0.9956140518188477,,0.18703007698059082,,0.9956140518188477,,,5431,,,,
,,,,0.111328125,,0.9765625,,0.0946180522441864,,0.9765625,,,5432,,,,
,,,,0.23143813014030457,,0.991304337978363,,0.20468227565288544,,0.991304337978363,,,5433,,,,
,,,,0.05859375,,0.984375,,0.0616319440305233,,0.9609375,,,5434,,,,
,,,,0.06406249850988388,,0.9921875,,0.06796874850988388,,0.96875,,,5435,,,,
,,,,0.17179487645626068,,0.9914529919624329,,0.1726495772600174,,1.0,,,5436,,,,
,,,,0.1316964328289032,,1.0,,0.1305803507566452,,1.0,,,5437,,,,
,,,,0.1305803507566452,,1.0,,0.1294642835855484,,0.9921875,,,5438,,,,
,,,,0.18906250596046448,,0.984375,,0.15625,,0.984375,,,5439,,,,
,,,,0.18100807070732117,,0.9780701398849487,,0.1858813762664795,,0.9912281036376953,,,5440,,,,
,,,,0.0729166641831398,,0.9296875,,0.06953124701976776,,0.9609375,,,5441,,,,
,,,,0.07734374701976776,,0.9453125,,0.0902777761220932,,0.96875,,,5442,,,,
,,,,0.23260071873664856,,0.9791666269302368,,0.28311964869499207,,1.0,,,5443,,,,
,,,,0.236328125,,1.0,,0.1510416716337204,,1.0,,,5444,,,,
,,,,0.1419270783662796,,1.0,,0.140625,,1.0,,,5445,,,,
,,,,0.2363039255142212,,0.994949460029602,,0.23282082378864288,,0.9747474789619446,,,5446,,,,
,,,,0.1171875,,0.9921875,,0.1216517835855484,,0.984375,,,5447,,,,
,,,,0.0859375,,0.984375,,0.07968749850988388,,0.96875,,,5448,,,,
,,,,0.16249999403953552,,0.984375,,0.1640625,,0.9609375,,,5449,,,,
,,,,0.0954861119389534,,0.984375,,0.0885416641831398,,0.9609375,,,5450,,,,
,,,,0.109375,,1.0,,0.1064453125,,0.953125,,,5451,,,,
,,,,0.18861046433448792,,0.9834668040275574,,0.1667269468307495,,0.9771376848220825,,,5452,,,,
,,,,0.1044921875,,0.984375,,0.1205357164144516,,0.9921875,,,5453,,,,
,,,,0.0920138880610466,,0.96875,,0.103515625,,0.96875,,,5454,,,,
,,,,0.07647059112787247,,0.9882352948188782,,0.10000000149011612,,0.9882352948188782,,,5455,,,,
175,0.7995762825012207,0.8026545643806458,0.8139453530311584,,0.9831231832504272,,0.8147503733634949,,0.9789559841156006,,,,12847,,,,
175,,,,,,,,,,,0.0933557078242302,1.4670109748840332,12847,0.572651743888855,,0.6314072012901306,
176,,,,,,,,,,,,,12849,,0.4608922302722931,,0.5385918617248535
176,,,,,,,,,,,,,12899,,0.7586188316345215,,0.8314650654792786
,,,,0.1064453125,,0.953125,,0.14453125,,0.9609375,,,5456,,,,
,,,,0.1354166716337204,,0.953125,,0.13671875,,0.953125,,,5457,,,,
,,,,0.1149553582072258,,0.984375,,0.1171875,,0.9921875,,,5458,,,,
,,,,0.2330000102519989,,1.0,,0.2685714364051819,,0.9959999918937683,,,5459,,,,
,,,,0.1796875,,0.9921875,,0.18125000596046448,,0.984375,,,5460,,,,
,,,,0.18437500298023224,,0.9921875,,0.1549479216337204,,0.984375,,,5461,,,,
,,,,0.16624894738197327,,0.9912281036376953,,0.18483708798885345,,0.9912281036376953,,,5462,,,,
,,,,0.107421875,,0.9765625,,0.1044921875,,0.984375,,,5463,,,,
,,,,0.23889154195785522,,0.991304337978363,,0.2473960816860199,,0.9956521987915039,,,5464,,,,
,,,,0.0737847238779068,,0.984375,,0.06093750149011612,,0.9921875,,,5465,,,,
,,,,0.0798611119389534,,1.0,,0.0755208358168602,,0.9765625,,,5466,,,,
,,,,0.17606838047504425,,1.0,,0.1726495772600174,,1.0,,,5467,,,,
,,,,0.1316964328289032,,0.9921875,,0.15234375,,0.9765625,,,5468,,,,
,,,,0.1123046875,,0.9921875,,0.1294642835855484,,0.96875,,,5469,,,,
,,,,0.18437500298023224,,0.9921875,,0.1103515625,,0.9765625,,,5470,,,,
,,,,0.3024227023124695,,0.9912281036376953,,0.21914160251617432,,0.9912281036376953,,,5471,,,,
,,,,0.0888671875,,0.96875,,0.06562499701976776,,0.984375,,,5472,,,,
,,,,0.0868055522441864,,0.9765625,,0.0966796875,,0.9921875,,,5473,,,,
,,,,0.21875,,0.9791666269302368,,0.23672160506248474,,0.9791666269302368,,,5474,,,,
,,,,0.1875,,1.0,,0.1875,,0.9921875,,,5475,,,,
,,,,0.140625,,1.0,,0.1380208283662796,,1.0,,,5476,,,,
,,,,0.27568790316581726,,0.994949460029602,,0.2723208963871002,,0.9646464586257935,,,5477,,,,
,,,,0.099609375,,0.9921875,,0.09765625,,0.9921875,,,5478,,,,
,,,,0.1116071417927742,,0.984375,,0.09765625,,0.9609375,,,5479,,,,
,,,,0.15156249701976776,,0.96875,,0.1788194477558136,,0.96875,,,5480,,,,
,,,,0.0894097238779068,,0.9765625,,0.07890625298023224,,0.96875,,,5481,,,,
,,,,0.107421875,,0.984375,,0.0920138880610466,,0.9921875,,,5482,,,,
,,,,0.21280032396316528,,0.9504004716873169,,0.2884267568588257,,0.956729531288147,,,5483,,,,
,,,,0.1064453125,,0.9921875,,0.1025390625,,0.984375,,,5484,,,,
,,,,0.1025390625,,0.96875,,0.1015625,,0.9765625,,,5485,,,,
,,,,0.10000000149011612,,0.9647058844566345,,0.10294117778539658,,0.9529411792755127,,,5486,,,,
176,0.805509090423584,0.8025981187820435,0.8265839219093323,,0.983354926109314,,0.8152238130569458,,0.9800472259521484,,,,12920,,,,
176,,,,,,,,,,,0.09222414344549179,1.4534995555877686,12920,0.5834263563156128,,0.6343680620193481,
177,,,,,,,,,,,,,12949,,0.669363260269165,,0.7397232055664062
,,,,0.1216517835855484,,0.96875,,0.1380208283662796,,0.953125,,,5487,,,,
,,,,0.1341145783662796,,0.96875,,0.109375,,0.9765625,,,5488,,,,
,,,,0.0947265625,,0.984375,,0.12890625,,0.984375,,,5489,,,,
,,,,0.22299998998641968,,0.9800000190734863,,0.2548571527004242,,1.0,,,5490,,,,
,,,,0.0927734375,,0.9765625,,0.1205357164144516,,0.984375,,,5491,,,,
,,,,0.1005859375,,0.9765625,,0.16718749701976776,,0.9765625,,,5492,,,,
,,,,0.17098301649093628,,0.9956140518188477,,0.25814536213874817,,0.9956140518188477,,,5493,,,,
,,,,0.1328125,,0.9921875,,0.1283482164144516,,0.9921875,,,5494,,,,
,,,,0.22809365391731262,,0.991304337978363,,0.18112227320671082,,0.991304337978363,,,5495,,,,
,,,,0.06484375149011612,,0.984375,,0.06796874850988388,,0.9921875,,,5496,,,,
,,,,0.06718750298023224,,1.0,,0.07109375298023224,,0.984375,,,5497,,,,
,,,,0.17008547484874725,,0.995726466178894,,0.17521367967128754,,0.995726466178894,,,5498,,,,
,,,,0.11328125,,1.0,,0.1123046875,,0.984375,,,5499,,,,
,,,,0.1123046875,,1.0,,0.111328125,,0.984375,,,5500,,,,
,,,,0.11328125,,0.984375,,0.1103515625,,0.9765625,,,5501,,,,
,,,,0.19771650433540344,,0.9956140518188477,,0.23245614767074585,,0.9912281036376953,,,5502,,,,
,,,,0.07421875,,0.984375,,0.0798611119389534,,0.984375,,,5503,,,,
,,,,0.0986328125,,0.984375,,0.09765625,,0.9921875,,,5504,,,,
,,,,0.21875,,0.9791666269302368,,0.24587911367416382,,0.9791666269302368,,,5505,,,,
,,,,0.1536458283662796,,1.0,,0.17812499403953552,,0.984375,,,5506,,,,
,,,,0.1127232164144516,,0.984375,,0.1223958358168602,,0.96875,,,5507,,,,
,,,,0.1653701663017273,,0.9474050998687744,,0.19361719489097595,,0.9646464586257935,,,5508,,,,
,,,,0.1060267835855484,,0.9765625,,0.0986328125,,0.9921875,,,5509,,,,
,,,,0.0789930522441864,,0.921875,,0.0868055522441864,,0.953125,,,5510,,,,
,,,,0.14687499403953552,,0.984375,,0.1701388955116272,,0.96875,,,5511,,,,
,,,,0.0946180522441864,,0.9921875,,0.0928819477558136,,0.984375,,,5512,,,,
,,,,0.1875,,1.0,,0.1305803507566452,,1.0,,,5513,,,,
,,,,0.20158442854881287,,0.9732627272605896,,0.29733920097351074,,0.9732627272605896,,,5514,,,,
,,,,0.1083984375,,0.9921875,,0.125,,0.984375,,,5515,,,,
,,,,0.109375,,0.9765625,,0.125,,0.984375,,,5516,,,,
,,,,0.10000000149011612,,0.9882352948188782,,0.11932773143053055,,0.9647058844566345,,,5517,,,,
177,0.8059597015380859,0.8040397763252258,0.8146140575408936,,0.9823918342590332,,0.8169265985488892,,0.9815788865089417,,,,12993,,,,
177,,,,,,,,,,,0.09365417063236237,1.4653655290603638,12993,0.5799715518951416,,0.6320784091949463,
178,,,,,,,,,,,,,12999,,0.5913529396057129,,0.691081166267395
178,,,,,,,,,,,,,13049,,0.6817460060119629,,0.8189524412155151
,,,,0.1283482164144516,,0.984375,,0.1458333283662796,,0.984375,,,5518,,,,
,,,,0.1194196417927742,,0.984375,,0.1160714253783226,,0.984375,,,5519,,,,
,,,,0.16562500596046448,,0.9921875,,0.171875,,0.9765625,,,5520,,,,
,,,,0.19822221994400024,,0.9919999837875366,,0.22299998998641968,,0.9919999837875366,,,5521,,,,
,,,,0.1025390625,,0.9609375,,0.09375,,0.953125,,,5522,,,,
,,,,0.1183035746216774,,0.984375,,0.1227678582072258,,0.9765625,,,5523,,,,
,,,,0.15664160251617432,,0.9956140518188477,,0.15751880407333374,,0.9956140518188477,,,5524,,,,
,,,,0.1316964328289032,,0.984375,,0.0998263880610466,,0.984375,,,5525,,,,
,,,,0.2177257537841797,,0.9956521987915039,,0.1877368986606598,,0.9956521987915039,,,5526,,,,
,,,,0.06796874850988388,,0.9921875,,0.087890625,,0.984375,,,5527,,,,
,,,,0.07187499850988388,,0.9921875,,0.06953124701976776,,0.96875,,,5528,,,,
,,,,0.16697746515274048,,0.995726466178894,,0.15532246232032776,,0.995726466178894,,,5529,,,,
,,,,0.1294642835855484,,1.0,,0.1510416716337204,,0.984375,,,5530,,,,
,,,,0.1272321492433548,,0.9921875,,0.1283482164144516,,0.9921875,,,5531,,,,
,,,,0.1272321492433548,,0.9921875,,0.1471354216337204,,1.0,,,5532,,,,
,,,,0.1938178688287735,,0.9912281036376953,,0.19785574078559875,,0.9780701398849487,,,5533,,,,
,,,,0.06796874850988388,,0.9765625,,0.06093750149011612,,0.9609375,,,5534,,,,
,,,,0.078125,,0.9765625,,0.07421875,,0.984375,,,5535,,,,
,,,,0.24130037426948547,,0.9791666269302368,,0.20192307233810425,,0.9791666269302368,,,5536,,,,
,,,,0.3151041567325592,,1.0,,0.18906250596046448,,1.0,,,5537,,,,
,,,,0.1354166716337204,,1.0,,0.1160714253783226,,0.984375,,,5538,,,,
,,,,0.2363039255142212,,0.982758641242981,,0.23486092686653137,,0.9898989796638489,,,5539,,,,
,,,,0.1005859375,,1.0,,0.1005859375,,0.9921875,,,5540,,,,
,,,,0.1116071417927742,,0.984375,,0.09765625,,0.96875,,,5541,,,,
,,,,0.1770833283662796,,0.9765625,,0.1805555522441864,,0.9765625,,,5542,,,,
,,,,0.08359374850988388,,0.96875,,0.0920138880610466,,0.984375,,,5543,,,,
,,,,0.1283482164144516,,0.9765625,,0.125,,0.984375,,,5544,,,,
,,,,0.19822612404823303,,0.9606045484542847,,0.19822612404823303,,0.9606045484542847,,,5545,,,,
,,,,0.1238839253783226,,0.9921875,,0.1497395783662796,,0.9921875,,,5546,,,,
,,,,0.1471354216337204,,0.9765625,,0.1083984375,,0.984375,,,5547,,,,
,,,,0.09150326997041702,,0.9529411792755127,,0.1044117659330368,,0.9411764740943909,,,5548,,,,
178,0.8116520643234253,0.8096681237220764,0.8300975561141968,,0.9852139353752136,,0.823521077632904,,0.9811963438987732,,,,13066,,,,
178,,,,,,,,,,,0.08986946940422058,1.4575395584106445,13066,0.562859058380127,,0.6155847311019897,
179,,,,,,,,,,,,,13099,,0.5842521786689758,,0.6085832715034485
,,,,0.1171875,,0.96875,,0.10546875,,0.9453125,,,5549,,,,
,,,,0.1354166716337204,,0.984375,,0.1315104216337204,,0.9609375,,,5550,,,,
,,,,0.1025390625,,0.9765625,,0.1380208283662796,,0.984375,,,5551,,,,
,,,,0.19022223353385925,,0.9959999918937683,,0.19644445180892944,,0.9880000352859497,,,5552,,,,
,,,,0.1116071417927742,,0.9375,,0.1116071417927742,,0.9375,,,5553,,,,
,,,,0.1149553582072258,,0.9765625,,0.1025390625,,0.9765625,,,5554,,,,
,,,,0.15664160251617432,,0.9598997235298157,,0.1631857454776764,,0.9824561476707458,,,5555,,,,
,,,,0.1283482164144516,,0.984375,,0.1083984375,,0.96875,,,5556,,,,
,,,,0.21229097247123718,,0.991304337978363,,0.20903009176254272,,0.97826087474823,,,5557,,,,
,,,,0.0850694477558136,,1.0,,0.06406249850988388,,0.96875,,,5558,,,,
,,,,0.07421875,,1.0,,0.0746527761220932,,0.9921875,,,5559,,,,
,,,,0.19658119976520538,,0.995726466178894,,0.16495727002620697,,1.0,,,5560,,,,
,,,,0.1536458283662796,,1.0,,0.1316964328289032,,1.0,,,5561,,,,
,,,,0.18593749403953552,,1.0,,0.18593749403953552,,1.0,,,5562,,,,
,,,,0.15625,,0.9921875,,0.1339285671710968,,0.984375,,,5563,,,,
,,,,0.21271929144859314,,0.9912281036376953,,0.16842105984687805,,0.9824561476707458,,,5564,,,,
,,,,0.078125,,0.921875,,0.06328125298023224,,0.9296875,,,5565,,,,
,,,,0.07265625149011612,,0.953125,,0.07734374701976776,,0.9453125,,,5566,,,,
,,,,0.26923078298568726,,0.9583333730697632,,0.22939559817314148,,0.9583333730697632,,,5567,,,,
,,,,0.3151041567325592,,1.0,,0.3098958432674408,,1.0,,,5568,,,,
,,,,0.16875000298023224,,1.0,,0.16718749701976776,,1.0,,,5569,,,,
,,,,0.2531057596206665,,0.9848484992980957,,0.22271981835365295,,0.9575060606002808,,,5570,,,,
,,,,0.1263020783662796,,0.984375,,0.1071428582072258,,0.9765625,,,5571,,,,
,,,,0.1071428582072258,,0.9609375,,0.1104910746216774,,0.9765625,,,5572,,,,
,,,,0.1484375,,0.96875,,0.171875,,0.9609375,,,5573,,,,
,,,,0.0920138880610466,,0.9765625,,0.0911458358168602,,0.96875,,,5574,,,,
,,,,0.11328125,,1.0,,0.1083984375,,0.984375,,,5575,,,,
,,,,0.28713512420654297,,0.9732627272605896,,0.21315550804138184,,0.9669336080551147,,,5576,,,,
,,,,0.1205357164144516,,0.9921875,,0.1160714253783226,,0.9921875,,,5577,,,,
,,,,0.1238839253783226,,0.984375,,0.1064453125,,0.9765625,,,5578,,,,
,,,,0.08758170157670975,,0.9764705896377563,,0.10000000149011612,,1.0,,,5579,,,,
179,0.7963283658027649,0.795086145401001,0.8093421459197998,,0.9812284708023071,,0.8006172776222229,,0.9741735458374023,,,,13139,,,,
179,,,,,,,,,,,0.09157294780015945,1.4571783542633057,13139,0.570119321346283,,0.6245113015174866,
180,,,,,,,,,,,,,13149,,0.6660919189453125,,0.6860477924346924
180,,,,,,,,,,,,,13199,,0.5408004522323608,,0.6066957116127014
,,,,0.1238839253783226,,0.9609375,,0.1216517835855484,,0.9609375,,,5580,,,,
,,,,0.1380208283662796,,0.984375,,0.1149553582072258,,0.96875,,,5581,,,,
,,,,0.1640625,,0.984375,,0.208984375,,0.9765625,,,5582,,,,
,,,,0.22600001096725464,,0.9919999837875366,,0.22999998927116394,,0.9919999837875366,,,5583,,,,
,,,,0.1005859375,,0.984375,,0.10546875,,0.96875,,,5584,,,,
,,,,0.1194196417927742,,0.984375,,0.10546875,,0.9921875,,,5585,,,,
,,,,0.185776948928833,,0.9956140518188477,,0.2200143188238144,,0.9956140518188477,,,5586,,,,
,,,,0.111328125,,0.9921875,,0.109375,,0.9921875,,,5587,,,,
,,,,0.24510271847248077,,0.9956521987915039,,0.23287147283554077,,0.9956521987915039,,,5588,,,,
,,,,0.0833333358168602,,0.9921875,,0.06328125298023224,,0.9609375,,,5589,,,,
,,,,0.0868055522441864,,1.0,,0.06953124701976776,,0.9765625,,,5590,,,,
,,,,0.20483683049678802,,1.0,,0.1519036591053009,,0.9871795177459717,,,5591,,,,
,,,,0.0946180522441864,,0.9765625,,0.0954861119389534,,0.9921875,,,5592,,,,
,,,,0.109375,,0.9765625,,0.109375,,0.9921875,,,5593,,,,
,,,,0.0859375,,0.96875,,0.0989583358168602,,0.984375,,,5594,,,,
,,,,0.18685603141784668,,0.9555137753486633,,0.17080199718475342,,0.9868420958518982,,,5595,,,,
,,,,0.06796874850988388,,0.953125,,0.07187499850988388,,0.9609375,,,5596,,,,
,,,,0.07421875,,0.984375,,0.0868055522441864,,0.9921875,,,5597,,,,
,,,,0.20753204822540283,,0.9647436141967773,,0.20873397588729858,,0.9647436141967773,,,5598,,,,
,,,,0.1497395783662796,,1.0,,0.18281249701976776,,0.984375,,,5599,,,,
,,,,0.1276041716337204,,1.0,,0.109375,,0.984375,,,5600,,,,
,,,,0.2632067799568176,,0.9747474789619446,,0.2682572901248932,,0.9575060606002808,,,5601,,,,
,,,,0.099609375,,0.984375,,0.1005859375,,0.9921875,,,5602,,,,
,,,,0.0927734375,,0.953125,,0.09765625,,0.9765625,,,5603,,,,
,,,,0.15625,,0.9765625,,0.1788194477558136,,0.9609375,,,5604,,,,
,,,,0.1015625,,0.984375,,0.0911458358168602,,0.96875,,,5605,,,,
,,,,0.1484375,,0.984375,,0.1510416716337204,,0.9921875,,,5606,,,,
,,,,0.19455207884311676,,0.9936708807945251,,0.1908780336380005,,0.9732627272605896,,,5607,,,,
,,,,0.1283482164144516,,1.0,,0.14453125,,0.9921875,,,5608,,,,
,,,,0.109375,,0.984375,,0.1083984375,,0.9765625,,,5609,,,,
,,,,0.09150326997041702,,0.9764705896377563,,0.1044117659330368,,0.9882352948188782,,,5610,,,,
180,0.805132269859314,0.8030743598937988,0.820388913154602,,0.9826821088790894,,0.8177764415740967,,0.9791885614395142,,,,13212,,,,
180,,,,,,,,,,,0.09120611846446991,1.4558005332946777,13212,0.5671954154968262,,0.6197519302368164,
181,,,,,,,,,,,,,13249,,0.6965883374214172,,0.7261974811553955
,,,,0.14453125,,0.9765625,,0.21484375,,0.953125,,,5611,,,,
,,,,0.1328125,,0.984375,,0.1328125,,0.984375,,,5612,,,,
,,,,0.205078125,,0.9765625,,0.16718749701976776,,0.9765625,,,5613,,,,
,,,,0.23100000619888306,,1.0,,0.2605714201927185,,0.9959999918937683,,,5614,,,,
,,,,0.10546875,,0.96875,,0.1083984375,,0.9453125,,,5615,,,,
,,,,0.1238839253783226,,0.9921875,,0.1432291716337204,,0.984375,,,5616,,,,
,,,,0.2212674617767334,,0.9912281036376953,,0.21750804781913757,,0.9956140518188477,,,5617,,,,
,,,,0.11328125,,0.984375,,0.0980902761220932,,0.984375,,,5618,,,,
,,,,0.24386048316955566,,0.991304337978363,,0.17725752294063568,,0.9956521987915039,,,5619,,,,
,,,,0.05859375,,0.9921875,,0.076171875,,0.984375,,,5620,,,,
,,,,0.06406249850988388,,1.0,,0.07187499850988388,,0.96875,,,5621,,,,
,,,,0.16526806354522705,,1.0,,0.18553052842617035,,1.0,,,5622,,,,
,,,,0.1294642835855484,,0.9921875,,0.1497395783662796,,0.9921875,,,5623,,,,
,,,,0.1261160671710968,,0.9921875,,0.1294642835855484,,0.9921875,,,5624,,,,
,,,,0.1305803507566452,,0.9921875,,0.1294642835855484,,0.9921875,,,5625,,,,
,,,,0.2225877195596695,,0.9824561476707458,,0.22368422150611877,,0.9868420958518982,,,5626,,,,
,,,,0.0720486119389534,,0.953125,,0.0737847238779068,,0.9609375,,,5627,,,,
,,,,0.0859375,,0.96875,,0.0947265625,,0.9765625,,,5628,,,,
,,,,0.17628204822540283,,0.9743589758872986,,0.19871795177459717,,0.990384578704834,,,5629,,,,
,,,,0.17656250298023224,,1.0,,0.1510416716337204,,0.9921875,,,5630,,,,
,,,,0.1116071417927742,,0.9921875,,0.1138392835855484,,0.984375,,,5631,,,,
,,,,0.23918992280960083,,0.994949460029602,,0.19688262045383453,,0.9797979593276978,,,5632,,,,
,,,,0.0894097238779068,,0.9921875,,0.0986328125,,0.984375,,,5633,,,,
,,,,0.0885416641831398,,0.9765625,,0.08046875149011612,,0.9765625,,,5634,,,,
,,,,0.1770833283662796,,0.96875,,0.1753472089767456,,0.9375,,,5635,,,,
,,,,0.0894097238779068,,0.984375,,0.07968749850988388,,0.984375,,,5636,,,,
,,,,0.107421875,,0.9921875,,0.1015625,,0.96875,,,5637,,,,
,,,,0.25013840198516846,,0.9771376848220825,,0.18838083744049072,,0.9771376848220825,,,5638,,,,
,,,,0.1123046875,,1.0,,0.15234375,,0.984375,,,5639,,,,
,,,,0.115234375,,0.984375,,0.1103515625,,0.984375,,,5640,,,,
,,,,0.10735294222831726,,0.9764705896377563,,0.14313726127147675,,0.9647058844566345,,,5641,,,,
181,0.8046330213546753,0.7986837029457092,0.8187052011489868,,0.9849534630775452,,0.8150670528411865,,0.9789550304412842,,,,13285,,,,
181,,,,,,,,,,,0.08988165855407715,1.4529377222061157,13285,0.5660018920898438,,0.621680498123169,
182,,,,,,,,,,,,,13299,,0.43330326676368713,,0.4803825318813324
182,,,,,,,,,,,,,13349,,0.5583452582359314,,0.6113885641098022
,,,,0.1341145783662796,,0.953125,,0.1341145783662796,,0.953125,,,5642,,,,
,,,,0.0927734375,,0.9765625,,0.1049107164144516,,0.9765625,,,5643,,,,
,,,,0.09375,,0.9609375,,0.12890625,,0.9609375,,,5644,,,,
,,,,0.2605714201927185,,0.9959999918937683,,0.25600001215934753,,0.9880000352859497,,,5645,,,,
,,,,0.1044921875,,0.9609375,,0.1171875,,0.9765625,,,5646,,,,
,,,,0.1194196417927742,,0.9921875,,0.1005859375,,0.9921875,,,5647,,,,
,,,,0.16917292773723602,,0.9598997235298157,,0.18483708798885345,,0.9598997235298157,,,5648,,,,
,,,,0.1471354216337204,,0.9921875,,0.1205357164144516,,0.984375,,,5649,,,,
,,,,0.20685619115829468,,0.9869564771652222,,0.19289296865463257,,0.991304337978363,,,5650,,,,
,,,,0.0755208358168602,,0.9921875,,0.0869140625,,0.9765625,,,5651,,,,
,,,,0.07265625149011612,,1.0,,0.07265625149011612,,0.96875,,,5652,,,,
,,,,0.17606838047504425,,0.995726466178894,,0.17777778208255768,,1.0,,,5653,,,,
,,,,0.1536458283662796,,1.0,,0.1536458283662796,,1.0,,,5654,,,,
,,,,0.1536458283662796,,1.0,,0.15234375,,1.0,,,5655,,,,
,,,,0.1549479216337204,,0.9921875,,0.1549479216337204,,1.0,,,5656,,,,
,,,,0.2466881424188614,,0.9824561476707458,,0.22368422150611877,,0.9868420958518982,,,5657,,,,
,,,,0.06718750298023224,,0.9609375,,0.06796874850988388,,0.9921875,,,5658,,,,
,,,,0.07656250149011612,,0.9765625,,0.07656250149011612,,1.0,,,5659,,,,
,,,,0.2745726704597473,,0.9791666269302368,,0.2697649598121643,,0.9743589758872986,,,5660,,,,
,,,,0.1484375,,1.0,,0.1497395783662796,,1.0,,,5661,,,,
,,,,0.16249999403953552,,0.9921875,,0.1149553582072258,,0.984375,,,5662,,,,
,,,,0.28242191672325134,,0.9898989796638489,,0.2118164300918579,,0.9625566005706787,,,5663,,,,
,,,,0.1216517835855484,,0.96875,,0.103515625,,0.96875,,,5664,,,,
,,,,0.1025390625,,0.96875,,0.0894097238779068,,0.9765625,,,5665,,,,
,,,,0.205078125,,0.96875,,0.19921875,,0.953125,,,5666,,,,
,,,,0.0902777761220932,,0.9765625,,0.1005859375,,0.96875,,,5667,,,,
,,,,0.109375,,0.9765625,,0.1083984375,,0.96875,,,5668,,,,
,,,,0.2166752815246582,,0.9873417615890503,,0.243606299161911,,0.9873417615890503,,,5669,,,,
,,,,0.1123046875,,1.0,,0.1261160671710968,,1.0,,,5670,,,,
,,,,0.1142578125,,0.984375,,0.125,,0.9765625,,,5671,,,,
,,,,0.08235294371843338,,1.0,,0.13921569287776947,,0.9764705896377563,,,5672,,,,
182,0.8037537336349487,0.8029434680938721,0.8214467763900757,,0.9827423095703125,,0.8112812042236328,,0.980952262878418,,,,13358,,,,
182,,,,,,,,,,,0.09100882709026337,1.457940936088562,13358,0.5600422024726868,,0.6115735173225403,
183,,,,,,,,,,,,,13399,,0.49925822019577026,,0.5359194278717041
,,,,0.1419270783662796,,0.9765625,,0.1064453125,,0.9609375,,,5673,,,,
,,,,0.1227678582072258,,0.9921875,,0.1171875,,0.984375,,,5674,,,,
,,,,0.1393229216337204,,0.9921875,,0.21484375,,0.984375,,,5675,,,,
,,,,0.22600001096725464,,0.9919999837875366,,0.25942856073379517,,0.9800000190734863,,,5676,,,,
,,,,0.0894097238779068,,0.953125,,0.07968749850988388,,0.9609375,,,5677,,,,
,,,,0.1025390625,,0.984375,,0.1160714253783226,,0.984375,,,5678,,,,
,,,,0.20802006125450134,,0.9956140518188477,,0.18906641006469727,,0.9912281036376953,,,5679,,,,
,,,,0.11328125,,0.9921875,,0.08828125149011612,,0.9921875,,,5680,,,,
,,,,0.259818434715271,,0.991304337978363,,0.21229097247123718,,0.9956521987915039,,,5681,,,,
,,,,0.06953124701976776,,0.9921875,,0.06562499701976776,,0.984375,,,5682,,,,
,,,,0.07109375298023224,,0.9921875,,0.07109375298023224,,0.96875,,,5683,,,,
,,,,0.16697746515274048,,0.995726466178894,,0.1618492603302002,,1.0,,,5684,,,,
,,,,0.0963541641831398,,0.9765625,,0.1294642835855484,,0.984375,,,5685,,,,
,,,,0.1083984375,,0.9765625,,0.1272321492433548,,1.0,,,5686,,,,
,,,,0.125,,0.984375,,0.1272321492433548,,1.0,,,5687,,,,
,,,,0.21679198741912842,,0.9868420958518982,,0.19771650433540344,,0.9868420958518982,,,5688,,,,
,,,,0.06953124701976776,,0.9609375,,0.06640625,,0.96875,,,5689,,,,
,,,,0.08046875149011612,,0.984375,,0.07890625298023224,,0.9921875,,,5690,,,,
,,,,0.21233974397182465,,0.9791666269302368,,0.2111378163099289,,0.9791666269302368,,,5691,,,,
,,,,0.236328125,,1.0,,0.1875,,0.9921875,,,5692,,,,
,,,,0.1171875,,1.0,,0.1183035746216774,,1.0,,,5693,,,,
,,,,0.19361719489097595,,0.9676071405410767,,0.19361719489097595,,0.977708101272583,,,5694,,,,
,,,,0.1149553582072258,,0.984375,,0.099609375,,0.984375,,,5695,,,,
,,,,0.07656250149011612,,0.96875,,0.0833333358168602,,0.9765625,,,5696,,,,
,,,,0.1805555522441864,,0.96875,,0.1753472238779068,,0.9765625,,,5697,,,,
,,,,0.0946180522441864,,0.9921875,,0.109375,,0.96875,,,5698,,,,
,,,,0.1283482164144516,,1.0,,0.1261160671710968,,0.9921875,,,5699,,,,
,,,,0.22264918684959412,,0.9669336080551147,,0.2194846272468567,,0.9732627272605896,,,5700,,,,
,,,,0.1261160671710968,,1.0,,0.1261160671710968,,0.9921875,,,5701,,,,
,,,,0.1484375,,0.9765625,,0.09375,,0.96875,,,5702,,,,
,,,,0.09150326997041702,,0.9647058844566345,,0.08117647469043732,,0.9529411792755127,,,5703,,,,
183,0.8077883124351501,0.8101640343666077,0.8311201930046082,,0.9833440780639648,,0.8208727836608887,,0.9821900129318237,,,,13431,,,,
183,,,,,,,,,,,0.0912368968129158,1.4499009847640991,13431,0.5557222962379456,,0.6119064688682556,
184,,,,,,,,,,,,,13449,,0.512055516242981,,0.6141051650047302
184,,,,,,,,,,,,,13499,,0.5770574808120728,,0.7026277780532837
,,,,0.17343750596046448,,0.9765625,,0.125,,0.96875,,,5704,,,,
,,,,0.1393229216337204,,0.984375,,0.1354166716337204,,0.984375,,,5705,,,,
,,,,0.16562500596046448,,0.9765625,,0.17499999701976776,,0.984375,,,5706,,,,
,,,,0.18577778339385986,,0.9839999675750732,,0.21599999070167542,,0.9919999837875366,,,5707,,,,
,,,,0.087890625,,0.9375,,0.07656250149011612,,0.9609375,,,5708,,,,
,,,,0.1071428582072258,,0.9609375,,0.0986328125,,0.9609375,,,5709,,,,
,,,,0.13521304726600647,,0.9598997235298157,,0.15135058760643005,,0.9956140518188477,,,5710,,,,
,,,,0.0998263880610466,,0.984375,,0.08828125149011612,,0.9765625,,,5711,,,,
,,,,0.3002229630947113,,0.991304337978363,,0.28015607595443726,,0.9956521987915039,,,5712,,,,
,,,,0.0815972238779068,,0.9921875,,0.06484375149011612,,0.984375,,,5713,,,,
,,,,0.0842013880610466,,1.0,,0.0703125,,0.9609375,,,5714,,,,
,,,,0.1678321659564972,,1.0,,0.1627039611339569,,0.9871795177459717,,,5715,,,,
,,,,0.15234375,,1.0,,0.0998263880610466,,0.9921875,,,5716,,,,
,,,,0.1123046875,,1.0,,0.1305803507566452,,0.9921875,,,5717,,,,
,,,,0.1316964328289032,,0.9921875,,0.0998263880610466,,1.0,,,5718,,,,
,,,,0.2136591374874115,,0.9868420958518982,,0.21585212647914886,,0.9824561476707458,,,5719,,,,
,,,,0.0633680522441864,,0.9609375,,0.06562499701976776,,0.9765625,,,5720,,,,
,,,,0.078125,,0.9765625,,0.0842013880610466,,0.9921875,,,5721,,,,
,,,,0.3192307949066162,,0.9791666269302368,,0.24130037426948547,,0.9791666269302368,,,5722,,,,
,,,,0.18281249701976776,,1.0,,0.15234375,,1.0,,,5723,,,,
,,,,0.1380208283662796,,0.9921875,,0.1160714253783226,,0.9921875,,,5724,,,,
,,,,0.2699407935142517,,0.9726575613021851,,0.26924416422843933,,1.0,,,5725,,,,
,,,,0.1205357164144516,,0.984375,,0.140625,,0.9765625,,,5726,,,,
,,,,0.095703125,,0.9609375,,0.1025390625,,0.984375,,,5727,,,,
,,,,0.1953125,,0.9609375,,0.1805555522441864,,0.953125,,,5728,,,,
,,,,0.103515625,,0.9921875,,0.1015625,,0.9765625,,,5729,,,,
,,,,0.1261160671710968,,0.984375,,0.0954861119389534,,0.9921875,,,5730,,,,
,,,,0.19822612404823303,,0.9873417615890503,,0.1667269468307495,,0.9669336080551147,,,5731,,,,
,,,,0.1497395783662796,,0.9921875,,0.109375,,0.984375,,,5732,,,,
,,,,0.1261160671710968,,0.9765625,,0.09375,,0.9765625,,,5733,,,,
,,,,0.09281045943498611,,0.9647058844566345,,0.08758170157670975,,0.9411764740943909,,,5734,,,,
184,0.8019663095474243,0.7999919652938843,0.8142268657684326,,0.9814866781234741,,0.811509370803833,,0.9806194305419922,,,,13504,,,,
184,,,,,,,,,,,0.09132516384124756,1.4487504959106445,13504,0.5567837357521057,,0.6110899448394775,
185,,,,,,,,,,,,,13549,,0.7072532773017883,,0.7789992094039917
,,,,0.1216517835855484,,0.9609375,,0.140625,,0.9609375,,,5735,,,,
,,,,0.1393229216337204,,0.9921875,,0.15937499701976776,,0.984375,,,5736,,,,
,,,,0.1328125,,0.9765625,,0.1302083283662796,,0.9921875,,,5737,,,,
,,,,0.25942856073379517,,0.9959999918937683,,0.22299998998641968,,0.9919999837875366,,,5738,,,,
,,,,0.103515625,,0.984375,,0.1005859375,,0.9765625,,,5739,,,,
,,,,0.125,,0.9765625,,0.17499999701976776,,0.984375,,,5740,,,,
,,,,0.17307156324386597,,0.9912281036376953,,0.1701475977897644,,0.9956140518188477,,,5741,,,,
,,,,0.0989583358168602,,0.984375,,0.0972222238779068,,0.984375,,,5742,,,,
,,,,0.2475872039794922,,0.991304337978363,,0.25484949350357056,,0.9956521987915039,,,5743,,,,
,,,,0.0720486119389534,,0.9921875,,0.0789930522441864,,0.984375,,,5744,,,,
,,,,0.0737847238779068,,0.9921875,,0.0807291641831398,,0.9765625,,,5745,,,,
,,,,0.16837607324123383,,0.995726466178894,,0.18173184990882874,,1.0,,,5746,,,,
,,,,0.0980902761220932,,1.0,,0.111328125,,0.984375,,,5747,,,,
,,,,0.15234375,,1.0,,0.1471354216337204,,0.9921875,,,5748,,,,
,,,,0.1283482164144516,,0.9765625,,0.1272321492433548,,0.984375,,,5749,,,,
,,,,0.20911654829978943,,0.9912281036376953,,0.20692355930805206,,0.9824561476707458,,,5750,,,,
,,,,0.06484375149011612,,0.9765625,,0.06718750298023224,,0.9609375,,,5751,,,,
,,,,0.0885416641831398,,0.9765625,,0.0885416641831398,,0.9765625,,,5752,,,,
,,,,0.27617520093917847,,0.9791666269302368,,0.27510684728622437,,0.9791666269302368,,,5753,,,,
,,,,0.1283482164144516,,1.0,,0.1497395783662796,,1.0,,,5754,,,,
,,,,0.1419270783662796,,0.9921875,,0.1171875,,1.0,,,5755,,,,
,,,,0.2256058156490326,,0.994949460029602,,0.2256058156490326,,1.0,,,5756,,,,
,,,,0.1227678582072258,,0.9765625,,0.10546875,,0.9921875,,,5757,,,,
,,,,0.0876736119389534,,0.9765625,,0.1127232164144516,,0.9765625,,,5758,,,,
,,,,0.16093750298023224,,0.96875,,0.16562500596046448,,0.953125,,,5759,,,,
,,,,0.1183035746216774,,0.9921875,,0.0859375,,0.9765625,,,5760,,,,
,,,,0.0954861119389534,,1.0,,0.1064453125,,0.9921875,,,5761,,,,
,,,,0.2033066302537918,,0.9771376848220825,,0.19455207884311676,,0.9732627272605896,,,5762,,,,
,,,,0.1272321492433548,,0.9921875,,0.1484375,,0.9765625,,,5763,,,,
,,,,0.111328125,,0.984375,,0.1083984375,,0.9765625,,,5764,,,,
,,,,0.09150326997041702,,0.9764705896377563,,0.09019608050584793,,0.9764705896377563,,,5765,,,,
185,0.8071581125259399,0.8070152997970581,0.8241472244262695,,0.985471248626709,,0.8166692852973938,,0.98297119140625,,,,13577,,,,
185,,,,,,,,,,,0.09155254065990448,1.440162181854248,13577,0.5544819831848145,,0.6091883182525635,
186,,,,,,,,,,,,,13599,,0.5338941216468811,,0.5692099332809448
186,,,,,,,,,,,,,13649,,0.4430418610572815,,0.4629373252391815
,,,,0.1216517835855484,,0.96875,,0.1227678582072258,,0.984375,,,5766,,,,
,,,,0.16718749701976776,,0.984375,,0.1640625,,0.9765625,,,5767,,,,
,,,,0.1380208283662796,,0.9921875,,0.2109375,,0.9765625,,,5768,,,,
,,,,0.22200000286102295,,0.9839999675750732,,0.22299998998641968,,0.9760000109672546,,,5769,,,,
,,,,0.0911458358168602,,0.96875,,0.099609375,,0.96875,,,5770,,,,
,,,,0.08437500149011612,,0.9921875,,0.1194196417927742,,0.984375,,,5771,,,,
,,,,0.16597047448158264,,0.9598997235298157,,0.20211242139339447,,0.9912281036376953,,,5772,,,,
,,,,0.0998263880610466,,0.984375,,0.0989583358168602,,0.9765625,,,5773,,,,
,,,,0.2488294243812561,,0.991304337978363,,0.2048494964838028,,0.9956521987915039,,,5774,,,,
,,,,0.07265625149011612,,1.0,,0.06640625,,0.984375,,,5775,,,,
,,,,0.07265625149011612,,0.984375,,0.07656250149011612,,0.9765625,,,5776,,,,
,,,,0.16697746515274048,,1.0,,0.15532246232032776,,0.995726466178894,,,5777,,,,
,,,,0.11328125,,0.9921875,,0.11328125,,0.9921875,,,5778,,,,
,,,,0.1316964328289032,,0.9921875,,0.1497395783662796,,1.0,,,5779,,,,
,,,,0.15625,,0.984375,,0.1549479216337204,,0.9921875,,,5780,,,,
,,,,0.2202380895614624,,0.9868420958518982,,0.19186854362487793,,0.9780701398849487,,,5781,,,,
,,,,0.06562499701976776,,0.984375,,0.06562499701976776,,0.9765625,,,5782,,,,
,,,,0.0842013880610466,,0.96875,,0.08046875149011612,,1.0,,,5783,,,,
,,,,0.20993590354919434,,0.9743589758872986,,0.20232371985912323,,0.9599359035491943,,,5784,,,,
,,,,0.18125000596046448,,1.0,,0.1796875,,1.0,,,5785,,,,
,,,,0.1341145783662796,,0.9921875,,0.1328125,,0.9921875,,,5786,,,,
,,,,0.251422256231308,,0.994949460029602,,0.21550479531288147,,0.9726575613021851,,,5787,,,,
,,,,0.1049107164144516,,0.9921875,,0.1116071417927742,,0.9765625,,,5788,,,,
,,,,0.0789930522441864,,0.96875,,0.0908203125,,0.9453125,,,5789,,,,
,,,,0.171875,,0.9765625,,0.1753472238779068,,0.96875,,,5790,,,,
,,,,0.0894097238779068,,0.9921875,,0.0911458358168602,,0.984375,,,5791,,,,
,,,,0.1123046875,,1.0,,0.1294642835855484,,0.9765625,,,5792,,,,
,,,,0.2188710868358612,,0.9771376848220825,,0.18947157263755798,,0.9669336080551147,,,5793,,,,
,,,,0.1510416716337204,,0.9921875,,0.1484375,,0.9921875,,,5794,,,,
,,,,0.1283482164144516,,0.9921875,,0.1103515625,,0.9765625,,,5795,,,,
,,,,0.1044117659330368,,0.9647058844566345,,0.10735294222831726,,0.9764705896377563,,,5796,,,,
186,0.8032554388046265,0.8141157031059265,0.8237737417221069,,0.9852484464645386,,0.8177007436752319,,0.9796959161758423,,,,13650,,,,
186,,,,,,,,,,,0.08936859667301178,1.431774377822876,13650,0.5606016516685486,,0.6157098412513733,
187,,,,,,,,,,,,,13699,,0.5777018070220947,,0.6065801382064819
,,,,0.1227678582072258,,0.96875,,0.1183035746216774,,0.9609375,,,5797,,,,
,,,,0.1419270783662796,,0.9921875,,0.1328125,,0.9765625,,,5798,,,,
,,,,0.1393229216337204,,0.9921875,,0.16093750298023224,,0.9921875,,,5799,,,,
,,,,0.2628571391105652,,1.0,,0.26171427965164185,,0.9880000352859497,,,5800,,,,
,,,,0.1025390625,,1.0,,0.1044921875,,0.9765625,,,5801,,,,
,,,,0.1393229216337204,,0.9921875,,0.16562500596046448,,0.9921875,,,5802,,,,
,,,,0.1611528843641281,,0.9912281036376953,,0.16722360253334045,,0.9912281036376953,,,5803,,,,
,,,,0.0946180522441864,,0.984375,,0.08359374850988388,,0.984375,,,5804,,,,
,,,,0.25609174370765686,,0.9869564771652222,,0.21011705696582794,,0.9869564771652222,,,5805,,,,
,,,,0.0720486119389534,,0.9921875,,0.0711805522441864,,0.9765625,,,5806,,,,
,,,,0.0789930522441864,,0.9921875,,0.0824652761220932,,0.9765625,,,5807,,,,
,,,,0.16612276434898376,,1.0,,0.16526806354522705,,1.0,,,5808,,,,
,,,,0.0998263880610466,,0.984375,,0.1283482164144516,,0.9921875,,,5809,,,,
,,,,0.1283482164144516,,1.0,,0.1305803507566452,,1.0,,,5810,,,,
,,,,0.0972222238779068,,0.9921875,,0.1305803507566452,,1.0,,,5811,,,,
,,,,0.22352756559848785,,0.9912281036376953,,0.26691728830337524,,0.9824561476707458,,,5812,,,,
,,,,0.07187499850988388,,0.9609375,,0.0842013880610466,,0.96875,,,5813,,,,
,,,,0.07890625298023224,,0.96875,,0.0876736119389534,,0.96875,,,5814,,,,
,,,,0.30715811252593994,,0.9695512652397156,,0.20232371985912323,,0.9695512652397156,,,5815,,,,
,,,,0.236328125,,1.0,,0.18437500298023224,,1.0,,,5816,,,,
,,,,0.140625,,1.0,,0.1380208283662796,,1.0,,,5817,,,,
,,,,0.23918992280960083,,0.9848484992980957,,0.2270488142967224,,0.9848484992980957,,,5818,,,,
,,,,0.1082589253783226,,0.984375,,0.1082589253783226,,0.9921875,,,5819,,,,
,,,,0.07734374701976776,,0.9609375,,0.0947265625,,0.9609375,,,5820,,,,
,,,,0.1614583432674408,,0.9765625,,0.1666666567325592,,0.9609375,,,5821,,,,
,,,,0.0894097238779068,,0.9765625,,0.0885416641831398,,0.9609375,,,5822,,,,
,,,,0.11328125,,0.9765625,,0.1103515625,,0.984375,,,5823,,,,
,,,,0.2172888219356537,,0.9834668040275574,,0.2454146146774292,,0.9606045484542847,,,5824,,,,
,,,,0.1305803507566452,,1.0,,0.1305803507566452,,0.984375,,,5825,,,,
,,,,0.1294642835855484,,0.984375,,0.1103515625,,0.984375,,,5826,,,,
,,,,0.1260504275560379,,0.9647058844566345,,0.11932773143053055,,0.9764705896377563,,,5827,,,,
187,0.8057005405426025,0.8127857446670532,0.829928994178772,,0.9850047826766968,,0.8186400532722473,,0.9803822636604309,,,,13723,,,,
187,,,,,,,,,,,0.09060464054346085,1.4469177722930908,13723,0.5502055287361145,,0.6030935645103455,
188,,,,,,,,,,,,,13749,,0.5817603468894958,,0.6553031206130981
,,,,0.1005859375,,0.9609375,,0.1025390625,,0.953125,,,5828,,,,
,,,,0.1015625,,0.984375,,0.1127232164144516,,0.96875,,,5829,,,,
,,,,0.095703125,,0.9765625,,0.1116071417927742,,0.96875,,,5830,,,,
,,,,0.25371429324150085,,0.9919999837875366,,0.2582857310771942,,0.9919999837875366,,,5831,,,,
,,,,0.103515625,,0.9765625,,0.1238839253783226,,0.984375,,,5832,,,,
,,,,0.1064453125,,0.9921875,,0.1103515625,,0.9765625,,,5833,,,,
,,,,0.15831243991851807,,0.9956140518188477,,0.21374864876270294,,0.9912281036376953,,,5834,,,,
,,,,0.08437500149011612,,0.984375,,0.08437500149011612,,0.9921875,,,5835,,,,
,,,,0.2511228024959564,,0.9869564771652222,,0.23889154195785522,,0.991304337978363,,,5836,,,,
,,,,0.07343749701976776,,1.0,,0.06406249850988388,,0.9609375,,,5837,,,,
,,,,0.0859375,,0.9921875,,0.0798611119389534,,0.9765625,,,5838,,,,
,,,,0.17435897886753082,,0.9914529919624329,,0.17094017565250397,,1.0,,,5839,,,,
,,,,0.111328125,,0.9921875,,0.111328125,,0.984375,,,5840,,,,
,,,,0.1510416716337204,,0.984375,,0.1272321492433548,,0.984375,,,5841,,,,
,,,,0.1283482164144516,,0.9921875,,0.1272321492433548,,0.9921875,,,5842,,,,
,,,,0.1928432136774063,,0.9912281036376953,,0.21021303534507751,,0.9956140518188477,,,5843,,,,
,,,,0.06093750149011612,,0.9609375,,0.06718750298023224,,0.984375,,,5844,,,,
,,,,0.0798611119389534,,0.9765625,,0.0876736119389534,,0.9921875,,,5845,,,,
,,,,0.24084249138832092,,0.9791666269302368,,0.2847222089767456,,0.990384578704834,,,5846,,,,
,,,,0.18437500298023224,,1.0,,0.18593749403953552,,1.0,,,5847,,,,
,,,,0.140625,,1.0,,0.140625,,1.0,,,5848,,,,
,,,,0.26727038621902466,,0.9676071405410767,,0.22849181294441223,,0.9625566005706787,,,5849,,,,
,,,,0.1138392835855484,,0.984375,,0.1025390625,,1.0,,,5850,,,,
,,,,0.0966796875,,0.9765625,,0.1138392835855484,,0.9921875,,,5851,,,,
,,,,0.1788194477558136,,0.9765625,,0.16562500596046448,,0.96875,,,5852,,,,
,,,,0.0954861119389534,,0.9921875,,0.08359374850988388,,0.96875,,,5853,,,,
,,,,0.1339285671710968,,1.0,,0.11328125,,0.9765625,,,5854,,,,
,,,,0.2602871060371399,,0.9732627272605896,,0.1922845095396042,,0.9669336080551147,,,5855,,,,
,,,,0.1064453125,,1.0,,0.111328125,,0.9921875,,,5856,,,,
,,,,0.1142578125,,0.9765625,,0.1238839253783226,,0.984375,,,5857,,,,
,,,,0.10294117778539658,,0.9764705896377563,,0.10882353037595749,,0.9764705896377563,,,5858,,,,
188,0.810132622718811,0.8150312900543213,0.8198394775390625,,0.9844669103622437,,0.8210799694061279,,0.9818938970565796,,,,13796,,,,
188,,,,,,,,,,,0.0909450501203537,1.4447907209396362,13796,0.5597606301307678,,0.616483747959137,
189,,,,,,,,,,,,,13799,,0.504511833190918,,0.5694918036460876
189,,,,,,,,,,,,,13849,,0.5393214225769043,,0.5898765325546265
,,,,0.1354166716337204,,0.9765625,,0.1149553582072258,,0.953125,,,5859,,,,
,,,,0.1160714253783226,,0.984375,,0.15468749403953552,,0.984375,,,5860,,,,
,,,,0.1341145783662796,,0.9765625,,0.1328125,,0.9765625,,,5861,,,,
,,,,0.26742857694625854,,0.9959999918937683,,0.2290000021457672,,0.9919999837875366,,,5862,,,,
,,,,0.1272321492433548,,1.0,,0.1497395783662796,,0.9765625,,,5863,,,,
,,,,0.1272321492433548,,0.9921875,,0.140625,,0.9921875,,,5864,,,,
,,,,0.1701475977897644,,0.9868420958518982,,0.18374060094356537,,0.9912281036376953,,,5865,,,,
,,,,0.0946180522441864,,0.9765625,,0.1044921875,,0.9609375,,,5866,,,,
,,,,0.18966928124427795,,0.9869564771652222,,0.20903009176254272,,0.9869564771652222,,,5867,,,,
,,,,0.0755208358168602,,1.0,,0.0755208358168602,,0.9921875,,,5868,,,,
,,,,0.0789930522441864,,1.0,,0.0868055522441864,,0.984375,,,5869,,,,
,,,,0.17435897886753082,,0.9914529919624329,,0.17435897886753082,,1.0,,,5870,,,,
,,,,0.0989583358168602,,1.0,,0.1123046875,,0.984375,,,5871,,,,
,,,,0.115234375,,1.0,,0.1328125,,1.0,,,5872,,,,
,,,,0.1123046875,,0.9921875,,0.1328125,,0.9921875,,,5873,,,,
,,,,0.250447541475296,,0.9912281036376953,,0.2606516480445862,,0.9868420958518982,,,5874,,,,
,,,,0.0703125,,0.953125,,0.06718750298023224,,0.9765625,,,5875,,,,
,,,,0.07890625298023224,,0.96875,,0.0885416641831398,,0.96875,,,5876,,,,
,,,,0.20673076808452606,,0.9743589758872986,,0.27831196784973145,,0.9695512652397156,,,5877,,,,
,,,,0.18437500298023224,,1.0,,0.228515625,,0.9921875,,,5878,,,,
,,,,0.12109375,,1.0,,0.1104910746216774,,0.9921875,,,5879,,,,
,,,,0.2221226990222931,,0.977708101272583,,0.19540229439735413,,0.9848484992980957,,,5880,,,,
,,,,0.1005859375,,1.0,,0.087890625,,0.984375,,,5881,,,,
,,,,0.0824652761220932,,0.96875,,0.087890625,,0.96875,,,5882,,,,
,,,,0.1631944477558136,,0.96875,,0.1597222089767456,,0.9609375,,,5883,,,,
,,,,0.0920138880610466,,0.9765625,,0.0911458358168602,,0.96875,,,5884,,,,
,,,,0.1103515625,,0.9921875,,0.109375,,0.984375,,,5885,,,,
,,,,0.25013840198516846,,0.9873417615890503,,0.2447134405374527,,0.9644794464111328,,,5886,,,,
,,,,0.1305803507566452,,1.0,,0.1497395783662796,,0.9921875,,,5887,,,,
,,,,0.11328125,,0.9765625,,0.107421875,,0.9765625,,,5888,,,,
,,,,0.12100840359926224,,0.9882352948188782,,0.10588235408067703,,0.9764705896377563,,,5889,,,,
189,0.8006395101547241,0.8011060357093811,0.8213164806365967,,0.9856159687042236,,0.8101826906204224,,0.9798164367675781,,,,13869,,,,
189,,,,,,,,,,,0.09069432318210602,1.4371254444122314,13869,0.5481898784637451,,0.6031128764152527,
190,,,,,,,,,,,,,13899,,0.6058700084686279,,0.6212216019630432
,,,,0.1205357164144516,,0.9765625,,0.1064453125,,0.96875,,,5890,,,,
,,,,0.1183035746216774,,0.984375,,0.1354166716337204,,0.953125,,,5891,,,,
,,,,0.1149553582072258,,0.9921875,,0.1025390625,,0.9609375,,,5892,,,,
,,,,0.2628571391105652,,0.9919999837875366,,0.22999998927116394,,0.9800000190734863,,,5893,,,,
,,,,0.1064453125,,0.9765625,,0.1064453125,,0.9765625,,,5894,,,,
,,,,0.0980902761220932,,0.9921875,,0.0954861119389534,,0.984375,,,5895,,,,
,,,,0.17599552869796753,,0.9912281036376953,,0.19141604006290436,,0.9956140518188477,,,5896,,,,
,,,,0.0980902761220932,,0.984375,,0.0954861119389534,,0.984375,,,5897,,,,
,,,,0.2048494964838028,,0.9869564771652222,,0.18015608191490173,,0.991304337978363,,,5898,,,,
,,,,0.05703125149011612,,0.9921875,,0.05703125149011612,,0.9765625,,,5899,,,,
,,,,0.06171875074505806,,0.984375,,0.0746527761220932,,0.9765625,,,5900,,,,
,,,,0.17008547484874725,,0.9871795177459717,,0.15843045711517334,,1.0,,,5901,,,,
,,,,0.15625,,1.0,,0.11328125,,1.0,,,5902,,,,
,,,,0.15625,,1.0,,0.1283482164144516,,0.9921875,,,5903,,,,
,,,,0.1575520783662796,,1.0,,0.1316964328289032,,1.0,,,5904,,,,
,,,,0.20911654829978943,,0.9912281036376953,,0.24167561531066895,,0.9824561476707458,,,5905,,,,
,,,,0.0763888880610466,,0.9609375,,0.06562499701976776,,0.9453125,,,5906,,,,
,,,,0.0859375,,0.96875,,0.0842013880610466,,0.9765625,,,5907,,,,
,,,,0.20392628014087677,,0.9743589758872986,,0.23855310678482056,,0.9743589758872986,,,5908,,,,
,,,,0.107421875,,1.0,,0.1497395783662796,,0.9921875,,,5909,,,,
,,,,0.125,,1.0,,0.16249999403953552,,1.0,,,5910,,,,
,,,,0.26013004779815674,,0.977708101272583,,0.23137781023979187,,0.9676071405410767,,,5911,,,,
,,,,0.103515625,,0.9921875,,0.1194196417927742,,0.984375,,,5912,,,,
,,,,0.0850694477558136,,0.984375,,0.0868055522441864,,0.9765625,,,5913,,,,
,,,,0.15468749403953552,,0.984375,,0.1770833283662796,,0.96875,,,5914,,,,
,,,,0.1064453125,,0.984375,,0.103515625,,0.96875,,,5915,,,,
,,,,0.1294642835855484,,1.0,,0.1497395783662796,,0.984375,,,5916,,,,
,,,,0.2210669070482254,,0.9834668040275574,,0.21693360805511475,,0.9732627272605896,,,5917,,,,
,,,,0.1216517835855484,,1.0,,0.17812499403953552,,0.9921875,,,5918,,,,
,,,,0.1044921875,,0.9765625,,0.1216517835855484,,0.9765625,,,5919,,,,
,,,,0.10000000149011612,,0.9882352948188782,,0.14509804546833038,,0.9882352948188782,,,5920,,,,
190,0.8058255314826965,0.8040022850036621,0.815960168838501,,0.9863777160644531,,0.8153358697891235,,0.9793774485588074,,,,13942,,,,
190,,,,,,,,,,,0.09044363349676132,1.4347174167633057,13942,0.5553003549575806,,0.6143942475318909,
191,,,,,,,,,,,,,13949,,0.624008059501648,,0.6975976228713989
191,,,,,,,,,,,,,13999,,0.5729460716247559,,0.5974403023719788
,,,,0.14453125,,0.9765625,,0.171875,,0.9765625,,,5921,,,,
,,,,0.1419270783662796,,0.9921875,,0.16562500596046448,,0.9765625,,,5922,,,,
,,,,0.1194196417927742,,0.9765625,,0.1432291716337204,,0.96875,,,5923,,,,
,,,,0.22499999403953552,,0.9919999837875366,,0.25028571486473083,,0.9839999675750732,,,5924,,,,
,,,,0.103515625,,0.9921875,,0.1149553582072258,,0.96875,,,5925,,,,
,,,,0.1005859375,,0.9765625,,0.09765625,,0.9765625,,,5926,,,,
,,,,0.153132826089859,,0.9555137753486633,,0.189223051071167,,0.9868420958518982,,,5927,,,,
,,,,0.0963541641831398,,0.9765625,,0.0894097238779068,,0.96875,,,5928,,,,
,,,,0.21120402216911316,,0.991304337978363,,0.21011705696582794,,0.9869564771652222,,,5929,,,,
,,,,0.0849609375,,1.0,,0.0791015625,,0.96875,,,5930,,,,
,,,,0.06796874850988388,,1.0,,0.0772569477558136,,0.96875,,,5931,,,,
,,,,0.17179487645626068,,0.995726466178894,,0.17793318629264832,,1.0,,,5932,,,,
,,,,0.1536458283662796,,1.0,,0.1536458283662796,,0.9921875,,,5933,,,,
,,,,0.18281249701976776,,1.0,,0.1510416716337204,,1.0,,,5934,,,,
,,,,0.1316964328289032,,0.9921875,,0.1536458283662796,,1.0,,,5935,,,,
,,,,0.23773720860481262,,0.9912281036376953,,0.25814536213874817,,0.9912281036376953,,,5936,,,,
,,,,0.06875000149011612,,0.9765625,,0.083984375,,0.9765625,,,5937,,,,
,,,,0.07734374701976776,,0.9765625,,0.0859375,,0.96875,,,5938,,,,
,,,,0.2729700803756714,,0.9791666269302368,,0.2339743673801422,,1.0,,,5939,,,,
,,,,0.1497395783662796,,1.0,,0.1497395783662796,,1.0,,,5940,,,,
,,,,0.16875000298023224,,1.0,,0.1160714253783226,,0.9921875,,,5941,,,,
,,,,0.27162426710128784,,0.977708101272583,,0.2342638224363327,,0.9898989796638489,,,5942,,,,
,,,,0.0986328125,,0.984375,,0.09765625,,0.9765625,,,5943,,,,
,,,,0.09765625,,0.984375,,0.0824652761220932,,0.984375,,,5944,,,,
,,,,0.171875,,0.9609375,,0.1701388955116272,,0.953125,,,5945,,,,
,,,,0.08203125,,0.984375,,0.1005859375,,0.9609375,,,5946,,,,
,,,,0.0980902761220932,,1.0,,0.10546875,,0.9609375,,,5947,,,,
,,,,0.19963258504867554,,0.9834668040275574,,0.19541318714618683,,0.9606045484542847,,,5948,,,,
,,,,0.1272321492433548,,0.9921875,,0.1575520783662796,,0.9921875,,,5949,,,,
,,,,0.0963541641831398,,0.984375,,0.1272321492433548,,0.9921875,,,5950,,,,
,,,,0.13921569287776947,,0.9647058844566345,,0.1764705926179886,,0.9764705896377563,,,5951,,,,
191,0.8067235350608826,0.8050582408905029,0.8219454288482666,,0.9864321351051331,,0.8118579983711243,,0.9790246486663818,,,,14015,,,,
191,,,,,,,,,,,0.08994892984628677,1.4204436540603638,14015,0.5529292225837708,,0.6112760305404663,
192,,,,,,,,,,,,,14049,,0.5066883563995361,,0.5507838726043701
,,,,0.1238839253783226,,0.96875,,0.1419270783662796,,0.9765625,,,5952,,,,
,,,,0.1419270783662796,,0.984375,,0.15937499701976776,,0.96875,,,5953,,,,
,,,,0.1393229216337204,,0.984375,,0.203125,,0.953125,,,5954,,,,
,,,,0.26171427965164185,,0.9919999837875366,,0.2280000001192093,,0.9880000352859497,,,5955,,,,
,,,,0.1064453125,,0.9921875,,0.107421875,,0.9921875,,,5956,,,,
,,,,0.1238839253783226,,0.9921875,,0.1083984375,,0.9765625,,,5957,,,,
,,,,0.16513505578041077,,0.9956140518188477,,0.18139097094535828,,0.9956140518188477,,,5958,,,,
,,,,0.1083984375,,0.984375,,0.0946180522441864,,0.984375,,,5959,,,,
,,,,0.20903009176254272,,0.9826086759567261,,0.1867707073688507,,0.991304337978363,,,5960,,,,
,,,,0.0720486119389534,,1.0,,0.0720486119389534,,0.9765625,,,5961,,,,
,,,,0.06953124701976776,,0.9921875,,0.07578124850988388,,0.96875,,,5962,,,,
,,,,0.15928515791893005,,0.995726466178894,,0.15757575631141663,,0.995726466178894,,,5963,,,,
,,,,0.1283482164144516,,0.9921875,,0.1510416716337204,,0.9921875,,,5964,,,,
,,,,0.1328125,,0.9921875,,0.1316964328289032,,0.9921875,,,5965,,,,
,,,,0.1283482164144516,,0.984375,,0.1536458283662796,,0.9921875,,,5966,,,,
,,,,0.2477622628211975,,0.9956140518188477,,0.2213345766067505,,0.9912281036376953,,,5967,,,,
,,,,0.0824652761220932,,0.9921875,,0.0807291641831398,,1.0,,,5968,,,,
,,,,0.0902777761220932,,0.9921875,,0.0885416641831398,,0.9765625,,,5969,,,,
,,,,0.21274039149284363,,0.9791666269302368,,0.23992674052715302,,0.9791666269302368,,,5970,,,,
,,,,0.11328125,,1.0,,0.1272321492433548,,1.0,,,5971,,,,
,,,,0.1138392835855484,,0.9921875,,0.1171875,,0.9921875,,,5972,,,,
,,,,0.26489028334617615,,0.9625566005706787,,0.2235656976699829,,0.9726575613021851,,,5973,,,,
,,,,0.099609375,,0.9765625,,0.1015625,,0.984375,,,5974,,,,
,,,,0.0842013880610466,,0.96875,,0.0966796875,,0.9765625,,,5975,,,,
,,,,0.15625,,0.9609375,,0.1770833283662796,,0.9609375,,,5976,,,,
,,,,0.0928819477558136,,0.96875,,0.0902777761220932,,0.96875,,,5977,,,,
,,,,0.1283482164144516,,0.9921875,,0.109375,,0.96875,,,5978,,,,
,,,,0.19541318714618683,,0.9834668040275574,,0.19173914194107056,,0.9708086252212524,,,5979,,,,
,,,,0.111328125,,0.9921875,,0.111328125,,0.9921875,,,5980,,,,
,,,,0.0989583358168602,,0.984375,,0.1238839253783226,,0.9765625,,,5981,,,,
,,,,0.10588235408067703,,0.9529411792755127,,0.1044117659330368,,0.9882352948188782,,,5982,,,,
192,0.80530846118927,0.8046112656593323,0.8268721699714661,,0.9845362901687622,,0.821743369102478,,0.981429934501648,,,,14088,,,,
192,,,,,,,,,,,0.09011701494455338,1.4245103597640991,14088,0.5580621361732483,,0.6127021908760071,
193,,,,,,,,,,,,,14099,,0.635777473449707,,0.6009839773178101
193,,,,,,,,,,,,,14149,,0.5703788995742798,,0.6729692220687866
,,,,0.1025390625,,0.96875,,0.0946180522441864,,0.9453125,,,5983,,,,
,,,,0.1116071417927742,,0.9296875,,0.1393229216337204,,0.9453125,,,5984,,,,
,,,,0.1302083283662796,,0.9609375,,0.16249999403953552,,0.9609375,,,5985,,,,
,,,,0.2548571527004242,,0.9959999918937683,,0.22100000083446503,,0.9839999675750732,,,5986,,,,
,,,,0.1419270783662796,,0.9765625,,0.10546875,,0.9453125,,,5987,,,,
,,,,0.1205357164144516,,0.9921875,,0.099609375,,0.984375,,,5988,,,,
,,,,0.21482276916503906,,0.9598997235298157,,0.1802944839000702,,0.9956140518188477,,,5989,,,,
,,,,0.111328125,,0.9921875,,0.107421875,,0.984375,,,5990,,,,
,,,,0.24510271847248077,,0.991304337978363,,0.24013377726078033,,0.9956521987915039,,,5991,,,,
,,,,0.07109375298023224,,1.0,,0.06640625,,0.9921875,,,5992,,,,
,,,,0.06953124701976776,,1.0,,0.0807291641831398,,0.984375,,,5993,,,,
,,,,0.17435897886753082,,1.0,,0.1726495772600174,,1.0,,,5994,,,,
,,,,0.1536458283662796,,0.9921875,,0.15234375,,0.9921875,,,5995,,,,
,,,,0.15234375,,1.0,,0.1549479216337204,,1.0,,,5996,,,,
,,,,0.1305803507566452,,0.9921875,,0.1328125,,0.9921875,,,5997,,,,
,,,,0.25313282012939453,,0.9868420958518982,,0.21929824352264404,,0.9868420958518982,,,5998,,,,
,,,,0.06562499701976776,,0.96875,,0.0720486119389534,,0.9765625,,,5999,,,,
,,,,0.0859375,,0.984375,,0.0842013880610466,,0.9765625,,,6000,,,,
,,,,0.24084249138832092,,0.9791666269302368,,0.23260071873664856,,0.9791666269302368,,,6001,,,,
,,,,0.3177083432674408,,1.0,,0.2265625,,0.9921875,,,6002,,,,
,,,,0.1419270783662796,,1.0,,0.1328125,,1.0,,,6003,,,,
,,,,0.23197492957115173,,0.9898989796638489,,0.27568790316581726,,0.9726575613021851,,,6004,,,,
,,,,0.109375,,0.984375,,0.1005859375,,0.9921875,,,6005,,,,
,,,,0.109375,,0.9765625,,0.0986328125,,0.984375,,,6006,,,,
,,,,0.15781250596046448,,0.9765625,,0.171875,,0.9609375,,,6007,,,,
,,,,0.0894097238779068,,0.984375,,0.08046875149011612,,0.9609375,,,6008,,,,
,,,,0.1283482164144516,,1.0,,0.1064453125,,0.9765625,,,6009,,,,
,,,,0.22458666563034058,,0.9732627272605896,,0.2172888219356537,,0.9732627272605896,,,6010,,,,
,,,,0.1261160671710968,,0.9921875,,0.1471354216337204,,0.9921875,,,6011,,,,
,,,,0.125,,0.984375,,0.107421875,,0.9765625,,,6012,,,,
,,,,0.09150326997041702,,0.9529411792755127,,0.11596638709306717,,0.9764705896377563,,,6013,,,,
193,0.7971020936965942,0.8007974028587341,0.8228253126144409,,0.9842121601104736,,0.8125958442687988,,0.979619026184082,,,,14161,,,,
193,,,,,,,,,,,0.0898365005850792,1.4331254959106445,14161,0.5475981831550598,,0.6044510006904602,
194,,,,,,,,,,,,,14199,,0.4771110713481903,,0.49511778354644775
,,,,0.228515625,,0.9765625,,0.23046875,,0.9765625,,,6014,,,,
,,,,0.14453125,,0.984375,,0.1393229216337204,,0.984375,,,6015,,,,
,,,,0.17499999701976776,,0.9921875,,0.171875,,0.9921875,,,6016,,,,
,,,,0.19822221994400024,,0.9919999837875366,,0.22299998998641968,,0.9959999918937683,,,6017,,,,
,,,,0.1194196417927742,,0.9609375,,0.1238839253783226,,0.9609375,,,6018,,,,
,,,,0.0928819477558136,,0.9921875,,0.1044921875,,0.984375,,,6019,,,,
,,,,0.16012251377105713,,0.9912281036376953,,0.19016291201114655,,0.9956140518188477,,,6020,,,,
,,,,0.0998263880610466,,0.9921875,,0.0998263880610466,,0.984375,,,6021,,,,
,,,,0.21663880348205566,,0.991304337978363,,0.18402081727981567,,0.991304337978363,,,6022,,,,
,,,,0.05546874925494194,,0.984375,,0.06015624850988388,,0.984375,,,6023,,,,
,,,,0.06328125298023224,,0.9921875,,0.06718750298023224,,0.96875,,,6024,,,,
,,,,0.18613484501838684,,0.9914529919624329,,0.16013985872268677,,0.9914529919624329,,,6025,,,,
,,,,0.15625,,1.0,,0.1536458283662796,,1.0,,,6026,,,,
,,,,0.1328125,,1.0,,0.1305803507566452,,0.984375,,,6027,,,,
,,,,0.15625,,0.9921875,,0.1305803507566452,,1.0,,,6028,,,,
,,,,0.17619046568870544,,0.9912281036376953,,0.18393205106258392,,0.9912281036376953,,,6029,,,,
,,,,0.078125,,0.96875,,0.06953124701976776,,0.9609375,,,6030,,,,
,,,,0.07968749850988388,,0.9921875,,0.0850694477558136,,0.9921875,,,6031,,,,
,,,,0.22035256028175354,,0.9791666269302368,,0.21514423191547394,,0.9791666269302368,,,6032,,,,
,,,,0.1875,,1.0,,0.234375,,1.0,,,6033,,,,
,,,,0.1393229216337204,,1.0,,0.1160714253783226,,0.9921875,,,6034,,,,
,,,,0.19235457479953766,,0.9726575613021851,,0.17098185420036316,,0.9575060606002808,,,6035,,,,
,,,,0.1082589253783226,,0.984375,,0.0842013880610466,,0.9921875,,,6036,,,,
,,,,0.0869140625,,0.96875,,0.0850694477558136,,0.9609375,,,6037,,,,
,,,,0.1649305522441864,,0.9765625,,0.1753472238779068,,0.9765625,,,6038,,,,
,,,,0.0920138880610466,,0.984375,,0.1005859375,,0.9765625,,,6039,,,,
,,,,0.1261160671710968,,1.0,,0.1227678582072258,,0.9921875,,,6040,,,,
,,,,0.25013840198516846,,0.9732627272605896,,0.2166752815246582,,0.9771376848220825,,,6041,,,,
,,,,0.1272321492433548,,1.0,,0.1471354216337204,,0.9921875,,,6042,,,,
,,,,0.1123046875,,0.9765625,,0.125,,0.9765625,,,6043,,,,
,,,,0.09150326997041702,,0.9764705896377563,,0.0941176488995552,,0.9764705896377563,,,6044,,,,
194,0.8095507621765137,0.8079783916473389,0.8218878507614136,,0.9860004186630249,,0.8208087682723999,,0.9829999208450317,,,,14234,,,,
194,,,,,,,,,,,0.08834473043680191,1.4244033098220825,14234,0.5409424901008606,,0.59632807970047,
195,,,,,,,,,,,,,14249,,0.4750329852104187,,0.5333405137062073
195,,,,,,,,,,,,,14299,,0.5465912818908691,,0.6327298879623413
,,,,0.1015625,,0.9765625,,0.1044921875,,0.96875,,,6045,,,,
,,,,0.1127232164144516,,0.9765625,,0.1116071417927742,,0.96875,,,6046,,,,
,,,,0.1393229216337204,,0.984375,,0.16249999403953552,,0.984375,,,6047,,,,
,,,,0.23100000619888306,,0.9959999918937683,,0.23100000619888306,,1.0,,,6048,,,,
,,,,0.14453125,,0.96875,,0.1471354216337204,,1.0,,,6049,,,,
,,,,0.0998263880610466,,0.9921875,,0.1283482164144516,,0.984375,,,6050,,,,
,,,,0.189223051071167,,0.9912281036376953,,0.21374864876270294,,0.9912281036376953,,,6051,,,,
,,,,0.08671875298023224,,0.984375,,0.0946180522441864,,0.96875,,,6052,,,,
,,,,0.23764930665493011,,0.9869564771652222,,0.2005016803741455,,0.9826086759567261,,,6053,,,,
,,,,0.05859375,,0.9921875,,0.0651041641831398,,0.96875,,,6054,,,,
,,,,0.06718750298023224,,0.984375,,0.06718750298023224,,0.9765625,,,6055,,,,
,,,,0.17094017565250397,,0.995726466178894,,0.18173184990882874,,0.995726466178894,,,6056,,,,
,,,,0.1549479216337204,,1.0,,0.1316964328289032,,0.9921875,,,6057,,,,
,,,,0.18437500298023224,,0.9921875,,0.1123046875,,0.984375,,,6058,,,,
,,,,0.0972222238779068,,1.0,,0.1294642835855484,,1.0,,,6059,,,,
,,,,0.20467835664749146,,0.9956140518188477,,0.26817041635513306,,0.9868420958518982,,,6060,,,,
,,,,0.0927734375,,0.9765625,,0.0842013880610466,,0.9921875,,,6061,,,,
,,,,0.0885416641831398,,0.9921875,,0.0876736119389534,,1.0,,,6062,,,,
,,,,0.21033653616905212,,0.9743589758872986,,0.2135416567325592,,0.9791666269302368,,,6063,,,,
,,,,0.23828125,,1.0,,0.19062499701976776,,1.0,,,6064,,,,
,,,,0.1354166716337204,,1.0,,0.1380208283662796,,1.0,,,6065,,,,
,,,,0.28004181385040283,,0.982758641242981,,0.2011929601430893,,0.9676071405410767,,,6066,,,,
,,,,0.1205357164144516,,0.984375,,0.1005859375,,0.984375,,,6067,,,,
,,,,0.103515625,,0.984375,,0.0868055522441864,,0.9765625,,,6068,,,,
,,,,0.16718749701976776,,0.96875,,0.1822916567325592,,0.9453125,,,6069,,,,
,,,,0.1044921875,,0.9765625,,0.08203125,,0.96875,,,6070,,,,
,,,,0.1294642835855484,,1.0,,0.1261160671710968,,0.9921875,,,6071,,,,
,,,,0.2194846272468567,,0.9732627272605896,,0.22300440073013306,,0.9732627272605896,,,6072,,,,
,,,,0.1083984375,,0.9921875,,0.1216517835855484,,1.0,,,6073,,,,
,,,,0.107421875,,0.984375,,0.109375,,0.96875,,,6074,,,,
,,,,0.10147058963775635,,0.9764705896377563,,0.10294117778539658,,0.9647058844566345,,,6075,,,,
195,0.820051372051239,0.8124829530715942,0.8276464939117432,,0.9863927364349365,,0.825157880783081,,0.9823371171951294,,,,14307,,,,
195,,,,,,,,,,,0.08746621012687683,1.4267444610595703,14307,0.5415287613868713,,0.6000680327415466,
196,,,,,,,,,,,,,14349,,0.46321406960487366,,0.5021235346794128
,,,,0.1171875,,0.96875,,0.1064453125,,0.953125,,,6076,,,,
,,,,0.1104910746216774,,0.96875,,0.1071428582072258,,0.953125,,,6077,,,,
,,,,0.1315104216337204,,0.96875,,0.1341145783662796,,0.9765625,,,6078,,,,
,,,,0.19644445180892944,,0.9880000352859497,,0.22600001096725464,,0.9919999837875366,,,6079,,,,
,,,,0.1044921875,,0.96875,,0.1238839253783226,,0.96875,,,6080,,,,
,,,,0.1341145783662796,,0.984375,,0.1025390625,,0.9921875,,,6081,,,,
,,,,0.18796992301940918,,0.9956140518188477,,0.19799497723579407,,0.9956140518188477,,,6082,,,,
,,,,0.0963541641831398,,0.9921875,,0.08671875298023224,,0.984375,,,6083,,,,
,,,,0.2475872039794922,,0.9956521987915039,,0.21864548325538635,,0.9956521987915039,,,6084,,,,
,,,,0.06875000149011612,,0.9921875,,0.06484375149011612,,0.953125,,,6085,,,,
,,,,0.07500000298023224,,1.0,,0.0746527761220932,,0.9609375,,,6086,,,,
,,,,0.17606838047504425,,1.0,,0.1558663547039032,,0.995726466178894,,,6087,,,,
,,,,0.1162109375,,1.0,,0.15234375,,0.9921875,,,6088,,,,
,,,,0.1339285671710968,,1.0,,0.1305803507566452,,0.9921875,,,6089,,,,
,,,,0.1142578125,,0.9921875,,0.0998263880610466,,1.0,,,6090,,,,
,,,,0.2136591374874115,,0.9956140518188477,,0.2291666567325592,,0.9912281036376953,,,6091,,,,
,,,,0.0859375,,1.0,,0.0763888880610466,,0.9921875,,,6092,,,,
,,,,0.0885416641831398,,0.9921875,,0.08437500149011612,,0.9765625,,,6093,,,,
,,,,0.2820512652397156,,0.9791666269302368,,0.24038460850715637,,1.0,,,6094,,,,
,,,,0.23046875,,1.0,,0.232421875,,1.0,,,6095,,,,
,,,,0.1104910746216774,,0.9921875,,0.1138392835855484,,1.0,,,6096,,,,
,,,,0.26657378673553467,,0.977708101272583,,0.22416281700134277,,0.9726575613021851,,,6097,,,,
,,,,0.1116071417927742,,0.9921875,,0.1138392835855484,,0.9921875,,,6098,,,,
,,,,0.095703125,,0.984375,,0.1025390625,,0.9765625,,,6099,,,,
,,,,0.15625,,0.96875,,0.1788194477558136,,0.9765625,,,6100,,,,
,,,,0.103515625,,0.9921875,,0.0920138880610466,,0.9765625,,,6101,,,,
,,,,0.1272321492433548,,0.9921875,,0.1283482164144516,,1.0,,,6102,,,,
,,,,0.22300440073013306,,0.9771376848220825,,0.21570652723312378,,0.9771376848220825,,,6103,,,,
,,,,0.1272321492433548,,1.0,,0.1103515625,,1.0,,,6104,,,,
,,,,0.1536458283662796,,0.984375,,0.1484375,,0.9765625,,,6105,,,,
,,,,0.12100840359926224,,0.9764705896377563,,0.1260504275560379,,0.9647058844566345,,,6106,,,,
196,0.8186393976211548,0.813058614730835,0.8222277164459229,,0.9877715110778809,,0.8203363418579102,,0.9826338291168213,,,,14380,,,,
196,,,,,,,,,,,0.08843731880187988,1.4242160320281982,14380,0.5437776446342468,,0.6004009246826172,
197,,,,,,,,,,,,,14399,,0.5778135061264038,,0.6416146755218506
197,,,,,,,,,,,,,14449,,0.5061502456665039,,0.5270755290985107
,,,,0.1432291716337204,,0.96875,,0.140625,,0.96875,,,6107,,,,
,,,,0.1205357164144516,,0.9765625,,0.1138392835855484,,0.9609375,,,6108,,,,
,,,,0.1341145783662796,,0.9765625,,0.1354166716337204,,0.9765625,,,6109,,,,
,,,,0.2639999985694885,,0.9959999918937683,,0.2290000021457672,,0.9880000352859497,,,6110,,,,
,,,,0.1261160671710968,,0.9921875,,0.1419270783662796,,0.9765625,,,6111,,,,
,,,,0.1316964328289032,,0.9921875,,0.1261160671710968,,0.9921875,,,6112,,,,
,,,,0.1849067211151123,,0.9956140518188477,,0.19360902905464172,,0.9956140518188477,,,6113,,,,
,,,,0.1103515625,,0.9921875,,0.10546875,,0.9765625,,,6114,,,,
,,,,0.1830546259880066,,0.991304337978363,,0.24013377726078033,,0.991304337978363,,,6115,,,,
,,,,0.06093750149011612,,0.9921875,,0.06640625,,0.96875,,,6116,,,,
,,,,0.06718750298023224,,1.0,,0.07890625298023224,,0.9921875,,,6117,,,,
,,,,0.1678321659564972,,1.0,,0.19217818975448608,,1.0,,,6118,,,,
,,,,0.1123046875,,0.984375,,0.1510416716337204,,0.984375,,,6119,,,,
,,,,0.1272321492433548,,0.9921875,,0.1510416716337204,,0.984375,,,6120,,,,
,,,,0.1261160671710968,,0.984375,,0.1083984375,,0.984375,,,6121,,,,
,,,,0.2465091347694397,,0.9956140518188477,,0.2466881424188614,,0.9824561476707458,,,6122,,,,
,,,,0.06953124701976776,,1.0,,0.08203125,,0.9765625,,,6123,,,,
,,,,0.07890625298023224,,0.984375,,0.078125,,0.984375,,,6124,,,,
,,,,0.22275641560554504,,0.9743589758872986,,0.2380952388048172,,0.9791666269302368,,,6125,,,,
,,,,0.18906250596046448,,1.0,,0.232421875,,0.9921875,,,6126,,,,
,,,,0.1171875,,0.9921875,,0.1183035746216774,,1.0,,,6127,,,,
,,,,0.22993481159210205,,0.9625566005706787,,0.19614246487617493,,0.9646464586257935,,,6128,,,,
,,,,0.0986328125,,0.9921875,,0.1127232164144516,,0.9765625,,,6129,,,,
,,,,0.07343749701976776,,0.9453125,,0.0927734375,,0.96875,,,6130,,,,
,,,,0.16093748807907104,,0.9765625,,0.15468749403953552,,0.96875,,,6131,,,,
,,,,0.08203125,,0.984375,,0.103515625,,0.96875,,,6132,,,,
,,,,0.1305803507566452,,1.0,,0.111328125,,1.0,,,6133,,,,
,,,,0.19822612404823303,,0.9936708807945251,,0.21315550804138184,,0.9771376848220825,,,6134,,,,
,,,,0.1510416716337204,,1.0,,0.1294642835855484,,0.9921875,,,6135,,,,
,,,,0.15234375,,0.984375,,0.1471354216337204,,0.984375,,,6136,,,,
,,,,0.0788235291838646,,0.9764705896377563,,0.10294117778539658,,0.9882352948188782,,,6137,,,,
197,0.8112095594406128,0.8094857931137085,0.8326164484024048,,0.9868866801261902,,0.823514461517334,,0.9807832837104797,,,,14453,,,,
197,,,,,,,,,,,0.08923328667879105,1.4258347749710083,14453,0.5424052476882935,,0.6018146872520447,
198,,,,,,,,,,,,,14499,,0.5706803798675537,,0.6429483890533447
,,,,0.1216517835855484,,0.9765625,,0.140625,,0.9453125,,,6138,,,,
,,,,0.1328125,,0.984375,,0.1149553582072258,,0.96875,,,6139,,,,
,,,,0.16093750298023224,,0.9765625,,0.16718749701976776,,0.9609375,,,6140,,,,
,,,,0.19822221994400024,,0.9959999918937683,,0.20088890194892883,,0.9959999918937683,,,6141,,,,
,,,,0.17499999701976776,,1.0,,0.1497395783662796,,0.984375,,,6142,,,,
,,,,0.17499999701976776,,0.9921875,,0.1103515625,,0.984375,,,6143,,,,
,,,,0.17418545484542847,,0.9912281036376953,,0.18483708798885345,,0.9598997235298157,,,6144,,,,
,,,,0.09375,,0.984375,,0.0902777761220932,,0.96875,,,6145,,,,
,,,,0.2772575318813324,,0.991304337978363,,0.2351648360490799,,0.9869564771652222,,,6146,,,,
,,,,0.0824652761220932,,0.9765625,,0.0771484375,,0.9765625,,,6147,,,,
,,,,0.0824652761220932,,1.0,,0.0737847238779068,,0.9765625,,,6148,,,,
,,,,0.2013295292854309,,1.0,,0.16923077404499054,,1.0,,,6149,,,,
,,,,0.15625,,1.0,,0.15625,,1.0,,,6150,,,,
,,,,0.23828125,,0.9921875,,0.23828125,,0.9921875,,,6151,,,,
,,,,0.19218750298023224,,1.0,,0.15625,,0.9921875,,,6152,,,,
,,,,0.2518796920776367,,0.9912281036376953,,0.2878028154373169,,0.9868420958518982,,,6153,,,,
,,,,0.0694444477558136,,0.984375,,0.0720486119389534,,0.984375,,,6154,,,,
,,,,0.07656250149011612,,0.9921875,,0.0850694477558136,,0.9765625,,,6155,,,,
,,,,0.33589744567871094,,0.9791666269302368,,0.27831196784973145,,0.9791666269302368,,,6156,,,,
,,,,0.18593749403953552,,1.0,,0.234375,,1.0,,,6157,,,,
,,,,0.1315104216337204,,1.0,,0.12890625,,1.0,,,6158,,,,
,,,,0.27162426710128784,,0.994949460029602,,0.27330780029296875,,0.9848484992980957,,,6159,,,,
,,,,0.1015625,,0.9921875,,0.1205357164144516,,0.9921875,,,6160,,,,
,,,,0.09375,,0.953125,,0.0986328125,,0.96875,,,6161,,,,
,,,,0.15468749403953552,,0.9609375,,0.1753472238779068,,0.9609375,,,6162,,,,
,,,,0.0911458358168602,,0.96875,,0.0911458358168602,,0.9609375,,,6163,,,,
,,,,0.1216517835855484,,0.9765625,,0.1205357164144516,,0.9765625,,,6164,,,,
,,,,0.2188710868358612,,0.9644794464111328,,0.243606299161911,,0.9771376848220825,,,6165,,,,
,,,,0.1064453125,,0.9921875,,0.1194196417927742,,0.9921875,,,6166,,,,
,,,,0.14453125,,0.9921875,,0.140625,,0.984375,,,6167,,,,
,,,,0.10147058963775635,,0.9647058844566345,,0.11932773143053055,,0.9647058844566345,,,6168,,,,
198,0.8076152801513672,0.8032782077789307,0.8218709230422974,,0.985755443572998,,0.8132147789001465,,0.9803264141082764,,,,14526,,,,
198,,,,,,,,,,,0.08852707594633102,1.4224636554718018,14526,0.5456855893135071,,0.6045580506324768,
199,,,,,,,,,,,,,14549,,0.42226290702819824,,0.4999066889286041
199,,,,,,,,,,,,,14599,,0.5565280318260193,,0.5785057544708252
,,,,0.1103515625,,0.9765625,,0.1484375,,0.96875,,,6169,,,,
,,,,0.1484375,,0.9921875,,0.1205357164144516,,0.9765625,,,6170,,,,
,,,,0.1432291716337204,,0.984375,,0.140625,,0.9921875,,,6171,,,,
,,,,0.2280000001192093,,0.9959999918937683,,0.2290000021457672,,0.9959999918937683,,,6172,,,,
,,,,0.1419270783662796,,0.984375,,0.171875,,0.9609375,,,6173,,,,
,,,,0.125,,0.9921875,,0.1103515625,,0.984375,,,6174,,,,
,,,,0.15751880407333374,,0.9956140518188477,,0.1958020031452179,,0.9956140518188477,,,6175,,,,
,,,,0.0980902761220932,,0.9921875,,0.1272321492433548,,0.9765625,,,6176,,,,
,,,,0.24634495377540588,,0.991304337978363,,0.24137601256370544,,0.9869564771652222,,,6177,,,,
,,,,0.06875000149011612,,0.984375,,0.0737847238779068,,0.9921875,,,6178,,,,
,,,,0.0789930522441864,,1.0,,0.0789930522441864,,0.984375,,,6179,,,,
,,,,0.16526806354522705,,1.0,,0.16355866193771362,,1.0,,,6180,,,,
,,,,0.115234375,,1.0,,0.1142578125,,1.0,,,6181,,,,
,,,,0.1294642835855484,,0.9921875,,0.1305803507566452,,0.9921875,,,6182,,,,
,,,,0.1316964328289032,,0.9921875,,0.11328125,,1.0,,,6183,,,,
,,,,0.21475563943386078,,0.9912281036376953,,0.21929824352264404,,0.9736841917037964,,,6184,,,,
,,,,0.0729166641831398,,0.9765625,,0.06328125298023224,,0.9609375,,,6185,,,,
,,,,0.0842013880610466,,0.984375,,0.07421875,,0.9765625,,,6186,,,,
,,,,0.20993590354919434,,0.9791666269302368,,0.18767806887626648,,1.0,,,6187,,,,
,,,,0.1339285671710968,,1.0,,0.1875,,0.9921875,,,6188,,,,
,,,,0.1183035746216774,,0.9921875,,0.1160714253783226,,1.0,,,6189,,,,
,,,,0.2598397731781006,,0.994949460029602,,0.22271981835365295,,0.9797979593276978,,,6190,,,,
,,,,0.1116071417927742,,0.9765625,,0.1276041716337204,,0.9765625,,,6191,,,,
,,,,0.0833333358168602,,0.9765625,,0.07500000298023224,,0.9765625,,,6192,,,,
,,,,0.15625,,0.96875,,0.171875,,0.9609375,,,6193,,,,
,,,,0.103515625,,0.9765625,,0.103515625,,0.9609375,,,6194,,,,
,,,,0.11328125,,1.0,,0.109375,,0.984375,,,6195,,,,
,,,,0.1922845095396042,,0.9771376848220825,,0.25264787673950195,,0.9873417615890503,,,6196,,,,
,,,,0.125,,0.9921875,,0.1261160671710968,,0.9921875,,,6197,,,,
,,,,0.1103515625,,0.984375,,0.1283482164144516,,0.96875,,,6198,,,,
,,,,0.09150326997041702,,0.9647058844566345,,0.10735294222831726,,0.9882352948188782,,,6199,,,,
199,0.8122860789299011,0.810531735420227,0.8293613195419312,,0.9873126745223999,,0.8236703872680664,,0.9817047119140625,,,,14599,,,,
199,,,,,,,,,,,0.0872342586517334,1.4180489778518677,14599,0.5350794196128845,,0.5963046550750732,
200,,,,,,,,,,,,,14649,,0.5722830295562744,,0.6073959469795227
,,,,0.1484375,,0.96875,,0.17343750596046448,,0.96875,,,6200,,,,
,,,,0.1183035746216774,,0.984375,,0.1104910746216774,,0.9609375,,,6201,,,,
,,,,0.1216517835855484,,0.984375,,0.1380208283662796,,0.9765625,,,6202,,,,
,,,,0.2290000021457672,,0.9880000352859497,,0.2280000001192093,,0.9959999918937683,,,6203,,,,
,,,,0.1216517835855484,,0.984375,,0.1083984375,,0.953125,,,6204,,,,
,,,,0.1083984375,,0.9921875,,0.1194196417927742,,0.9765625,,,6205,,,,
,,,,0.1769701987504959,,0.9956140518188477,,0.2212674617767334,,0.9956140518188477,,,6206,,,,
,,,,0.1103515625,,0.984375,,0.1227678582072258,,0.9765625,,,6207,,,,
,,,,0.21555183827877045,,0.991304337978363,,0.197250097990036,,0.991304337978363,,,6208,,,,
,,,,0.06562499701976776,,0.984375,,0.06484375149011612,,0.9921875,,,6209,,,,
,,,,0.06718750298023224,,0.9921875,,0.07421875,,0.9921875,,,6210,,,,
,,,,0.17094017565250397,,0.995726466178894,,0.18173184990882874,,1.0,,,6211,,,,
,,,,0.115234375,,1.0,,0.1536458283662796,,0.984375,,,6212,,,,
,,,,0.1294642835855484,,1.0,,0.1283482164144516,,0.984375,,,6213,,,,
,,,,0.1272321492433548,,0.9921875,,0.1510416716337204,,0.9921875,,,6214,,,,
,,,,0.2994987368583679,,0.9956140518188477,,0.25295382738113403,,0.9956140518188477,,,6215,,,,
,,,,0.07421875,,0.984375,,0.0824652761220932,,0.9765625,,,6216,,,,
,,,,0.0902777761220932,,0.984375,,0.08124999701976776,,0.984375,,,6217,,,,
,,,,0.20873397588729858,,0.9743589758872986,,0.2788461446762085,,0.9743589758872986,,,6218,,,,
,,,,0.23046875,,1.0,,0.1549479216337204,,0.9921875,,,6219,,,,
,,,,0.1149553582072258,,0.9921875,,0.1149553582072258,,1.0,,,6220,,,,
,,,,0.2615232765674591,,0.977708101272583,,0.22127680480480194,,0.977708101272583,,,6221,,,,
,,,,0.1160714253783226,,0.9921875,,0.1160714253783226,,0.9921875,,,6222,,,,
,,,,0.0927734375,,0.9765625,,0.0947265625,,0.9609375,,,6223,,,,
,,,,0.1788194477558136,,0.96875,,0.197265625,,0.96875,,,6224,,,,
,,,,0.1064453125,,0.96875,,0.0946180522441864,,0.9765625,,,6225,,,,
,,,,0.1283482164144516,,0.984375,,0.1283482164144516,,0.984375,,,6226,,,,
,,,,0.22361792623996735,,0.9771376848220825,,0.21535134315490723,,0.9834668040275574,,,6227,,,,
,,,,0.107421875,,0.9921875,,0.111328125,,0.9921875,,,6228,,,,
,,,,0.1083984375,,0.9765625,,0.107421875,,0.96875,,,6229,,,,
,,,,0.08758170157670975,,0.9764705896377563,,0.09281045943498611,,0.9647058844566345,,,6230,,,,
200,0.8093130588531494,0.8132117986679077,0.8304607272148132,,0.9854546785354614,,0.8251232504844666,,0.9819257855415344,,,,14672,,,,
200,,,,,,,,,,,0.08775225281715393,1.4093937873840332,14672,0.5400109887123108,,0.5963402986526489,
201,,,,,,,,,,,,,14699,,0.5564175844192505,,0.6403836011886597
,,,,0.1261160671710968,,0.9765625,,0.17499999701976776,,0.9765625,,,6231,,,,
,,,,0.1393229216337204,,0.96875,,0.1328125,,0.96875,,,6232,,,,
,,,,0.1380208283662796,,0.9609375,,0.16718749701976776,,0.953125,,,6233,,,,
,,,,0.21700000762939453,,0.9800000190734863,,0.25371429324150085,,0.9880000352859497,,,6234,,,,
,,,,0.1104910746216774,,0.9453125,,0.0986328125,,0.9609375,,,6235,,,,
,,,,0.1005859375,,0.984375,,0.1149553582072258,,0.9765625,,,6236,,,,
,,,,0.22627997398376465,,0.9956140518188477,,0.176848366856575,,0.9956140518188477,,,6237,,,,
,,,,0.1510416716337204,,0.9921875,,0.1103515625,,0.9921875,,,6238,,,,
,,,,0.2365981936454773,,0.9956521987915039,,0.24137601256370544,,0.991304337978363,,,6239,,,,
,,,,0.07187499850988388,,0.9921875,,0.07890625298023224,,0.9921875,,,6240,,,,
,,,,0.0703125,,0.9921875,,0.0850694477558136,,0.9921875,,,6241,,,,
,,,,0.16954156756401062,,0.995726466178894,,0.18397653102874756,,1.0,,,6242,,,,
,,,,0.1294642835855484,,1.0,,0.1272321492433548,,0.984375,,,6243,,,,
,,,,0.1283482164144516,,0.9921875,,0.1261160671710968,,0.984375,,,6244,,,,
,,,,0.1083984375,,0.9921875,,0.1238839253783226,,0.9765625,,,6245,,,,
,,,,0.2136591374874115,,0.9868420958518982,,0.1860206127166748,,0.9780701398849487,,,6246,,,,
,,,,0.080078125,,0.9765625,,0.0659722238779068,,0.96875,,,6247,,,,
,,,,0.0859375,,0.984375,,0.0850694477558136,,0.984375,,,6248,,,,
,,,,0.244047611951828,,0.9791666269302368,,0.23946885764598846,,0.9791666269302368,,,6249,,,,
,,,,0.15625,,1.0,,0.18593749403953552,,1.0,,,6250,,,,
,,,,0.1238839253783226,,1.0,,0.1205357164144516,,1.0,,,6251,,,,
,,,,0.26657378673553467,,0.982758641242981,,0.26489028334617615,,0.994949460029602,,,6252,,,,
,,,,0.1116071417927742,,1.0,,0.1302083283662796,,0.9921875,,,6253,,,,
,,,,0.095703125,,0.984375,,0.09375,,0.9921875,,,6254,,,,
,,,,0.1805555522441864,,0.9765625,,0.171875,,0.96875,,,6255,,,,
,,,,0.1044921875,,0.9921875,,0.0911458358168602,,0.96875,,,6256,,,,
,,,,0.1305803507566452,,1.0,,0.1283482164144516,,0.984375,,,6257,,,,
,,,,0.22458666563034058,,0.9771376848220825,,0.19595855474472046,,0.9669336080551147,,,6258,,,,
,,,,0.1272321492433548,,1.0,,0.125,,1.0,,,6259,,,,
,,,,0.1272321492433548,,0.984375,,0.1064453125,,0.984375,,,6260,,,,
,,,,0.1670588254928589,,0.9882352948188782,,0.10588235408067703,,0.9764705896377563,,,6261,,,,
201,0.8212974071502686,0.8160085678100586,0.826435387134552,,0.9857122898101807,,0.8195250034332275,,0.9822102189064026,,,,14745,,,,
201,,,,,,,,,,,0.08780241757631302,1.4185974597930908,14745,0.5266157388687134,,0.5845691561698914,
202,,,,,,,,,,,,,14749,,0.5186346173286438,,0.5778516530990601
202,,,,,,,,,,,,,14799,,0.5138921141624451,,0.5846285223960876
,,,,0.1064453125,,0.984375,,0.10546875,,0.984375,,,6262,,,,
,,,,0.1432291716337204,,0.984375,,0.1302083283662796,,0.984375,,,6263,,,,
,,,,0.16093750298023224,,0.9765625,,0.201171875,,0.984375,,,6264,,,,
,,,,0.18133333325386047,,0.9919999837875366,,0.187333345413208,,0.9919999837875366,,,6265,,,,
,,,,0.1064453125,,1.0,,0.1064453125,,0.9765625,,,6266,,,,
,,,,0.1272321492433548,,0.9765625,,0.1064453125,,0.9765625,,,6267,,,,
,,,,0.1496240496635437,,0.9780701398849487,,0.20497673749923706,,0.9868420958518982,,,6268,,,,
,,,,0.09375,,0.984375,,0.10546875,,0.9765625,,,6269,,,,
,,,,0.2486383318901062,,0.991304337978363,,0.2025083601474762,,0.991304337978363,,,6270,,,,
,,,,0.0927734375,,1.0,,0.0763888880610466,,0.984375,,,6271,,,,
,,,,0.0703125,,1.0,,0.0842013880610466,,0.9921875,,,6272,,,,
,,,,0.18205128610134125,,0.995726466178894,,0.1738150715827942,,1.0,,,6273,,,,
,,,,0.0980902761220932,,1.0,,0.0989583358168602,,0.9921875,,,6274,,,,
,,,,0.115234375,,0.9921875,,0.1328125,,0.9921875,,,6275,,,,
,,,,0.1123046875,,0.984375,,0.1294642835855484,,1.0,,,6276,,,,
,,,,0.2036340832710266,,0.9912281036376953,,0.1928432136774063,,0.9912281036376953,,,6277,,,,
,,,,0.06328125298023224,,0.9765625,,0.06484375149011612,,0.96875,,,6278,,,,
,,,,0.07656250149011612,,0.9765625,,0.0824652761220932,,0.9765625,,,6279,,,,
,,,,0.2339743673801422,,0.9791666269302368,,0.23672160506248474,,0.9743589758872986,,,6280,,,,
,,,,0.15234375,,1.0,,0.1796875,,1.0,,,6281,,,,
,,,,0.16249999403953552,,1.0,,0.1341145783662796,,1.0,,,6282,,,,
,,,,0.27330780029296875,,0.977708101272583,,0.2342638224363327,,0.9797979593276978,,,6283,,,,
,,,,0.1171875,,0.984375,,0.103515625,,0.9765625,,,6284,,,,
,,,,0.0876736119389534,,0.984375,,0.0902777761220932,,0.9609375,,,6285,,,,
,,,,0.1736111044883728,,0.9765625,,0.1788194477558136,,0.9609375,,,6286,,,,
,,,,0.10546875,,0.9765625,,0.10546875,,0.9765625,,,6287,,,,
,,,,0.109375,,0.984375,,0.125,,0.9609375,,,6288,,,,
,,,,0.2613942623138428,,0.9771376848220825,,0.19400671124458313,,0.9606045484542847,,,6289,,,,
,,,,0.109375,,1.0,,0.1484375,,0.9921875,,,6290,,,,
,,,,0.1238839253783226,,0.984375,,0.1064453125,,0.984375,,,6291,,,,
,,,,0.10147058963775635,,0.9764705896377563,,0.08117647469043732,,0.9882352948188782,,,6292,,,,
202,0.8106415867805481,0.813870370388031,0.8232554197311401,,0.9859008193016052,,0.8186919093132019,,0.9817335605621338,,,,14818,,,,
202,,,,,,,,,,,0.08723539859056473,1.4085108041763306,14818,0.5249200463294983,,0.5816845297813416,
203,,,,,,,,,,,,,14849,,0.4845150411128998,,0.530689001083374
,,,,0.1183035746216774,,0.9765625,,0.16718749701976776,,0.9609375,,,6293,,,,
,,,,0.1149553582072258,,0.984375,,0.1116071417927742,,0.9765625,,,6294,,,,
,,,,0.1341145783662796,,0.9609375,,0.1354166716337204,,0.9765625,,,6295,,,,
,,,,0.22699999809265137,,1.0,,0.23199999332427979,,0.9880000352859497,,,6296,,,,
,,,,0.14453125,,1.0,,0.125,,0.984375,,,6297,,,,
,,,,0.1272321492433548,,0.984375,,0.125,,0.9921875,,,6298,,,,
,,,,0.16819827258586884,,0.9956140518188477,,0.189223051071167,,0.9956140518188477,,,6299,,,,
,,,,0.10546875,,0.9921875,,0.0946180522441864,,0.9765625,,,6300,,,,
,,,,0.23764930665493011,,0.9956521987915039,,0.18580453097820282,,0.9956521987915039,,,6301,,,,
,,,,0.0789930522441864,,0.9921875,,0.0703125,,0.9765625,,,6302,,,,
,,,,0.06875000149011612,,1.0,,0.07343749701976776,,0.9765625,,,6303,,,,
,,,,0.1786324828863144,,1.0,,0.17777778208255768,,1.0,,,6304,,,,
,,,,0.1015625,,0.9921875,,0.1142578125,,0.9765625,,,6305,,,,
,,,,0.1316964328289032,,1.0,,0.1328125,,0.9921875,,,6306,,,,
,,,,0.1272321492433548,,0.9921875,,0.1272321492433548,,0.9921875,,,6307,,,,
,,,,0.22368422150611877,,0.9868420958518982,,0.22587719559669495,,0.9912281036376953,,,6308,,,,
,,,,0.06484375149011612,,0.9453125,,0.06875000149011612,,0.9765625,,,6309,,,,
,,,,0.0842013880610466,,0.9765625,,0.07890625298023224,,0.9765625,,,6310,,,,
,,,,0.24130037426948547,,0.9791666269302368,,0.2820512652397156,,0.9647436141967773,,,6311,,,,
,,,,0.236328125,,1.0,,0.18281249701976776,,1.0,,,6312,,,,
,,,,0.1194196417927742,,1.0,,0.1127232164144516,,1.0,,,6313,,,,
,,,,0.2256058156490326,,0.9676071405410767,,0.22416281700134277,,0.9676071405410767,,,6314,,,,
,,,,0.0947265625,,0.9921875,,0.0927734375,,0.9921875,,,6315,,,,
,,,,0.078125,,0.96875,,0.0798611119389534,,0.96875,,,6316,,,,
,,,,0.1649305522441864,,0.9765625,,0.1684027761220932,,0.96875,,,6317,,,,
,,,,0.10546875,,0.9765625,,0.0928819477558136,,0.9765625,,,6318,,,,
,,,,0.0989583358168602,,1.0,,0.11328125,,0.984375,,,6319,,,,
,,,,0.21851588785648346,,0.9834668040275574,,0.24792411923408508,,0.9771376848220825,,,6320,,,,
,,,,0.1064453125,,0.9921875,,0.1238839253783226,,0.9921875,,,6321,,,,
,,,,0.0954861119389534,,0.9765625,,0.1083984375,,0.9765625,,,6322,,,,
,,,,0.10588235408067703,,0.9647058844566345,,0.14705882966518402,,0.9764705896377563,,,6323,,,,
203,0.8066695928573608,0.808373212814331,0.816524863243103,,0.9858078956604004,,0.8179884552955627,,0.9817115068435669,,,,14891,,,,
203,,,,,,,,,,,0.08688092976808548,1.412042498588562,14891,0.53692227602005,,0.5915093421936035,
204,,,,,,,,,,,,,14899,,0.532216489315033,,0.655160665512085
204,,,,,,,,,,,,,14949,,0.5589560270309448,,0.6297807693481445
,,,,0.107421875,,0.9609375,,0.08671875298023224,,0.953125,,,6324,,,,
,,,,0.1183035746216774,,0.9765625,,0.1149553582072258,,0.9609375,,,6325,,,,
,,,,0.1216517835855484,,0.984375,,0.1380208283662796,,0.9609375,,,6326,,,,
,,,,0.22600001096725464,,1.0,,0.25371429324150085,,0.9679999947547913,,,6327,,,,
,,,,0.0928819477558136,,0.984375,,0.1044921875,,0.96875,,,6328,,,,
,,,,0.1064453125,,0.9921875,,0.1015625,,0.984375,,,6329,,,,
,,,,0.2124060094356537,,0.9956140518188477,,0.1958020031452179,,0.9956140518188477,,,6330,,,,
,,,,0.1316964328289032,,0.9921875,,0.1261160671710968,,0.9921875,,,6331,,,,
,,,,0.2488294243812561,,0.9956521987915039,,0.235355943441391,,0.991304337978363,,,6332,,,,
,,,,0.05859375,,0.953125,,0.05703125149011612,,0.9765625,,,6333,,,,
,,,,0.0668402761220932,,0.984375,,0.0694444477558136,,0.9921875,,,6334,,,,
,,,,0.16581197082996368,,0.995726466178894,,0.17888285219669342,,1.0,,,6335,,,,
,,,,0.1549479216337204,,0.984375,,0.1549479216337204,,0.984375,,,6336,,,,
,,,,0.1272321492433548,,1.0,,0.1294642835855484,,0.984375,,,6337,,,,
,,,,0.1006944477558136,,0.984375,,0.1294642835855484,,0.9921875,,,6338,,,,
,,,,0.20272904634475708,,0.9956140518188477,,0.25420695543289185,,0.9912281036376953,,,6339,,,,
,,,,0.0755208358168602,,0.9921875,,0.06796874850988388,,0.9921875,,,6340,,,,
,,,,0.0902777761220932,,0.9921875,,0.08203125,,1.0,,,6341,,,,
,,,,0.23260071873664856,,0.9791666269302368,,0.20873397588729858,,0.9487179517745972,,,6342,,,,
,,,,0.1283482164144516,,1.0,,0.1272321492433548,,1.0,,,6343,,,,
,,,,0.1393229216337204,,0.9921875,,0.1393229216337204,,0.9921875,,,6344,,,,
,,,,0.27330780029296875,,0.977708101272583,,0.2766748070716858,,0.994949460029602,,,6345,,,,
,,,,0.0966796875,,1.0,,0.1015625,,1.0,,,6346,,,,
,,,,0.0885416641831398,,0.96875,,0.1025390625,,0.9765625,,,6347,,,,
,,,,0.1788194477558136,,0.9765625,,0.1857638955116272,,0.9609375,,,6348,,,,
,,,,0.1064453125,,0.9765625,,0.1216517835855484,,0.984375,,,6349,,,,
,,,,0.1283482164144516,,0.9921875,,0.111328125,,0.9765625,,,6350,,,,
,,,,0.255563348531723,,0.9834668040275574,,0.2004936933517456,,0.9669336080551147,,,6351,,,,
,,,,0.1272321492433548,,1.0,,0.1103515625,,0.9921875,,,6352,,,,
,,,,0.1261160671710968,,0.984375,,0.1272321492433548,,0.984375,,,6353,,,,
,,,,0.09673202782869339,,1.0,,0.12268907576799393,,0.9647058844566345,,,6354,,,,
204,0.812355637550354,0.8123166561126709,0.8274697065353394,,0.9870216250419617,,0.8248656988143921,,0.9809004068374634,,,,14964,,,,
204,,,,,,,,,,,0.0881543904542923,1.4054607152938843,14964,0.5333307385444641,,0.5896519422531128,
